"id_transakce","cislo_faktury","id_objednavky","objednano_at","prodano_at","datum_dodani","id_odberatele","nazev_odberatele","segment_odberatele","ico_odberatele","dic_odberatele","mesto_odberatele","kraj_odberatele","psc_odberatele","gps_lat","gps_lon","prodejni_kanal","uroven_smlouvy","id_produktu","sku","nazev_produktu","kategorie_produktu","varianta_produktu","merna_jednotka","kusu_v_baleni","trvanlivost_dni","cislo_sarze","id_dodavatele","nazev_dodavatele","ico_dodavatele","zeme_puvodu","id_skladu","nazev_skladu","zona_skladu","kod_trasy","mnozstvi_objednano","mnozstvi_prodano","mnozstvi_vraceno","mnozstvi_odpis","zasoba_pred","zasoba_po","jednotkova_cena_bez_dph_czk","sleva_pct","sazba_dph_pct","trzba_bez_dph_czk","trzba_s_dph_czk","naklad_na_zbozi_czk","hruba_marze_czk","splatnost_dni","stav_platby","stav_transakce","promo_flag","nazev_promo","den_v_tydnu","vikend_flag","statni_svatek_flag","teplota_c","srazky_mm","zpozdeni_dodani_min","poznamka"
"TX-2025-000001","FV-2025-000001","ORD-2025-000001","2024-12-30T14:55:00","2025-01-01T04:12:00","2025-01-01","C001","LIDL Mock CR s.r.o.","retail_retezec","99910001","CZ99910001","Praha","Hlavni mesto Praha","15800",50.0525,14.3254,"EDI","platinum","P008","PEC-KOB-060","Kobliha s marmeladou 60 g","jemne_pecivo","merunkova","ks",30,2,"LOT-20250101-S003-910","S003","Slezska pekarna s.r.o. (mock)","99820003","CZ","WH01","DC Praha-Jinonice (mock)","C-JEMNE","PRG-C001-STR",1260,1260,15,0,1567,322,15.26,9.14,12,17262.22,19333.69,10841.74,6420.48,30,"uhrazeno","dodano",false,"","streda",false,true,-5.3,0,14,""
"TX-2025-000002","FV-2025-000002","ORD-2025-000002","2024-12-29T15:06:00","2025-01-01T10:35:00","2025-01-01","C004","TESCO Mock Stores CR a.s.","retail_retezec","99910004","CZ99910004","Ostrava","Moravskoslezsky kraj","70030",49.7854,18.2741,"EDI","gold","P001","PEC-ROH-043","Rohlik tukovy 43 g","bezne_pecivo","klasicky","ks",50,1,"LOT-20250101-S001-968","S001","Pekarna Slunce s.r.o. (mock)","99820001","CZ","WH03","DC Ostrava-Hrabova (mock)","B-BEZNE","OVA-C004-STR",1950,1950,0,25,3470,1520,3.18,20.99,12,4899.41,5487.34,3593.06,1306.35,30,"uhrazeno","dodano",true,"Akce pecivo -15 %","streda",false,true,-1.4,2.9,6,""
"TX-2025-000003","FV-2025-000003","ORD-2025-000003","2024-12-29T14:00:00","2025-01-01T06:33:00","2025-01-01","C006","Rohlik.cz Mock a.s.","ecommerce","99910006","CZ99910006","Praha","Hlavni mesto Praha","18600",50.1008,14.4749,"API_B2B","platinum","P009","PEC-VEC-360","Veka tukova 360 g","chleb","klasicka","ks",14,3,"LOT-20250101-S001-822","S001","Pekarna Slunce s.r.o. (mock)","99820001","CZ","WH01","DC Praha-Jinonice (mock)","A-CHLEB","PRG-C006-STR",98,98,1,0,166,69,30.23,9.14,12,2664.3,2984.02,1712.91,951.39,14,"uhrazeno","dodano",false,"","streda",false,true,-4.2,0,-7,""
"TX-2025-000004","FV-2025-000004","ORD-2025-000004","2024-12-31T14:49:00","2025-01-01T05:18:00","2025-01-01","C011","Fakultni nemocnice Demo (mock)","verejny_sektor","99910011","CZ99910011","Hradec Kralove","Kralovehradecky kraj","50005",50.1956,15.8328,"email","silver","P001","PEC-ROH-043","Rohlik tukovy 43 g","bezne_pecivo","klasicky","ks",50,1,"LOT-20250101-S002-614","S002","Moravske pecivo a.s. (mock)","99820002","CZ","WH01","DC Praha-Jinonice (mock)","B-BEZNE","PRG-C011-STR",150,150,3,0,858,711,3.21,4.02,12,452.9,507.25,265.86,187.04,30,"uhrazeno","dodano",false,"","streda",false,true,1.7,11.1,1,""
"TX-2025-000005","FV-2025-000005","ORD-2025-000005","2024-12-31T09:19:00","2025-01-02T06:19:00","2025-01-02","C002","ALBERT Mock Retail s.r.o.","retail_retezec","99910002","CZ99910002","Praha","Hlavni mesto Praha","10000",50.0724,14.4907,"EDI","platinum","P001","PEC-ROH-043","Rohlik tukovy 43 g","bezne_pecivo","klasicky","ks",50,1,"LOT-20250102-S001-289","S001","Pekarna Slunce s.r.o. (mock)","99820001","CZ","WH01","DC Praha-Jinonice (mock)","B-BEZNE","PRG-C002-CTV",1750,1750,0,0,3146,1396,3.25,8.6,12,5198.38,5822.19,3381.7,1816.68,30,"uhrazeno","dodano",false,"","ctvrtek",false,false,2.4,0,12,""
"TX-2025-000006","FV-2025-000006","ORD-2025-000006","2024-12-31T13:33:00","2025-01-02T10:59:00","2025-01-02","C003","KAUFLAND Mock CR v.o.s.","retail_retezec","99910003","CZ99910003","Brno","Jihomoravsky kraj","62700",49.1678,16.6827,"EDI","platinum","P002","PEC-ROH-055-CZ","Rohlik celozrnny 55 g","bezne_pecivo","celozrnny","ks",40,2,"LOT-20250102-S002-341","S002","Moravske pecivo a.s. (mock)","99820002","CZ","WH02","DC Brno-Slatina (mock)","B-BEZNE","BRN-C003-CTV",1040,1040,0,1,2512,1472,6.43,8.14,12,6142.86,6880,3649.78,2493.08,30,"uhrazeno","dodano",false,"","ctvrtek",false,false,-1.4,0,-15,""
"TX-2025-000007","FV-2025-000007","ORD-2025-000007","2024-12-30T14:48:00","2025-01-02T09:17:00","2025-01-02","C008","BILLA Mock, spol. s r.o.","retail_retezec","99910008","CZ99910008","Modletice","Stredocesky kraj","25101",49.9708,14.5852,"EDI","gold","P011","PEC-HOU-060","Houska psenicna 60 g","bezne_pecivo","klasicka","ks",40,2,"LOT-20250102-S003-605","S003","Slezska pekarna s.r.o. (mock)","99820003","CZ","WH01","DC Praha-Jinonice (mock)","B-BEZNE","PRG-C008-CTV",800,800,0,0,1983,1183,5.5,6.66,12,4106.96,4599.8,2508.62,1598.34,30,"uhrazeno","dodano",false,"","ctvrtek",false,false,3.9,1,10,""
"TX-2025-000008","FV-2025-000008","ORD-2025-000008","2024-12-31T09:37:00","2025-01-03T05:05:00","2025-01-03","C001","LIDL Mock CR s.r.o.","retail_retezec","99910001","CZ99910001","Praha","Hlavni mesto Praha","15800",50.0525,14.3254,"EDI","platinum","P003","PEC-KAI-060","Kaiserka sezamova 60 g","bezne_pecivo","sezam","ks",35,2,"LOT-20250103-S003-319","S003","Slezska pekarna s.r.o. (mock)","99820003","CZ","WH01","DC Praha-Jinonice (mock)","B-BEZNE","PRG-C001-PAT",2065,2065,0,0,3357,1292,8.05,23.58,12,12703.49,14227.91,9601.09,3102.4,30,"uhrazeno","dodano",true,"Akce pecivo -15 %","patek",false,false,-0.2,11.3,6,""
"TX-2025-000009","FV-2025-000009","ORD-2025-000009","2024-12-31T10:15:00","2025-01-03T07:36:00","2025-01-03","C005","PENNY Mock Market s.r.o.","retail_retezec","99910005","CZ99910005","Radonice","Stredocesky kraj","25073",50.1437,14.6077,"EDI","gold","P001","PEC-ROH-043","Rohlik tukovy 43 g","bezne_pecivo","klasicky","ks",50,1,"LOT-20250103-S001-741","S001","Pekarna Slunce s.r.o. (mock)","99820001","CZ","WH01","DC Praha-Jinonice (mock)","B-BEZNE","PRG-C005-PAT",1500,1099,0,5,3378,2279,3.24,5.92,12,3349.96,3751.96,2007.36,1342.6,21,"uhrazeno","castecne_dodano",false,"","patek",false,false,2.6,0,-15,""
"TX-2025-000010","FV-2025-000010","ORD-2025-000010","2024-12-31T17:18:00","2025-01-03T06:35:00","2025-01-03","C006","Rohlik.cz Mock a.s.","ecommerce","99910006","CZ99910006","Praha","Hlavni mesto Praha","18600",50.1008,14.4749,"API_B2B","platinum","P007","PEC-CRO-065","Croissant maslovy 65 g","jemne_pecivo","maslovy","ks",24,3,"LOT-20250103-S004-928","S004","Danube Bakery SK s.r.o. (mock)","99820004","SK","WH01","DC Praha-Jinonice (mock)","C-JEMNE","PRG-C006-PAT",216,216,5,0,305,94,18.73,9.19,12,3588.84,4019.5,2492.44,1096.4,14,"uhrazeno","dodano",false,"","patek",false,false,1,0,11,""
"TX-2025-000011","FV-2025-000011","ORD-2025-000011","2025-01-01T11:28:00","2025-01-03T08:39:00","2025-01-03","C010","Kavarny KafeKruh s.r.o. (mock)","horeca","99910010","CZ99910010","Plzen","Plzensky kraj","30100",49.7384,13.3736,"B2B_eshop","silver","P005","PEC-CHL-750-ZIT","Chleb zitny kvaskovy 750 g","chleb","kvaskovy","ks",10,5,"LOT-20250103-S002-286","S002","Moravske pecivo a.s. (mock)","99820002","CZ","WH01","DC Praha-Jinonice (mock)","A-CHLEB","PRG-C010-PAT",30,30,0,0,65,35,54.1,4.09,12,1556.62,1743.41,972.95,583.67,14,"uhrazeno","dodano",false,"","patek",false,false,2.1,0,-11,""
"TX-2025-000012","FV-2025-000012","ORD-2025-000012","2025-01-02T16:22:00","2025-01-04T06:21:00","2025-01-04","C001","LIDL Mock CR s.r.o.","retail_retezec","99910001","CZ99910001","Praha","Hlavni mesto Praha","15800",50.0525,14.3254,"EDI","platinum","P006","PEC-BAG-110","Bageta bila 110 g","bezne_pecivo","bila","ks",25,2,"LOT-20250104-S003-172","S003","Slezska pekarna s.r.o. (mock)","99820003","CZ","WH01","DC Praha-Jinonice (mock)","B-BEZNE","PRG-C001-SOB",1050,1050,0,27,2471,1421,12.95,8.68,12,12417.24,13907.31,7349.14,5068.1,30,"uhrazeno","dodano",false,"","sobota",true,false,-3.3,0,1,""
"TX-2025-000013","FV-2025-000013","ORD-2025-000013","2025-01-02T11:35:00","2025-01-04T09:46:00","2025-01-04","C004","TESCO Mock Stores CR a.s.","retail_retezec","99910004","CZ99910004","Ostrava","Moravskoslezsky kraj","70030",49.7854,18.2741,"EDI","gold","P001","PEC-ROH-043","Rohlik tukovy 43 g","bezne_pecivo","klasicky","ks",50,1,"LOT-20250104-S003-275","S003","Slezska pekarna s.r.o. (mock)","99820003","CZ","WH03","DC Ostrava-Hrabova (mock)","B-BEZNE","OVA-C004-SOB",1550,1550,28,0,3745,2223,3.14,14.69,12,4077.03,4566.27,2842.67,1234.36,30,"uhrazeno","dodano",true,"Vikendova akce","sobota",true,false,1.3,0,7,"vratne prepravky"
"TX-2025-000014","FV-2025-000014","ORD-2025-000014","2025-01-02T12:47:00","2025-01-04T05:13:00","2025-01-04","C012","Restaurace U Tri pecnu s.r.o. (mock)","horeca","99910012","CZ99910012","Ceske Budejovice","Jihocesky kraj","37001",48.9745,14.4743,"obchodni_zastupce","standard","P011","PEC-HOU-060","Houska psenicna 60 g","bezne_pecivo","klasicka","ks",40,2,"LOT-20250104-S001-940","S001","Pekarna Slunce s.r.o. (mock)","99820001","CZ","WH01","DC Praha-Jinonice (mock)","B-BEZNE","PRG-C012-SOB",160,160,0,4,238,78,5.4,2.66,12,841.02,941.94,484.81,356.21,14,"uhrazeno","dodano",false,"","sobota",true,false,-5,0,-14,""
"TX-2025-000015","FV-2025-000015","ORD-2025-000015","2025-01-04T12:56:00","2025-01-06T09:45:00","2025-01-06","C001","LIDL Mock CR s.r.o.","retail_retezec","99910001","CZ99910001","Praha","Hlavni mesto Praha","15800",50.0525,14.3254,"EDI","platinum","P001","PEC-ROH-043","Rohlik tukovy 43 g","bezne_pecivo","klasicky","ks",50,1,"LOT-20250106-S001-228","S001","Pekarna Slunce s.r.o. (mock)","99820001","CZ","WH01","DC Praha-Jinonice (mock)","B-BEZNE","PRG-C001-PON",2600,2600,19,0,3860,1279,3.22,8.52,12,7602.74,8515.07,4859.38,2743.36,30,"uhrazeno","dodano",false,"","pondeli",false,false,0.4,0,-6,""
"TX-2025-000016","FV-2025-000016","ORD-2025-000016","2025-01-04T12:55:00","2025-01-06T05:55:00","2025-01-06","C003","KAUFLAND Mock CR v.o.s.","retail_retezec","99910003","CZ99910003","Brno","Jihomoravsky kraj","62700",49.1678,16.6827,"EDI","platinum","P009","PEC-VEC-360","Veka tukova 360 g","chleb","klasicka","ks",14,3,"LOT-20250106-S001-609","S001","Pekarna Slunce s.r.o. (mock)","99820001","CZ","WH02","DC Brno-Slatina (mock)","A-CHLEB","BRN-C003-PON",294,294,0,4,691,397,29.64,8.53,12,7970.84,8927.34,4875.52,3095.32,30,"uhrazeno","dodano",false,"","pondeli",false,false,3.5,0.2,-12,""
"TX-2025-000017","FV-2025-000017","ORD-2025-000017","2025-01-05T08:54:00","2025-01-06T08:07:00","2025-01-06","C006","Rohlik.cz Mock a.s.","ecommerce","99910006","CZ99910006","Praha","Hlavni mesto Praha","18600",50.1008,14.4749,"API_B2B","platinum","P011","PEC-HOU-060","Houska psenicna 60 g","bezne_pecivo","klasicka","ks",40,2,"LOT-20250106-S003-674","S003","Slezska pekarna s.r.o. (mock)","99820003","CZ","WH01","DC Praha-Jinonice (mock)","B-BEZNE","PRG-C006-PON",520,520,0,0,922,402,5.41,23.51,12,2151.82,2410.04,1600.07,551.75,14,"uhrazeno","dodano",true,"Akce pecivo -15 %","pondeli",false,false,0.3,7.1,-15,""
"TX-2025-000018","FV-2025-000018","ORD-2025-000018","2025-01-04T15:18:00","2025-01-06T06:48:00","2025-01-06","C007","MAKRO Mock Cash & Carry CR s.r.o.","velkoobchod","99910007","CZ99910007","Praha","Hlavni mesto Praha","25242",49.9971,14.4291,"EDI","gold","P011","PEC-HOU-060","Houska psenicna 60 g","bezne_pecivo","klasicka","ks",40,2,"LOT-20250106-S003-548","S003","Slezska pekarna s.r.o. (mock)","99820003","CZ","WH01","DC Praha-Jinonice (mock)","B-BEZNE","PRG-C007-PON",960,878,0,0,1486,608,5.46,5.79,12,4516.31,5058.27,2741.76,1774.55,21,"uhrazeno","castecne_dodano",false,"","pondeli",false,false,-5.3,0,0,""
"TX-2025-000019","FV-2025-000019","ORD-2025-000019","2025-01-05T13:39:00","2025-01-07T07:48:00","2025-01-07","C002","ALBERT Mock Retail s.r.o.","retail_retezec","99910002","CZ99910002","Praha","Hlavni mesto Praha","10000",50.0724,14.4907,"EDI","platinum","P008","PEC-KOB-060","Kobliha s marmeladou 60 g","jemne_pecivo","merunkova","ks",30,2,"LOT-20250107-S003-168","S003","Slezska pekarna s.r.o. (mock)","99820003","CZ","WH01","DC Praha-Jinonice (mock)","C-JEMNE","PRG-C002-UTE",810,810,0,0,1735,925,15.55,8.82,12,11484.58,12862.73,7376.16,4108.42,30,"uhrazeno","dodano",false,"","utery",false,false,-1.4,0,4,"prioritni vykladka"
"TX-2025-000020","FV-2025-000020","ORD-2025-000020","2025-01-04T13:57:00","2025-01-07T09:40:00","2025-01-07","C005","PENNY Mock Market s.r.o.","retail_retezec","99910005","CZ99910005","Radonice","Stredocesky kraj","25073",50.1437,14.6077,"EDI","gold","P001","PEC-ROH-043","Rohlik tukovy 43 g","bezne_pecivo","klasicky","ks",50,1,"LOT-20250107-S002-423","S002","Moravske pecivo a.s. (mock)","99820002","CZ","WH01","DC Praha-Jinonice (mock)","B-BEZNE","PRG-C005-UTE",1450,1450,0,0,3464,2014,3.17,5.55,12,4341.39,4862.36,2743.54,1597.85,21,"uhrazeno","dodano",false,"","utery",false,false,2.8,0,0,""
"TX-2025-000021","FV-2025-000021","ORD-2025-000021","2025-01-04T14:47:00","2025-01-07T07:32:00","2025-01-07","C009","Skolni jidelna Javor (mock)","verejny_sektor","99910009","CZ99910009","Olomouc","Olomoucky kraj","77900",49.5938,17.2509,"email","standard","P004","PEC-CHL-500","Chleb konzumentni 500 g","chleb","psenicno-zitny","ks",12,4,"LOT-20250107-S001-834","S001","Pekarna Slunce s.r.o. (mock)","99820001","CZ","WH02","DC Brno-Slatina (mock)","A-CHLEB","BRN-C009-UTE",84,84,0,0,125,41,32.1,1.87,12,2645.98,2963.5,1671.97,974.01,14,"uhrazeno","dodano",false,"","utery",false,false,-6.1,0,13,""
"TX-2025-000022","FV-2025-000022","ORD-2025-000022","2025-01-06T17:45:00","2025-01-08T04:52:00","2025-01-08","C001","LIDL Mock CR s.r.o.","retail_retezec","99910001","CZ99910001","Praha","Hlavni mesto Praha","15800",50.0525,14.3254,"EDI","platinum","P003","PEC-KAI-060","Kaiserka sezamova 60 g","bezne_pecivo","sezam","ks",35,2,"LOT-20250108-S003-317","S003","Slezska pekarna s.r.o. (mock)","99820003","CZ","WH01","DC Praha-Jinonice (mock)","B-BEZNE","PRG-C001-STR",1820,1820,45,0,3617,1842,7.85,23,12,10728.99,12016.47,7774.51,2954.48,30,"uhrazeno","dodano",true,"Akce pecivo -15 %","streda",false,false,-4.3,0,13,""
"TX-2025-000023","FV-2025-000023","ORD-2025-000023","2025-01-06T10:34:00","2025-01-08T09:17:00","2025-01-08","C004","TESCO Mock Stores CR a.s.","retail_retezec","99910004","CZ99910004","Ostrava","Moravskoslezsky kraj","70030",49.7854,18.2741,"EDI","gold","P002","PEC-ROH-055-CZ","Rohlik celozrnny 55 g","bezne_pecivo","celozrnny","ks",40,2,"LOT-20250108-S002-561","S002","Moravske pecivo a.s. (mock)","99820002","CZ","WH03","DC Ostrava-Hrabova (mock)","B-BEZNE","OVA-C004-STR",880,880,0,3,2504,1624,6.48,6.31,12,5342.58,5983.69,3179.19,2163.39,30,"uhrazeno","dodano",false,"","streda",false,false,2.2,2.8,10,"prioritni vykladka"
"TX-2025-000024","FV-2025-000024","ORD-2025-000024","2025-01-06T16:20:00","2025-01-08T05:40:00","2025-01-08","C006","Rohlik.cz Mock a.s.","ecommerce","99910006","CZ99910006","Praha","Hlavni mesto Praha","18600",50.1008,14.4749,"API_B2B","platinum","P011","PEC-HOU-060","Houska psenicna 60 g","bezne_pecivo","klasicka","ks",40,2,"LOT-20250108-S003-423","S003","Slezska pekarna s.r.o. (mock)","99820003","CZ","WH01","DC Praha-Jinonice (mock)","B-BEZNE","PRG-C006-STR",360,360,0,1,709,349,5.4,8.5,12,1778.76,1992.21,1116.34,662.42,14,"uhrazeno","dodano",false,"","streda",false,false,3.9,0.6,-7,""
"TX-2025-000025","FV-2025-000025","ORD-2025-000025","2025-01-06T09:51:00","2025-01-08T07:59:00","2025-01-08","C011","Fakultni nemocnice Demo (mock)","verejny_sektor","99910011","CZ99910011","Hradec Kralove","Kralovehradecky kraj","50005",50.1956,15.8328,"email","silver","P011","PEC-HOU-060","Houska psenicna 60 g","bezne_pecivo","klasicka","ks",40,2,"LOT-20250108-S002-662","S002","Moravske pecivo a.s. (mock)","99820002","CZ","WH01","DC Praha-Jinonice (mock)","B-BEZNE","PRG-C011-STR",360,360,0,0,611,251,5.38,3.14,12,1875.98,2101.1,1105.09,770.89,30,"uhrazeno","dodano",false,"","streda",false,false,1.2,7.7,9,"prioritni vykladka"
"TX-2025-000026","FV-2025-000026","ORD-2025-000026","2025-01-07T17:09:00","2025-01-09T06:11:00","2025-01-09","C002","ALBERT Mock Retail s.r.o.","retail_retezec","99910002","CZ99910002","Praha","Hlavni mesto Praha","10000",50.0724,14.4907,"EDI","platinum","P005","PEC-CHL-750-ZIT","Chleb zitny kvaskovy 750 g","chleb","kvaskovy","ks",10,5,"LOT-20250109-S002-640","S002","Moravske pecivo a.s. (mock)","99820002","CZ","WH01","DC Praha-Jinonice (mock)","A-CHLEB","PRG-C002-CTV",290,290,0,0,603,313,54.03,8.03,12,14410.5,16139.76,9349.57,5060.93,30,"uhrazeno","dodano",false,"","ctvrtek",false,false,-5.7,0,-14,""
"TX-2025-000027","FV-2025-000027","ORD-2025-000027","2025-01-06T14:08:00","2025-01-09T06:19:00","2025-01-09","C003","KAUFLAND Mock CR v.o.s.","retail_retezec","99910003","CZ99910003","Brno","Jihomoravsky kraj","62700",49.1678,16.6827,"EDI","platinum","P009","PEC-VEC-360","Veka tukova 360 g","chleb","klasicka","ks",14,3,"LOT-20250109-S001-507","S001","Pekarna Slunce s.r.o. (mock)","99820001","CZ","WH02","DC Brno-Slatina (mock)","A-CHLEB","BRN-C003-CTV",392,392,0,4,535,143,29.88,23.56,12,8953.39,10027.8,6682.45,2270.94,30,"uhrazeno","dodano",true,"Akce pecivo -15 %","ctvrtek",false,false,-5.2,0,-1,"synteticky testovaci zaznam"
"TX-2025-000028","FV-2025-000028","ORD-2025-000028","2025-01-07T14:41:00","2025-01-09T04:51:00","2025-01-09","C008","BILLA Mock, spol. s r.o.","retail_retezec","99910008","CZ99910008","Modletice","Stredocesky kraj","25101",49.9708,14.5852,"EDI","gold","P007","PEC-CRO-065","Croissant maslovy 65 g","jemne_pecivo","maslovy","ks",24,3,"LOT-20250109-S004-828","S004","Danube Bakery SK s.r.o. (mock)","99820004","SK","WH01","DC Praha-Jinonice (mock)","C-JEMNE","PRG-C008-CTV",384,384,8,0,716,340,18.61,6.33,12,6554.43,7340.96,4438.17,2116.26,30,"uhrazeno","dodano",false,"","ctvrtek",false,false,1.7,0,2,""
"TX-2025-000029","FV-2025-000029","ORD-2025-000029","2025-01-07T10:46:00","2025-01-10T10:29:00","2025-01-10","C001","LIDL Mock CR s.r.o.","retail_retezec","99910001","CZ99910001","Praha","Hlavni mesto Praha","15800",50.0525,14.3254,"EDI","platinum","P003","PEC-KAI-060","Kaiserka sezamova 60 g","bezne_pecivo","sezam","ks",35,2,"LOT-20250110-S001-984","S001","Pekarna Slunce s.r.o. (mock)","99820001","CZ","WH01","DC Praha-Jinonice (mock)","B-BEZNE","PRG-C001-PAT",1400,1400,0,0,3312,1912,7.88,8.12,12,10136.2,11352.54,6171.36,3964.84,30,"uhrazeno","dodano",false,"","patek",false,false,-1.8,0,11,""
"TX-2025-000030","FV-2025-000030","ORD-2025-000030","2025-01-08T09:23:00","2025-01-10T10:17:00","2025-01-10","C005","PENNY Mock Market s.r.o.","retail_retezec","99910005","CZ99910005","Radonice","Stredocesky kraj","25073",50.1437,14.6077,"EDI","gold","P003","PEC-KAI-060","Kaiserka sezamova 60 g","bezne_pecivo","sezam","ks",35,2,"LOT-20250110-S001-984","S001","Pekarna Slunce s.r.o. (mock)","99820001","CZ","WH01","DC Praha-Jinonice (mock)","B-BEZNE","PRG-C005-PAT",630,0,0,0,988,988,7.99,5.93,12,0,0,0,0,21,"stornovano","zruseno",false,"","patek",false,false,-2.8,0,0,""
"TX-2025-000031","FV-2025-000031","ORD-2025-000031","2025-01-09T13:38:00","2025-01-10T09:16:00","2025-01-10","C006","Rohlik.cz Mock a.s.","ecommerce","99910006","CZ99910006","Praha","Hlavni mesto Praha","18600",50.1008,14.4749,"API_B2B","platinum","P007","PEC-CRO-065","Croissant maslovy 65 g","jemne_pecivo","maslovy","ks",24,3,"LOT-20250110-S004-161","S004","Danube Bakery SK s.r.o. (mock)","99820004","SK","WH01","DC Praha-Jinonice (mock)","C-JEMNE","PRG-C006-PAT",216,216,0,0,467,251,18.97,23.04,12,3153.45,3531.86,2565.28,588.17,14,"uhrazeno","dodano",true,"Akce pecivo -15 %","patek",false,false,3.8,0.6,4,"prioritni vykladka"
"TX-2025-000032","FV-2025-000032","ORD-2025-000032","2025-01-08T13:22:00","2025-01-10T04:04:00","2025-01-10","C010","Kavarny KafeKruh s.r.o. (mock)","horeca","99910010","CZ99910010","Plzen","Plzensky kraj","30100",49.7384,13.3736,"B2B_eshop","silver","P003","PEC-KAI-060","Kaiserka sezamova 60 g","bezne_pecivo","sezam","ks",35,2,"LOT-20250110-S001-566","S001","Pekarna Slunce s.r.o. (mock)","99820001","CZ","WH01","DC Praha-Jinonice (mock)","B-BEZNE","PRG-C010-PAT",105,105,0,2,263,158,7.99,3.94,12,805.9,902.61,475.65,330.25,14,"uhrazeno","dodano",false,"","patek",false,false,3.8,2.7,-6,""
"TX-2025-000033","FV-2025-000033","ORD-2025-000033","2025-01-09T08:22:00","2025-01-11T10:09:00","2025-01-11","C001","LIDL Mock CR s.r.o.","retail_retezec","99910001","CZ99910001","Praha","Hlavni mesto Praha","15800",50.0525,14.3254,"EDI","platinum","P008","PEC-KOB-060","Kobliha s marmeladou 60 g","jemne_pecivo","merunkova","ks",30,2,"LOT-20250111-S003-596","S003","Slezska pekarna s.r.o. (mock)","99820003","CZ","WH01","DC Praha-Jinonice (mock)","C-JEMNE","PRG-C001-SOB",1110,1110,21,0,1584,495,15.68,8.4,12,15641.18,17518.12,10173.44,5467.74,30,"uhrazeno","dodano",false,"","sobota",true,false,-0.2,4.7,13,""
"TX-2025-000034","FV-2025-000034","ORD-2025-000034","2025-01-08T17:13:00","2025-01-11T07:03:00","2025-01-11","C004","TESCO Mock Stores CR a.s.","retail_retezec","99910004","CZ99910004","Ostrava","Moravskoslezsky kraj","70030",49.7854,18.2741,"EDI","gold","P001","PEC-ROH-043","Rohlik tukovy 43 g","bezne_pecivo","klasicky","ks",50,1,"LOT-20250111-S001-330","S001","Pekarna Slunce s.r.o. (mock)","99820001","CZ","WH03","DC Ostrava-Hrabova (mock)","B-BEZNE","OVA-C004-SOB",2000,2000,6,0,2822,828,3.15,6.13,12,5896.07,6603.6,3702.86,2193.21,30,"uhrazeno","dodano",false,"","sobota",true,false,-1.6,5.9,-15,""
"TX-2025-000035","FV-2025-000035","ORD-2025-000035","2025-01-10T10:26:00","2025-01-11T07:19:00","2025-01-11","C012","Restaurace U Tri pecnu s.r.o. (mock)","horeca","99910012","CZ99910012","Ceske Budejovice","Jihocesky kraj","37001",48.9745,14.4743,"obchodni_zastupce","standard","P009","PEC-VEC-360","Veka tukova 360 g","chleb","klasicka","ks",14,3,"LOT-20250111-S002-284","S002","Moravske pecivo a.s. (mock)","99820002","CZ","WH01","DC Praha-Jinonice (mock)","A-CHLEB","PRG-C012-SOB",42,35,0,0,97,62,29.53,2.51,12,1007.61,1128.52,574.69,432.92,14,"uhrazeno","castecne_dodano",false,"","sobota",true,false,-6,9.3,10,""
"TX-2025-000036","FV-2025-000036","ORD-2025-000036","2025-01-10T11:15:00","2025-01-13T09:21:00","2025-01-13","C001","LIDL Mock CR s.r.o.","retail_retezec","99910001","CZ99910001","Praha","Hlavni mesto Praha","15800",50.0525,14.3254,"EDI","platinum","P007","PEC-CRO-065","Croissant maslovy 65 g","jemne_pecivo","maslovy","ks",24,3,"LOT-20250113-S002-976","S002","Moravske pecivo a.s. (mock)","99820002","CZ","WH01","DC Praha-Jinonice (mock)","C-JEMNE","PRG-C001-PON",696,696,0,0,1102,406,18.69,9.17,12,11815.38,13233.23,8037.26,3778.12,30,"uhrazeno","dodano",false,"","pondeli",false,false,1.3,10.2,-11,""
"TX-2025-000037","FV-2025-000037","ORD-2025-000037","2025-01-11T09:45:00","2025-01-13T05:46:00","2025-01-13","C003","KAUFLAND Mock CR v.o.s.","retail_retezec","99910003","CZ99910003","Brno","Jihomoravsky kraj","62700",49.1678,16.6827,"EDI","platinum","P001","PEC-ROH-043","Rohlik tukovy 43 g","bezne_pecivo","klasicky","ks",50,1,"LOT-20250113-S001-461","S001","Pekarna Slunce s.r.o. (mock)","99820001","CZ","WH02","DC Brno-Slatina (mock)","B-BEZNE","BRN-C003-PON",2200,2200,0,0,3619,1419,3.15,8.23,12,6359.66,7122.82,4067.39,2292.27,30,"uhrazeno","dodano",false,"","pondeli",false,false,-1.7,0,13,""
"TX-2025-000038","FV-2025-000038","ORD-2025-000038","2025-01-12T16:30:00","2025-01-13T06:27:00","2025-01-13","C006","Rohlik.cz Mock a.s.","ecommerce","99910006","CZ99910006","Praha","Hlavni mesto Praha","18600",50.1008,14.4749,"API_B2B","platinum","P002","PEC-ROH-055-CZ","Rohlik celozrnny 55 g","bezne_pecivo","celozrnny","ks",40,2,"LOT-20250113-S002-632","S002","Moravske pecivo a.s. (mock)","99820002","CZ","WH01","DC Praha-Jinonice (mock)","B-BEZNE","PRG-C006-PON",360,360,3,1,727,370,6.56,23.98,12,1780.33,1993.97,1285.33,495,14,"uhrazeno","dodano",true,"Akce pecivo -15 %","pondeli",false,false,-3.4,1,-15,"prioritni vykladka"
"TX-2025-000039","FV-2025-000039","ORD-2025-000039","2025-01-11T15:06:00","2025-01-13T08:00:00","2025-01-13","C007","MAKRO Mock Cash & Carry CR s.r.o.","velkoobchod","99910007","CZ99910007","Praha","Hlavni mesto Praha","25242",49.9971,14.4291,"EDI","gold","P001","PEC-ROH-043","Rohlik tukovy 43 g","bezne_pecivo","klasicky","ks",50,1,"LOT-20250113-S003-150","S003","Slezska pekarna s.r.o. (mock)","99820003","CZ","WH01","DC Praha-Jinonice (mock)","B-BEZNE","PRG-C007-PON",1100,1100,0,6,2046,946,3.25,5.72,12,3370.51,3774.97,2050.49,1320.02,21,"uhrazeno","dodano",false,"","pondeli",false,false,-2.9,0,4,""
"TX-2025-000040","FV-2025-000040","ORD-2025-000040","2025-01-11T15:26:00","2025-01-14T10:57:00","2025-01-14","C002","ALBERT Mock Retail s.r.o.","retail_retezec","99910002","CZ99910002","Praha","Hlavni mesto Praha","10000",50.0724,14.4907,"EDI","platinum","P001","PEC-ROH-043","Rohlik tukovy 43 g","bezne_pecivo","klasicky","ks",50,1,"LOT-20250114-S001-689","S001","Pekarna Slunce s.r.o. (mock)","99820001","CZ","WH01","DC Praha-Jinonice (mock)","B-BEZNE","PRG-C002-UTE",2050,2050,0,33,3182,1132,3.24,9.06,12,6040.23,6765.06,3940.55,2099.68,30,"uhrazeno","dodano",false,"","utery",false,false,-2.7,0,9,""
"TX-2025-000041","FV-2025-000041","ORD-2025-000041","2025-01-12T14:55:00","2025-01-14T06:55:00","2025-01-14","C005","PENNY Mock Market s.r.o.","retail_retezec","99910005","CZ99910005","Radonice","Stredocesky kraj","25073",50.1437,14.6077,"EDI","gold","P008","PEC-KOB-060","Kobliha s marmeladou 60 g","jemne_pecivo","merunkova","ks",30,2,"LOT-20250114-S001-933","S001","Pekarna Slunce s.r.o. (mock)","99820001","CZ","WH01","DC Praha-Jinonice (mock)","C-JEMNE","PRG-C005-UTE",660,596,0,0,1269,673,15.59,6.49,12,8688.61,9731.24,5359.74,3328.87,21,"po_splatnosti","castecne_dodano",false,"","utery",false,false,-0.9,0,-8,"vratne prepravky"
"TX-2025-000042","FV-2025-000042","ORD-2025-000042","2025-01-13T12:35:00","2025-01-14T10:56:00","2025-01-14","C009","Skolni jidelna Javor (mock)","verejny_sektor","99910009","CZ99910009","Olomouc","Olomoucky kraj","77900",49.5938,17.2509,"email","standard","P012","PEC-DAL-070","Dalamanek grahamovy 70 g","bezne_pecivo","grahamovy","ks",32,2,"LOT-20250114-S003-456","S003","Slezska pekarna s.r.o. (mock)","99820003","CZ","WH02","DC Brno-Slatina (mock)","B-BEZNE","BRN-C009-UTE",192,192,0,0,325,133,10,1.77,12,1886.02,2112.34,1049.57,836.45,14,"uhrazeno","dodano",false,"","utery",false,false,2,0,-11,""
"TX-2025-000043","FV-2025-000043","ORD-2025-000043","2025-01-12T15:06:00","2025-01-15T10:46:00","2025-01-15","C001","LIDL Mock CR s.r.o.","retail_retezec","99910001","CZ99910001","Praha","Hlavni mesto Praha","15800",50.0525,14.3254,"EDI","platinum","P003","PEC-KAI-060","Kaiserka sezamova 60 g","bezne_pecivo","sezam","ks",35,2,"LOT-20250115-S003-704","S003","Slezska pekarna s.r.o. (mock)","99820003","CZ","WH01","DC Praha-Jinonice (mock)","B-BEZNE","PRG-C001-STR",1680,1680,0,0,3232,1552,7.83,8.21,12,12074.42,13523.35,7440.08,4634.34,30,"uhrazeno","dodano",false,"","streda",false,false,-3.7,6.4,13,""
"TX-2025-000044","FV-2025-000044","ORD-2025-000044","2025-01-12T14:41:00","2025-01-15T04:57:00","2025-01-15","C004","TESCO Mock Stores CR a.s.","retail_retezec","99910004","CZ99910004","Ostrava","Moravskoslezsky kraj","70030",49.7854,18.2741,"EDI","gold","P001","PEC-ROH-043","Rohlik tukovy 43 g","bezne_pecivo","klasicky","ks",50,1,"LOT-20250115-S002-789","S002","Moravske pecivo a.s. (mock)","99820002","CZ","WH03","DC Ostrava-Hrabova (mock)","B-BEZNE","OVA-C004-STR",2050,2050,0,0,4446,2396,3.22,6.55,12,6168.63,6908.87,3720.76,2447.87,30,"uhrazeno","dodano",false,"","streda",false,false,-5.2,0,-14,"vratne prepravky"
"TX-2025-000045","FV-2025-000045","ORD-2025-000045","2025-01-12T10:46:00","2025-01-15T05:53:00","2025-01-15","C006","Rohlik.cz Mock a.s.","ecommerce","99910006","CZ99910006","Praha","Hlavni mesto Praha","18600",50.1008,14.4749,"API_B2B","platinum","P010","PEC-SNE-090","Snek skorice 90 g","jemne_pecivo","skoricovy","ks",20,3,"LOT-20250115-S004-171","S004","Danube Bakery SK s.r.o. (mock)","99820004","SK","WH01","DC Praha-Jinonice (mock)","C-JEMNE","PRG-C006-STR",240,240,0,0,417,177,22.8,23.3,12,4197.02,4700.66,3331.14,865.88,14,"uhrazeno","dodano",true,"Akce pecivo -15 %","streda",false,false,-3.6,0,8,""
"TX-2025-000046","FV-2025-000046","ORD-2025-000046","2025-01-13T13:04:00","2025-01-15T04:05:00","2025-01-15","C011","Fakultni nemocnice Demo (mock)","verejny_sektor","99910011","CZ99910011","Hradec Kralove","Kralovehradecky kraj","50005",50.1956,15.8328,"email","silver","P001","PEC-ROH-043","Rohlik tukovy 43 g","bezne_pecivo","klasicky","ks",50,1,"LOT-20250115-S003-874","S003","Slezska pekarna s.r.o. (mock)","99820003","CZ","WH01","DC Praha-Jinonice (mock)","B-BEZNE","PRG-C011-STR",500,500,0,0,833,333,3.21,4.18,12,1537.91,1722.46,928.12,609.79,30,"uhrazeno","dodano",false,"","streda",false,false,2,3.1,6,""
"TX-2025-000047","FV-2025-000047","ORD-2025-000047","2025-01-14T12:59:00","2025-01-16T06:44:00","2025-01-16","C002","ALBERT Mock Retail s.r.o.","retail_retezec","99910002","CZ99910002","Praha","Hlavni mesto Praha","10000",50.0724,14.4907,"EDI","platinum","P011","PEC-HOU-060","Houska psenicna 60 g","bezne_pecivo","klasicka","ks",40,2,"LOT-20250116-S002-471","S002","Moravske pecivo a.s. (mock)","99820002","CZ","WH01","DC Praha-Jinonice (mock)","B-BEZNE","PRG-C002-CTV",1200,1200,24,32,1850,674,5.39,8.19,12,5819.51,6517.85,3630.55,2188.96,30,"uhrazeno","dodano",false,"","ctvrtek",false,false,4.4,0,-13,""
"TX-2025-000048","FV-2025-000048","ORD-2025-000048","2025-01-14T10:40:00","2025-01-16T10:09:00","2025-01-16","C008","BILLA Mock, spol. s r.o.","retail_retezec","99910008","CZ99910008","Modletice","Stredocesky kraj","25101",49.9708,14.5852,"EDI","gold","P001","PEC-ROH-043","Rohlik tukovy 43 g","bezne_pecivo","klasicky","ks",50,1,"LOT-20250116-S002-223","S002","Moravske pecivo a.s. (mock)","99820002","CZ","WH01","DC Praha-Jinonice (mock)","B-BEZNE","PRG-C008-CTV",1250,1250,3,19,1623,376,3.15,21.68,12,3076.45,3445.62,2279.35,797.1,30,"uhrazeno","dodano",true,"Akce pecivo -15 %","ctvrtek",false,false,-2.6,1.4,12,""
"TX-2025-000049","FV-2025-000049","ORD-2025-000049","2025-01-14T08:33:00","2025-01-17T10:39:00","2025-01-17","C001","LIDL Mock CR s.r.o.","retail_retezec","99910001","CZ99910001","Praha","Hlavni mesto Praha","15800",50.0525,14.3254,"EDI","platinum","P003","PEC-KAI-060","Kaiserka sezamova 60 g","bezne_pecivo","sezam","ks",35,2,"LOT-20250117-S003-857","S003","Slezska pekarna s.r.o. (mock)","99820003","CZ","WH01","DC Praha-Jinonice (mock)","B-BEZNE","PRG-C001-PAT",1330,1330,0,20,2017,687,7.97,8.43,12,9706.51,10871.29,5973.25,3733.26,30,"uhrazeno","dodano",false,"","patek",false,false,-1.7,7.3,-14,""
"TX-2025-000050","FV-2025-000050","ORD-2025-000050","2025-01-14T10:52:00","2025-01-17T08:59:00","2025-01-17","C005","PENNY Mock Market s.r.o.","retail_retezec","99910005","CZ99910005","Radonice","Stredocesky kraj","25073",50.1437,14.6077,"EDI","gold","P001","PEC-ROH-043","Rohlik tukovy 43 g","bezne_pecivo","klasicky","ks",50,1,"LOT-20250117-S003-598","S003","Slezska pekarna s.r.o. (mock)","99820003","CZ","WH01","DC Praha-Jinonice (mock)","B-BEZNE","PRG-C005-PAT",1750,1750,0,0,4082,2332,3.25,14.49,12,4863.38,5446.99,3226.17,1637.21,21,"uhrazeno","dodano",true,"Vikendova akce","patek",false,false,2.6,0,14,"vratne prepravky"
"TX-2025-000051","FV-2025-000051","ORD-2025-000051","2025-01-14T12:15:00","2025-01-17T06:06:00","2025-01-17","C006","Rohlik.cz Mock a.s.","ecommerce","99910006","CZ99910006","Praha","Hlavni mesto Praha","18600",50.1008,14.4749,"API_B2B","platinum","P002","PEC-ROH-055-CZ","Rohlik celozrnny 55 g","bezne_pecivo","celozrnny","ks",40,2,"LOT-20250117-S001-858","S001","Pekarna Slunce s.r.o. (mock)","99820001","CZ","WH01","DC Praha-Jinonice (mock)","B-BEZNE","PRG-C006-PAT",360,360,0,0,598,238,6.55,8.41,12,2159.69,2418.85,1326.11,833.58,14,"uhrazeno","dodano",false,"","patek",false,false,-3.2,0,9,""
"TX-2025-000052","FV-2025-000052","ORD-2025-000052","2025-01-15T13:23:00","2025-01-17T06:20:00","2025-01-17","C010","Kavarny KafeKruh s.r.o. (mock)","horeca","99910010","CZ99910010","Plzen","Plzensky kraj","30100",49.7384,13.3736,"B2B_eshop","silver","P007","PEC-CRO-065","Croissant maslovy 65 g","jemne_pecivo","maslovy","ks",24,3,"LOT-20250117-S004-167","S004","Danube Bakery SK s.r.o. (mock)","99820004","SK","WH01","DC Praha-Jinonice (mock)","C-JEMNE","PRG-C010-PAT",72,72,0,0,140,68,18.86,3.81,12,1306.18,1462.92,841.16,465.02,14,"uhrazeno","dodano",false,"","patek",false,false,3.3,6.5,-15,""
"TX-2025-000053","FV-2025-000053","ORD-2025-000053","2025-01-16T08:41:00","2025-01-18T06:18:00","2025-01-18","C004","TESCO Mock Stores CR a.s.","retail_retezec","99910004","CZ99910004","Ostrava","Moravskoslezsky kraj","70030",49.7854,18.2741,"EDI","gold","P011","PEC-HOU-060","Houska psenicna 60 g","bezne_pecivo","klasicka","ks",40,2,"LOT-20250118-S002-969","S002","Moravske pecivo a.s. (mock)","99820002","CZ","WH03","DC Ostrava-Hrabova (mock)","B-BEZNE","OVA-C004-SOB",1440,1440,0,18,2459,1019,5.4,21.58,12,6097.94,6829.69,4228.8,1869.14,30,"uhrazeno","dodano",true,"Akce pecivo -15 %","sobota",true,false,3.8,2.1,-10,""
"TX-2025-000054","FV-2025-000054","ORD-2025-000054","2025-01-18T16:00:00","2025-01-20T05:53:00","2025-01-20","C001","LIDL Mock CR s.r.o.","retail_retezec","99910001","CZ99910001","Praha","Hlavni mesto Praha","15800",50.0525,14.3254,"EDI","platinum","P008","PEC-KOB-060","Kobliha s marmeladou 60 g","jemne_pecivo","merunkova","ks",30,2,"LOT-20250120-S003-322","S003","Slezska pekarna s.r.o. (mock)","99820003","CZ","WH01","DC Praha-Jinonice (mock)","C-JEMNE","PRG-C001-PON",840,840,17,10,1565,742,15.26,8.82,12,11451.28,12825.43,7200.47,4250.81,30,"uhrazeno","dodano",false,"","pondeli",false,false,1.7,10.2,7,""
"TX-2025-000055","FV-2025-000055","ORD-2025-000055","2025-01-18T14:15:00","2025-01-20T07:05:00","2025-01-20","C003","KAUFLAND Mock CR v.o.s.","retail_retezec","99910003","CZ99910003","Brno","Jihomoravsky kraj","62700",49.1678,16.6827,"EDI","platinum","P002","PEC-ROH-055-CZ","Rohlik celozrnny 55 g","bezne_pecivo","celozrnny","ks",40,2,"LOT-20250120-S002-403","S002","Moravske pecivo a.s. (mock)","99820002","CZ","WH02","DC Brno-Slatina (mock)","B-BEZNE","BRN-C003-PON",960,960,8,7,2082,1130,6.47,8.58,12,5630.96,6306.68,3458.82,2172.14,30,"uhrazeno","dodano",false,"","pondeli",false,false,-0.5,0,8,""
"TX-2025-000056","FV-2025-000056","ORD-2025-000056","2025-01-18T17:56:00","2025-01-20T09:50:00","2025-01-20","C006","Rohlik.cz Mock a.s.","ecommerce","99910006","CZ99910006","Praha","Hlavni mesto Praha","18600",50.1008,14.4749,"API_B2B","platinum","P009","PEC-VEC-360","Veka tukova 360 g","chleb","klasicka","ks",14,3,"LOT-20250120-S001-432","S001","Pekarna Slunce s.r.o. (mock)","99820001","CZ","WH01","DC Praha-Jinonice (mock)","A-CHLEB","PRG-C006-PON",84,84,0,0,191,107,29.86,8.01,12,2307.33,2584.21,1388.34,918.99,14,"po_splatnosti","dodano",false,"","pondeli",false,false,-1.3,0,2,""
"TX-2025-000057","FV-2025-000057","ORD-2025-000057","2025-01-18T10:22:00","2025-01-20T08:28:00","2025-01-20","C007","MAKRO Mock Cash & Carry CR s.r.o.","velkoobchod","99910007","CZ99910007","Praha","Hlavni mesto Praha","25242",49.9971,14.4291,"EDI","gold","P004","PEC-CHL-500","Chleb konzumentni 500 g","chleb","psenicno-zitny","ks",12,4,"LOT-20250120-S002-694","S002","Moravske pecivo a.s. (mock)","99820002","CZ","WH01","DC Praha-Jinonice (mock)","A-CHLEB","PRG-C007-PON",180,180,0,0,418,238,32.52,6.7,12,5461.41,6116.78,3590.25,1871.16,21,"uhrazeno","dodano",false,"","pondeli",false,false,0.7,0,8,""
"TX-2025-000058","FV-2025-000058","ORD-2025-000058","2025-01-18T10:11:00","2025-01-21T08:34:00","2025-01-21","C002","ALBERT Mock Retail s.r.o.","retail_retezec","99910002","CZ99910002","Praha","Hlavni mesto Praha","10000",50.0724,14.4907,"EDI","platinum","P001","PEC-ROH-043","Rohlik tukovy 43 g","bezne_pecivo","klasicky","ks",50,1,"LOT-20250121-S001-650","S001","Pekarna Slunce s.r.o. (mock)","99820001","CZ","WH01","DC Praha-Jinonice (mock)","B-BEZNE","PRG-C002-UTE",2150,2150,0,55,4539,2389,3.15,16.46,12,5657.75,6336.68,3851.63,1806.12,30,"uhrazeno","dodano",true,"Vikendova akce","utery",false,false,-0.6,0,-5,""
"TX-2025-000059","FV-2025-000059","ORD-2025-000059","2025-01-19T17:56:00","2025-01-21T08:14:00","2025-01-21","C005","PENNY Mock Market s.r.o.","retail_retezec","99910005","CZ99910005","Radonice","Stredocesky kraj","25073",50.1437,14.6077,"EDI","gold","P001","PEC-ROH-043","Rohlik tukovy 43 g","bezne_pecivo","klasicky","ks",50,1,"LOT-20250121-S001-412","S001","Pekarna Slunce s.r.o. (mock)","99820001","CZ","WH01","DC Praha-Jinonice (mock)","B-BEZNE","PRG-C005-UTE",1200,1200,11,21,2981,1792,3.25,5.82,12,3639.35,4076.07,2275.85,1363.5,21,"uhrazeno","dodano",false,"","utery",false,false,-5.2,0,10,""
"TX-2025-000060","FV-2025-000060","ORD-2025-000060","2025-01-20T10:13:00","2025-01-21T09:52:00","2025-01-21","C009","Skolni jidelna Javor (mock)","verejny_sektor","99910009","CZ99910009","Olomouc","Olomoucky kraj","77900",49.5938,17.2509,"email","standard","P002","PEC-ROH-055-CZ","Rohlik celozrnny 55 g","bezne_pecivo","celozrnny","ks",40,2,"LOT-20250121-S001-634","S001","Pekarna Slunce s.r.o. (mock)","99820001","CZ","WH02","DC Brno-Slatina (mock)","B-BEZNE","BRN-C009-UTE",240,240,0,1,408,168,6.48,1.97,12,1524.56,1707.51,871.88,652.68,14,"uhrazeno","dodano",false,"","utery",false,false,3.9,0,9,""
"TX-2025-000061","FV-2025-000061","ORD-2025-000061","2025-01-20T11:12:00","2025-01-22T08:21:00","2025-01-22","C001","LIDL Mock CR s.r.o.","retail_retezec","99910001","CZ99910001","Praha","Hlavni mesto Praha","15800",50.0525,14.3254,"EDI","platinum","P003","PEC-KAI-060","Kaiserka sezamova 60 g","bezne_pecivo","sezam","ks",35,2,"LOT-20250122-S001-130","S001","Pekarna Slunce s.r.o. (mock)","99820001","CZ","WH01","DC Praha-Jinonice (mock)","B-BEZNE","PRG-C001-STR",1470,1470,24,0,2646,1200,7.8,9.05,12,10258.07,11489.04,6531.19,3726.88,30,"uhrazeno","dodano",false,"","streda",false,false,-4.6,0,11,""
"TX-2025-000062","FV-2025-000062","ORD-2025-000062","2025-01-19T13:53:00","2025-01-22T04:21:00","2025-01-22","C004","TESCO Mock Stores CR a.s.","retail_retezec","99910004","CZ99910004","Ostrava","Moravskoslezsky kraj","70030",49.7854,18.2741,"EDI","gold","P004","PEC-CHL-500","Chleb konzumentni 500 g","chleb","psenicno-zitny","ks",12,4,"LOT-20250122-S003-200","S003","Slezska pekarna s.r.o. (mock)","99820003","CZ","WH03","DC Ostrava-Hrabova (mock)","A-CHLEB","OVA-C004-STR",300,300,4,3,757,461,32.18,6.3,12,8925.19,9996.21,5847.4,3077.79,30,"uhrazeno","dodano",false,"","streda",false,false,0.9,0,13,""
"TX-2025-000063","FV-2025-000063","ORD-2025-000063","2025-01-19T17:28:00","2025-01-22T09:07:00","2025-01-22","C011","Fakultni nemocnice Demo (mock)","verejny_sektor","99910011","CZ99910011","Hradec Kralove","Kralovehradecky kraj","50005",50.1956,15.8328,"email","silver","P009","PEC-VEC-360","Veka tukova 360 g","chleb","klasicka","ks",14,3,"LOT-20250122-S002-580","S002","Moravske pecivo a.s. (mock)","99820002","CZ","WH01","DC Praha-Jinonice (mock)","A-CHLEB","PRG-C011-STR",70,70,0,1,127,57,30.15,4.02,12,2025.66,2268.74,1190.81,834.85,30,"uhrazeno","dodano",false,"","streda",false,false,0.7,1.9,-12,"vratne prepravky"
"TX-2025-000064","FV-2025-000064","ORD-2025-000064","2025-01-20T11:27:00","2025-01-23T09:04:00","2025-01-23","C002","ALBERT Mock Retail s.r.o.","retail_retezec","99910002","CZ99910002","Praha","Hlavni mesto Praha","10000",50.0724,14.4907,"EDI","platinum","P001","PEC-ROH-043","Rohlik tukovy 43 g","bezne_pecivo","klasicky","ks",50,1,"LOT-20250123-S002-569","S002","Moravske pecivo a.s. (mock)","99820002","CZ","WH01","DC Praha-Jinonice (mock)","B-BEZNE","PRG-C002-CTV",1750,1750,0,27,3594,1844,3.23,8.51,12,5171.47,5792.05,3305.98,1865.49,30,"uhrazeno","dodano",false,"","ctvrtek",false,false,3.9,0,-1,""
"TX-2025-000065","FV-2025-000065","ORD-2025-000065","2025-01-20T15:03:00","2025-01-23T09:27:00","2025-01-23","C003","KAUFLAND Mock CR v.o.s.","retail_retezec","99910003","CZ99910003","Brno","Jihomoravsky kraj","62700",49.1678,16.6827,"EDI","platinum","P002","PEC-ROH-055-CZ","Rohlik celozrnny 55 g","bezne_pecivo","celozrnny","ks",40,2,"LOT-20250123-S001-655","S001","Pekarna Slunce s.r.o. (mock)","99820001","CZ","WH02","DC Brno-Slatina (mock)","B-BEZNE","BRN-C003-CTV",1080,1080,24,28,2611,1555,6.49,8.86,12,6246.23,6995.78,3764.22,2482.01,30,"uhrazeno","dodano",false,"","ctvrtek",false,false,2.3,4.8,-13,"synteticky testovaci zaznam"
"TX-2025-000066","FV-2025-000066","ORD-2025-000066","2025-01-21T12:09:00","2025-01-23T07:39:00","2025-01-23","C008","BILLA Mock, spol. s r.o.","retail_retezec","99910008","CZ99910008","Modletice","Stredocesky kraj","25101",49.9708,14.5852,"EDI","gold","P004","PEC-CHL-500","Chleb konzumentni 500 g","chleb","psenicno-zitny","ks",12,4,"LOT-20250123-S003-472","S003","Slezska pekarna s.r.o. (mock)","99820003","CZ","WH01","DC Praha-Jinonice (mock)","A-CHLEB","PRG-C008-CTV",204,204,2,0,333,131,31.85,6.43,12,6020.01,6742.41,3932.73,2087.28,30,"uhrazeno","dodano",false,"","ctvrtek",false,false,-1.8,0,6,""
"TX-2025-000067","FV-2025-000067","ORD-2025-000067","2025-01-21T08:58:00","2025-01-24T04:59:00","2025-01-24","C001","LIDL Mock CR s.r.o.","retail_retezec","99910001","CZ99910001","Praha","Hlavni mesto Praha","15800",50.0525,14.3254,"EDI","platinum","P001","PEC-ROH-043","Rohlik tukovy 43 g","bezne_pecivo","klasicky","ks",50,1,"LOT-20250124-S001-322","S001","Pekarna Slunce s.r.o. (mock)","99820001","CZ","WH01","DC Praha-Jinonice (mock)","B-BEZNE","PRG-C001-PAT",3000,3000,0,52,6802,3802,3.23,8.85,12,8832.44,9892.33,5716.36,3116.08,30,"uhrazeno","dodano",false,"","patek",false,false,-1.5,0,-2,"vratne prepravky"
"TX-2025-000068","FV-2025-000068","ORD-2025-000068","2025-01-22T13:18:00","2025-01-24T09:53:00","2025-01-24","C005","PENNY Mock Market s.r.o.","retail_retezec","99910005","CZ99910005","Radonice","Stredocesky kraj","25073",50.1437,14.6077,"EDI","gold","P003","PEC-KAI-060","Kaiserka sezamova 60 g","bezne_pecivo","sezam","ks",35,2,"LOT-20250124-S003-406","S003","Slezska pekarna s.r.o. (mock)","99820003","CZ","WH01","DC Praha-Jinonice (mock)","B-BEZNE","PRG-C005-PAT",665,665,0,0,1758,1093,7.81,6.68,12,4846.71,5428.32,2965.08,1881.63,21,"uhrazeno","dodano",false,"","patek",false,false,-3.4,0,0,""
"TX-2025-000069","FV-2025-000069","ORD-2025-000069","2025-01-23T09:41:00","2025-01-24T10:47:00","2025-01-24","C006","Rohlik.cz Mock a.s.","ecommerce","99910006","CZ99910006","Praha","Hlavni mesto Praha","18600",50.1008,14.4749,"API_B2B","platinum","P012","PEC-DAL-070","Dalamanek grahamovy 70 g","bezne_pecivo","grahamovy","ks",32,2,"LOT-20250124-S002-486","S002","Moravske pecivo a.s. (mock)","99820002","CZ","WH01","DC Praha-Jinonice (mock)","B-BEZNE","PRG-C006-PAT",320,320,0,5,697,377,10.01,23.6,12,2447.24,2740.91,1733.14,714.1,14,"uhrazeno","dodano",true,"Akce pecivo -15 %","patek",false,false,2.5,0,-4,"prioritni vykladka"
"TX-2025-000070","FV-2025-000070","ORD-2025-000070","2025-01-22T11:34:00","2025-01-24T05:28:00","2025-01-24","C010","Kavarny KafeKruh s.r.o. (mock)","horeca","99910010","CZ99910010","Plzen","Plzensky kraj","30100",49.7384,13.3736,"B2B_eshop","silver","P010","PEC-SNE-090","Snek skorice 90 g","jemne_pecivo","skoricovy","ks",20,3,"LOT-20250124-S002-634","S002","Moravske pecivo a.s. (mock)","99820002","CZ","WH01","DC Praha-Jinonice (mock)","C-JEMNE","PRG-C010-PAT",60,60,0,0,128,68,23.05,4.04,12,1327.13,1486.39,835.89,491.24,14,"uhrazeno","dodano",false,"","patek",false,false,4.1,0,5,""
"TX-2025-000071","FV-2025-000071","ORD-2025-000071","2025-01-23T12:17:00","2025-01-25T08:28:00","2025-01-25","C001","LIDL Mock CR s.r.o.","retail_retezec","99910001","CZ99910001","Praha","Hlavni mesto Praha","15800",50.0525,14.3254,"EDI","platinum","P006","PEC-BAG-110","Bageta bila 110 g","bezne_pecivo","bila","ks",25,2,"LOT-20250125-S001-558","S001","Pekarna Slunce s.r.o. (mock)","99820001","CZ","WH01","DC Praha-Jinonice (mock)","B-BEZNE","PRG-C001-SOB",950,950,0,7,1593,643,12.68,8.97,12,10965.47,12281.33,6596.44,4369.03,30,"uhrazeno","dodano",false,"","sobota",true,false,1.7,4.8,-4,""
"TX-2025-000072","FV-2025-000072","ORD-2025-000072","2025-01-22T09:35:00","2025-01-25T04:53:00","2025-01-25","C004","TESCO Mock Stores CR a.s.","retail_retezec","99910004","CZ99910004","Ostrava","Moravskoslezsky kraj","70030",49.7854,18.2741,"EDI","gold","P005","PEC-CHL-750-ZIT","Chleb zitny kvaskovy 750 g","chleb","kvaskovy","ks",10,5,"LOT-20250125-S002-127","S002","Moravske pecivo a.s. (mock)","99820002","CZ","WH03","DC Ostrava-Hrabova (mock)","A-CHLEB","OVA-C004-SOB",320,320,0,3,521,201,54.55,21.3,12,13737.87,15386.41,10282.98,3454.89,30,"uhrazeno","dodano",true,"Akce pecivo -15 %","sobota",true,false,3.9,0,-8,""
"TX-2025-000073","FV-2025-000073","ORD-2025-000073","2025-01-24T09:12:00","2025-01-25T10:16:00","2025-01-25","C012","Restaurace U Tri pecnu s.r.o. (mock)","horeca","99910012","CZ99910012","Ceske Budejovice","Jihocesky kraj","37001",48.9745,14.4743,"obchodni_zastupce","standard","P009","PEC-VEC-360","Veka tukova 360 g","chleb","klasicka","ks",14,3,"LOT-20250125-S002-708","S002","Moravske pecivo a.s. (mock)","99820002","CZ","WH01","DC Praha-Jinonice (mock)","A-CHLEB","PRG-C012-SOB",42,42,0,0,59,17,30.31,2.17,12,1245.4,1394.85,741.07,504.33,14,"uhrazeno","dodano",false,"","sobota",true,false,3.8,1.1,6,""
"TX-2025-000074","FV-2025-000074","ORD-2025-000074","2025-01-24T09:44:00","2025-01-27T09:33:00","2025-01-27","C001","LIDL Mock CR s.r.o.","retail_retezec","99910001","CZ99910001","Praha","Hlavni mesto Praha","15800",50.0525,14.3254,"EDI","platinum","P008","PEC-KOB-060","Kobliha s marmeladou 60 g","jemne_pecivo","merunkova","ks",30,2,"LOT-20250127-S003-404","S003","Slezska pekarna s.r.o. (mock)","99820003","CZ","WH01","DC Praha-Jinonice (mock)","C-JEMNE","PRG-C001-PON",1140,1140,0,0,2537,1397,15.42,8.63,12,16061.75,17989.16,10109.5,5952.25,30,"uhrazeno","dodano",false,"","pondeli",false,false,-5.6,0,-15,"prioritni vykladka"
"TX-2025-000075","FV-2025-000075","ORD-2025-000075","2025-01-24T09:12:00","2025-01-27T08:21:00","2025-01-27","C003","KAUFLAND Mock CR v.o.s.","retail_retezec","99910003","CZ99910003","Brno","Jihomoravsky kraj","62700",49.1678,16.6827,"EDI","platinum","P001","PEC-ROH-043","Rohlik tukovy 43 g","bezne_pecivo","klasicky","ks",50,1,"LOT-20250127-S002-633","S002","Moravske pecivo a.s. (mock)","99820002","CZ","WH02","DC Brno-Slatina (mock)","B-BEZNE","BRN-C003-PON",2200,2200,0,21,4708,2508,3.23,8.54,12,6499.15,7279.05,4059.41,2439.74,30,"uhrazeno","dodano",false,"","pondeli",false,false,3.7,0,-3,""
"TX-2025-000076","FV-2025-000076","ORD-2025-000076","2025-01-26T08:08:00","2025-01-27T04:35:00","2025-01-27","C006","Rohlik.cz Mock a.s.","ecommerce","99910006","CZ99910006","Praha","Hlavni mesto Praha","18600",50.1008,14.4749,"API_B2B","platinum","P009","PEC-VEC-360","Veka tukova 360 g","chleb","klasicka","ks",14,3,"LOT-20250127-S002-181","S002","Moravske pecivo a.s. (mock)","99820002","CZ","WH01","DC Praha-Jinonice (mock)","A-CHLEB","PRG-C006-PON",112,112,0,0,165,53,29.39,8.76,12,3003.33,3363.73,1871.32,1132.01,14,"uhrazeno","dodano",false,"","pondeli",false,false,-2.4,1.4,-2,"prioritni vykladka"
"TX-2025-000077","FV-2025-000077","ORD-2025-000077","2025-01-26T12:13:00","2025-01-28T09:30:00","2025-01-28","C002","ALBERT Mock Retail s.r.o.","retail_retezec","99910002","CZ99910002","Praha","Hlavni mesto Praha","10000",50.0724,14.4907,"EDI","platinum","P011","PEC-HOU-060","Houska psenicna 60 g","bezne_pecivo","klasicka","ks",40,2,"LOT-20250128-S001-522","S001","Pekarna Slunce s.r.o. (mock)","99820001","CZ","WH01","DC Praha-Jinonice (mock)","B-BEZNE","PRG-C002-UTE",1600,1600,0,0,3286,1686,5.32,8.58,12,7781.67,8715.47,4783.83,2997.84,30,"uhrazeno","dodano",false,"","utery",false,false,1.6,0,12,""
"TX-2025-000078","FV-2025-000078","ORD-2025-000078","2025-01-26T17:53:00","2025-01-28T08:19:00","2025-01-28","C009","Skolni jidelna Javor (mock)","verejny_sektor","99910009","CZ99910009","Olomouc","Olomoucky kraj","77900",49.5938,17.2509,"email","standard","P001","PEC-ROH-043","Rohlik tukovy 43 g","bezne_pecivo","klasicky","ks",50,1,"LOT-20250128-S003-901","S003","Slezska pekarna s.r.o. (mock)","99820003","CZ","WH02","DC Brno-Slatina (mock)","B-BEZNE","BRN-C009-UTE",400,400,0,0,957,557,3.19,1.51,12,1256.73,1407.54,740.67,516.06,14,"uhrazeno","dodano",false,"","utery",false,false,-6,0,8,"kontrola mnozstvi pri prevzeti"
"TX-2025-000079","FV-2025-000079","ORD-2025-000079","2025-01-27T09:46:00","2025-01-29T06:50:00","2025-01-29","C001","LIDL Mock CR s.r.o.","retail_retezec","99910001","CZ99910001","Praha","Hlavni mesto Praha","15800",50.0525,14.3254,"EDI","platinum","P003","PEC-KAI-060","Kaiserka sezamova 60 g","bezne_pecivo","sezam","ks",35,2,"LOT-20250129-S003-864","S003","Slezska pekarna s.r.o. (mock)","99820003","CZ","WH01","DC Praha-Jinonice (mock)","B-BEZNE","PRG-C001-STR",1295,1295,0,0,3454,2159,8,8.83,12,9445.21,10578.64,5765.82,3679.39,30,"uhrazeno","dodano",false,"","streda",false,false,1.3,9.6,-9,""
"TX-2025-000080","FV-2025-000080","ORD-2025-000080","2025-01-27T13:44:00","2025-01-29T06:09:00","2025-01-29","C004","TESCO Mock Stores CR a.s.","retail_retezec","99910004","CZ99910004","Ostrava","Moravskoslezsky kraj","70030",49.7854,18.2741,"EDI","gold","P003","PEC-KAI-060","Kaiserka sezamova 60 g","bezne_pecivo","sezam","ks",35,2,"LOT-20250129-S001-579","S001","Pekarna Slunce s.r.o. (mock)","99820001","CZ","WH03","DC Ostrava-Hrabova (mock)","B-BEZNE","OVA-C004-STR",770,770,0,0,1315,545,7.92,6.68,12,5691.03,6373.95,3463.54,2227.49,30,"uhrazeno","dodano",false,"","streda",false,false,-4.2,1.1,-6,""
"TX-2025-000081","FV-2025-000081","ORD-2025-000081","2025-01-28T10:16:00","2025-01-29T05:04:00","2025-01-29","C006","Rohlik.cz Mock a.s.","ecommerce","99910006","CZ99910006","Praha","Hlavni mesto Praha","18600",50.1008,14.4749,"API_B2B","platinum","P005","PEC-CHL-750-ZIT","Chleb zitny kvaskovy 750 g","chleb","kvaskovy","ks",10,5,"LOT-20250129-S004-420","S004","Danube Bakery SK s.r.o. (mock)","99820004","SK","WH01","DC Praha-Jinonice (mock)","A-CHLEB","PRG-C006-STR",50,50,1,0,104,55,55.97,8.97,12,2496.53,2796.11,1578.75,917.78,14,"uhrazeno","dodano",false,"","streda",false,false,-0.2,3.1,-13,""
"TX-2025-000082","FV-2025-000082","ORD-2025-000082","2025-01-26T12:29:00","2025-01-29T09:44:00","2025-01-29","C011","Fakultni nemocnice Demo (mock)","verejny_sektor","99910011","CZ99910011","Hradec Kralove","Kralovehradecky kraj","50005",50.1956,15.8328,"email","silver","P009","PEC-VEC-360","Veka tukova 360 g","chleb","klasicka","ks",14,3,"LOT-20250129-S002-729","S002","Moravske pecivo a.s. (mock)","99820002","CZ","WH01","DC Praha-Jinonice (mock)","A-CHLEB","PRG-C011-STR",98,98,2,0,167,71,30.31,3.58,12,2805.59,3142.26,1648.01,1157.58,30,"uhrazeno","dodano",false,"","streda",false,false,-0.9,2.3,11,""
"TX-2025-000083","FV-2025-000083","ORD-2025-000083","2025-01-28T15:16:00","2025-01-30T08:54:00","2025-01-30","C002","ALBERT Mock Retail s.r.o.","retail_retezec","99910002","CZ99910002","Praha","Hlavni mesto Praha","10000",50.0724,14.4907,"EDI","platinum","P008","PEC-KOB-060","Kobliha s marmeladou 60 g","jemne_pecivo","merunkova","ks",30,2,"LOT-20250130-S003-658","S003","Slezska pekarna s.r.o. (mock)","99820003","CZ","WH01","DC Praha-Jinonice (mock)","C-JEMNE","PRG-C002-CTV",600,600,0,4,1099,499,15.48,9.1,12,8442.79,9455.92,5457.16,2985.63,30,"uhrazeno","dodano",false,"","ctvrtek",false,false,-4.7,0,4,"vratne prepravky"
"TX-2025-000084","FV-2025-000084","ORD-2025-000084","2025-01-28T12:06:00","2025-01-30T08:15:00","2025-01-30","C003","KAUFLAND Mock CR v.o.s.","retail_retezec","99910003","CZ99910003","Brno","Jihomoravsky kraj","62700",49.1678,16.6827,"EDI","platinum","P004","PEC-CHL-500","Chleb konzumentni 500 g","chleb","psenicno-zitny","ks",12,4,"LOT-20250130-S003-738","S003","Slezska pekarna s.r.o. (mock)","99820003","CZ","WH02","DC Brno-Slatina (mock)","A-CHLEB","BRN-C003-CTV",444,444,0,0,849,405,32.22,23.55,12,10936.69,12249.09,8567.72,2368.97,30,"uhrazeno","dodano",true,"Akce pecivo -15 %","ctvrtek",false,false,-2.3,0,13,""
"TX-2025-000085","FV-2025-000085","ORD-2025-000085","2025-01-27T16:02:00","2025-01-30T04:29:00","2025-01-30","C008","BILLA Mock, spol. s r.o.","retail_retezec","99910008","CZ99910008","Modletice","Stredocesky kraj","25101",49.9708,14.5852,"EDI","gold","P004","PEC-CHL-500","Chleb konzumentni 500 g","chleb","psenicno-zitny","ks",12,4,"LOT-20250130-S002-782","S002","Moravske pecivo a.s. (mock)","99820002","CZ","WH01","DC Praha-Jinonice (mock)","A-CHLEB","PRG-C008-CTV",204,204,0,1,378,174,31.72,6.24,12,6067.1,6795.15,4057.38,2009.72,30,"uhrazeno","dodano",false,"","ctvrtek",false,false,2.6,0,-15,"kontrola mnozstvi pri prevzeti"
"TX-2025-000086","FV-2025-000086","ORD-2025-000086","2025-01-29T10:21:00","2025-01-31T08:07:00","2025-01-31","C001","LIDL Mock CR s.r.o.","retail_retezec","99910001","CZ99910001","Praha","Hlavni mesto Praha","15800",50.0525,14.3254,"EDI","platinum","P004","PEC-CHL-500","Chleb konzumentni 500 g","chleb","psenicno-zitny","ks",12,4,"LOT-20250131-S003-759","S003","Slezska pekarna s.r.o. (mock)","99820003","CZ","WH01","DC Praha-Jinonice (mock)","A-CHLEB","PRG-C001-PAT",648,516,0,4,881,365,32.39,16.74,12,13915.44,15585.29,9931.83,3983.61,30,"uhrazeno","castecne_dodano",true,"Vikendova akce","patek",false,false,3,6.2,-1,""
"TX-2025-000087","FV-2025-000087","ORD-2025-000087","2025-01-29T08:32:00","2025-01-31T05:55:00","2025-01-31","C005","PENNY Mock Market s.r.o.","retail_retezec","99910005","CZ99910005","Radonice","Stredocesky kraj","25073",50.1437,14.6077,"EDI","gold","P008","PEC-KOB-060","Kobliha s marmeladou 60 g","jemne_pecivo","merunkova","ks",30,2,"LOT-20250131-S003-391","S003","Slezska pekarna s.r.o. (mock)","99820003","CZ","WH01","DC Praha-Jinonice (mock)","C-JEMNE","PRG-C005-PAT",450,450,0,12,778,328,15.44,6.34,12,6507.5,7288.4,3931.57,2575.93,21,"uhrazeno","dodano",false,"","patek",false,false,-3.5,0,8,"prioritni vykladka"
"TX-2025-000088","FV-2025-000088","ORD-2025-000088","2025-01-29T10:08:00","2025-01-31T05:51:00","2025-01-31","C006","Rohlik.cz Mock a.s.","ecommerce","99910006","CZ99910006","Praha","Hlavni mesto Praha","18600",50.1008,14.4749,"API_B2B","platinum","P001","PEC-ROH-043","Rohlik tukovy 43 g","bezne_pecivo","klasicky","ks",50,1,"LOT-20250131-S002-787","S002","Moravske pecivo a.s. (mock)","99820002","CZ","WH01","DC Praha-Jinonice (mock)","B-BEZNE","PRG-C006-PAT",600,600,0,15,848,248,3.14,8.87,12,1716.89,1922.92,1108.98,607.91,14,"uhrazeno","dodano",false,"","patek",false,false,1.9,0,-15,""
"TX-2025-000089","FV-2025-000089","ORD-2025-000089","2025-01-29T09:45:00","2025-01-31T08:58:00","2025-01-31","C010","Kavarny KafeKruh s.r.o. (mock)","horeca","99910010","CZ99910010","Plzen","Plzensky kraj","30100",49.7384,13.3736,"B2B_eshop","silver","P010","PEC-SNE-090","Snek skorice 90 g","jemne_pecivo","skoricovy","ks",20,3,"LOT-20250131-S004-760","S004","Danube Bakery SK s.r.o. (mock)","99820004","SK","WH01","DC Praha-Jinonice (mock)","C-JEMNE","PRG-C010-PAT",60,60,1,0,99,40,22.79,3.91,12,1292.04,1447.08,801.94,490.1,14,"uhrazeno","dodano",false,"","patek",false,false,-2,0,-6,""
"TX-2025-000090","FV-2025-000090","ORD-2025-000090","2025-01-29T15:41:00","2025-02-01T05:29:00","2025-02-01","C001","LIDL Mock CR s.r.o.","retail_retezec","99910001","CZ99910001","Praha","Hlavni mesto Praha","15800",50.0525,14.3254,"EDI","platinum","P007","PEC-CRO-065","Croissant maslovy 65 g","jemne_pecivo","maslovy","ks",24,3,"LOT-20250201-S002-285","S002","Moravske pecivo a.s. (mock)","99820002","CZ","WH01","DC Praha-Jinonice (mock)","C-JEMNE","PRG-C001-SOB",960,960,0,8,1522,562,19.16,8.46,12,16837.5,18858,11385.12,5452.38,30,"uhrazeno","dodano",false,"","sobota",true,false,-3.6,0,-3,"kontrola mnozstvi pri prevzeti"
"TX-2025-000091","FV-2025-000091","ORD-2025-000091","2025-01-30T08:24:00","2025-02-01T08:18:00","2025-02-01","C004","TESCO Mock Stores CR a.s.","retail_retezec","99910004","CZ99910004","Ostrava","Moravskoslezsky kraj","70030",49.7854,18.2741,"EDI","gold","P002","PEC-ROH-055-CZ","Rohlik celozrnny 55 g","bezne_pecivo","celozrnny","ks",40,2,"LOT-20250201-S002-672","S002","Moravske pecivo a.s. (mock)","99820002","CZ","WH03","DC Ostrava-Hrabova (mock)","B-BEZNE","OVA-C004-SOB",920,920,0,25,2277,1357,6.55,6.26,12,5648.77,6326.62,3401.8,2246.97,30,"uhrazeno","dodano",false,"","sobota",true,false,1.4,0,-9,""
"TX-2025-000092","FV-2025-000092","ORD-2025-000092","2025-01-29T09:01:00","2025-02-01T04:57:00","2025-02-01","C012","Restaurace U Tri pecnu s.r.o. (mock)","horeca","99910012","CZ99910012","Ceske Budejovice","Jihocesky kraj","37001",48.9745,14.4743,"obchodni_zastupce","standard","P005","PEC-CHL-750-ZIT","Chleb zitny kvaskovy 750 g","chleb","kvaskovy","ks",10,5,"LOT-20250201-S004-145","S004","Danube Bakery SK s.r.o. (mock)","99820004","SK","WH01","DC Praha-Jinonice (mock)","A-CHLEB","PRG-C012-SOB",30,30,0,0,66,36,54.37,2.24,12,1594.56,1785.91,954,640.56,14,"uhrazeno","dodano",false,"","sobota",true,false,4.5,0,-15,""
"TX-2025-000093","FV-2025-000093","ORD-2025-000093","2025-01-31T10:15:00","2025-02-03T06:38:00","2025-02-03","C001","LIDL Mock CR s.r.o.","retail_retezec","99910001","CZ99910001","Praha","Hlavni mesto Praha","15800",50.0525,14.3254,"EDI","platinum","P004","PEC-CHL-500","Chleb konzumentni 500 g","chleb","psenicno-zitny","ks",12,4,"LOT-20250203-S002-340","S002","Moravske pecivo a.s. (mock)","99820002","CZ","WH01","DC Praha-Jinonice (mock)","A-CHLEB","PRG-C001-PON",624,624,0,0,1458,834,32.42,9.11,12,18387.12,20593.57,12520.77,5866.35,30,"uhrazeno","dodano",false,"","pondeli",false,false,3.7,0,-8,"vratne prepravky"
"TX-2025-000094","FV-2025-000094","ORD-2025-000094","2025-02-02T08:45:00","2025-02-03T08:34:00","2025-02-03","C006","Rohlik.cz Mock a.s.","ecommerce","99910006","CZ99910006","Praha","Hlavni mesto Praha","18600",50.1008,14.4749,"API_B2B","platinum","P011","PEC-HOU-060","Houska psenicna 60 g","bezne_pecivo","klasicka","ks",40,2,"LOT-20250203-S002-449","S002","Moravske pecivo a.s. (mock)","99820002","CZ","WH01","DC Praha-Jinonice (mock)","B-BEZNE","PRG-C006-PON",400,400,0,0,935,535,5.5,8.73,12,2007.94,2248.89,1213.91,794.03,14,"uhrazeno","dodano",false,"","pondeli",false,false,-4.2,0,8,"kontrola mnozstvi pri prevzeti"
"TX-2025-000095","FV-2025-000095","ORD-2025-000095","2025-02-01T17:43:00","2025-02-03T08:53:00","2025-02-03","C007","MAKRO Mock Cash & Carry CR s.r.o.","velkoobchod","99910007","CZ99910007","Praha","Hlavni mesto Praha","25242",49.9971,14.4291,"EDI","gold","P001","PEC-ROH-043","Rohlik tukovy 43 g","bezne_pecivo","klasicky","ks",50,1,"LOT-20250203-S001-902","S001","Pekarna Slunce s.r.o. (mock)","99820001","CZ","WH01","DC Praha-Jinonice (mock)","B-BEZNE","PRG-C007-PON",1050,1050,0,0,2787,1737,3.18,6.04,12,3137.32,3513.8,1962.55,1174.77,21,"uhrazeno","dodano",false,"","pondeli",false,false,5.1,0.4,-15,""
"TX-2025-000096","FV-2025-000096","ORD-2025-000096","2025-02-01T09:17:00","2025-02-04T09:55:00","2025-02-04","C002","ALBERT Mock Retail s.r.o.","retail_retezec","99910002","CZ99910002","Praha","Hlavni mesto Praha","10000",50.0724,14.4907,"EDI","platinum","P005","PEC-CHL-750-ZIT","Chleb zitny kvaskovy 750 g","chleb","kvaskovy","ks",10,5,"LOT-20250204-S002-422","S002","Moravske pecivo a.s. (mock)","99820002","CZ","WH01","DC Praha-Jinonice (mock)","A-CHLEB","PRG-C002-UTE",240,240,1,3,380,141,55,16.1,12,11028.66,12352.1,7754.57,3274.09,30,"uhrazeno","dodano",true,"Vikendova akce","utery",false,false,-2.5,0.5,-11,""
"TX-2025-000097","FV-2025-000097","ORD-2025-000097","2025-02-02T08:07:00","2025-02-04T04:28:00","2025-02-04","C005","PENNY Mock Market s.r.o.","retail_retezec","99910005","CZ99910005","Radonice","Stredocesky kraj","25073",50.1437,14.6077,"EDI","gold","P001","PEC-ROH-043","Rohlik tukovy 43 g","bezne_pecivo","klasicky","ks",50,1,"LOT-20250204-S001-250","S001","Pekarna Slunce s.r.o. (mock)","99820001","CZ","WH01","DC Praha-Jinonice (mock)","B-BEZNE","PRG-C005-UTE",1250,1250,28,29,3580,2358,3.26,5.98,12,3745.49,4194.95,2296.11,1449.38,21,"uhrazeno","dodano",false,"","utery",false,false,-0.7,0,-9,""
"TX-2025-000098","FV-2025-000098","ORD-2025-000098","2025-02-03T14:23:00","2025-02-04T05:12:00","2025-02-04","C009","Skolni jidelna Javor (mock)","verejny_sektor","99910009","CZ99910009","Olomouc","Olomoucky kraj","77900",49.5938,17.2509,"email","standard","P001","PEC-ROH-043","Rohlik tukovy 43 g","bezne_pecivo","klasicky","ks",50,1,"LOT-20250204-S002-751","S002","Moravske pecivo a.s. (mock)","99820002","CZ","WH02","DC Brno-Slatina (mock)","B-BEZNE","BRN-C009-UTE",450,409,0,4,914,505,3.17,1.69,12,1274.62,1427.57,772.57,502.05,14,"uhrazeno","castecne_dodano",false,"","utery",false,false,-1.7,0.6,-15,""
"TX-2025-000099","FV-2025-000099","ORD-2025-000099","2025-02-02T17:22:00","2025-02-05T10:31:00","2025-02-05","C001","LIDL Mock CR s.r.o.","retail_retezec","99910001","CZ99910001","Praha","Hlavni mesto Praha","15800",50.0525,14.3254,"EDI","platinum","P001","PEC-ROH-043","Rohlik tukovy 43 g","bezne_pecivo","klasicky","ks",50,1,"LOT-20250205-S002-120","S002","Moravske pecivo a.s. (mock)","99820002","CZ","WH01","DC Praha-Jinonice (mock)","B-BEZNE","PRG-C001-STR",2950,2950,0,57,6019,3069,3.17,23.94,12,7112.75,7966.28,5444.76,1667.99,30,"uhrazeno","dodano",true,"Akce pecivo -15 %","streda",false,false,3.8,0,1,""
"TX-2025-000100","FV-2025-000100","ORD-2025-000100","2025-02-02T11:44:00","2025-02-05T08:19:00","2025-02-05","C004","TESCO Mock Stores CR a.s.","retail_retezec","99910004","CZ99910004","Ostrava","Moravskoslezsky kraj","70030",49.7854,18.2741,"EDI","gold","P004","PEC-CHL-500","Chleb konzumentni 500 g","chleb","psenicno-zitny","ks",12,4,"LOT-20250205-S001-147","S001","Pekarna Slunce s.r.o. (mock)","99820001","CZ","WH03","DC Ostrava-Hrabova (mock)","A-CHLEB","OVA-C004-STR",492,492,0,5,665,173,32.01,21.13,12,12421.17,13911.71,9767.63,2653.54,30,"uhrazeno","dodano",true,"Akce pecivo -15 %","streda",false,false,5,2.3,-11,"vratne prepravky"
"TX-2025-000101","FV-2025-000101","ORD-2025-000101","2025-02-02T13:55:00","2025-02-05T04:07:00","2025-02-05","C006","Rohlik.cz Mock a.s.","ecommerce","99910006","CZ99910006","Praha","Hlavni mesto Praha","18600",50.1008,14.4749,"API_B2B","platinum","P009","PEC-VEC-360","Veka tukova 360 g","chleb","klasicka","ks",14,3,"LOT-20250205-S002-902","S002","Moravske pecivo a.s. (mock)","99820002","CZ","WH01","DC Praha-Jinonice (mock)","A-CHLEB","PRG-C006-STR",98,98,0,0,205,107,29.38,8.88,12,2623.56,2938.39,1609.67,1013.89,14,"uhrazeno","dodano",false,"","streda",false,false,2.7,0,1,""
"TX-2025-000102","FV-2025-000102","ORD-2025-000102","2025-02-02T08:03:00","2025-02-05T05:54:00","2025-02-05","C011","Fakultni nemocnice Demo (mock)","verejny_sektor","99910011","CZ99910011","Hradec Kralove","Kralovehradecky kraj","50005",50.1956,15.8328,"email","silver","P002","PEC-ROH-055-CZ","Rohlik celozrnny 55 g","bezne_pecivo","celozrnny","ks",40,2,"LOT-20250205-S001-294","S001","Pekarna Slunce s.r.o. (mock)","99820001","CZ","WH01","DC Praha-Jinonice (mock)","B-BEZNE","PRG-C011-STR",280,280,0,7,669,389,6.53,3.1,12,1771.72,1984.33,1051.8,719.92,30,"uhrazeno","dodano",false,"","streda",false,false,1.7,0,7,""
"TX-2025-000103","FV-2025-000103","ORD-2025-000103","2025-02-04T14:35:00","2025-02-06T07:14:00","2025-02-06","C002","ALBERT Mock Retail s.r.o.","retail_retezec","99910002","CZ99910002","Praha","Hlavni mesto Praha","10000",50.0724,14.4907,"EDI","platinum","P011","PEC-HOU-060","Houska psenicna 60 g","bezne_pecivo","klasicka","ks",40,2,"LOT-20250206-S003-427","S003","Slezska pekarna s.r.o. (mock)","99820003","CZ","WH01","DC Praha-Jinonice (mock)","B-BEZNE","PRG-C002-CTV",1120,1120,11,0,2450,1341,5.45,8.26,12,5544.81,6210.19,3308.17,2236.64,30,"uhrazeno","dodano",false,"","ctvrtek",false,false,5.7,0,6,""
"TX-2025-000104","FV-2025-000104","ORD-2025-000104","2025-02-03T16:14:00","2025-02-06T05:13:00","2025-02-06","C008","BILLA Mock, spol. s r.o.","retail_retezec","99910008","CZ99910008","Modletice","Stredocesky kraj","25101",49.9708,14.5852,"EDI","gold","P003","PEC-KAI-060","Kaiserka sezamova 60 g","bezne_pecivo","sezam","ks",35,2,"LOT-20250206-S003-868","S003","Slezska pekarna s.r.o. (mock)","99820003","CZ","WH01","DC Praha-Jinonice (mock)","B-BEZNE","PRG-C008-CTV",665,665,0,0,1154,489,7.99,6.38,12,4974.36,5571.28,2997.09,1977.27,30,"uhrazeno","dodano",false,"","ctvrtek",false,false,3.7,0,7,""
"TX-2025-000105","FV-2025-000105","ORD-2025-000105","2025-02-04T11:59:00","2025-02-07T09:18:00","2025-02-07","C001","LIDL Mock CR s.r.o.","retail_retezec","99910001","CZ99910001","Praha","Hlavni mesto Praha","15800",50.0525,14.3254,"EDI","platinum","P004","PEC-CHL-500","Chleb konzumentni 500 g","chleb","psenicno-zitny","ks",12,4,"LOT-20250207-S002-853","S002","Moravske pecivo a.s. (mock)","99820002","CZ","WH01","DC Praha-Jinonice (mock)","A-CHLEB","PRG-C001-PAT",588,588,1,0,895,308,32.28,9.12,12,17220.27,19286.7,11436.2,5784.07,30,"uhrazeno","dodano",false,"","patek",false,false,-2,0.3,10,"kontrola mnozstvi pri prevzeti"
"TX-2025-000106","FV-2025-000106","ORD-2025-000106","2025-02-04T11:24:00","2025-02-07T04:31:00","2025-02-07","C005","PENNY Mock Market s.r.o.","retail_retezec","99910005","CZ99910005","Radonice","Stredocesky kraj","25073",50.1437,14.6077,"EDI","gold","P004","PEC-CHL-500","Chleb konzumentni 500 g","chleb","psenicno-zitny","ks",12,4,"LOT-20250207-S002-485","S002","Moravske pecivo a.s. (mock)","99820002","CZ","WH01","DC Praha-Jinonice (mock)","A-CHLEB","PRG-C005-PAT",384,384,0,0,596,212,32.07,21.19,12,9705.36,10870,7514.65,2190.71,21,"uhrazeno","dodano",true,"Akce pecivo -15 %","patek",false,false,-0.4,0.6,12,""
"TX-2025-000107","FV-2025-000107","ORD-2025-000107","2025-02-04T15:04:00","2025-02-07T04:27:00","2025-02-07","C006","Rohlik.cz Mock a.s.","ecommerce","99910006","CZ99910006","Praha","Hlavni mesto Praha","18600",50.1008,14.4749,"API_B2B","platinum","P010","PEC-SNE-090","Snek skorice 90 g","jemne_pecivo","skoricovy","ks",20,3,"LOT-20250207-S004-531","S004","Danube Bakery SK s.r.o. (mock)","99820004","SK","WH01","DC Praha-Jinonice (mock)","C-JEMNE","PRG-C006-PAT",200,200,0,0,326,126,23.11,16.8,12,3845.5,4306.96,2706.81,1138.69,14,"uhrazeno","dodano",true,"Vikendova akce","patek",false,false,0.9,0,-15,""
"TX-2025-000108","FV-2025-000108","ORD-2025-000108","2025-02-04T13:10:00","2025-02-07T08:31:00","2025-02-07","C010","Kavarny KafeKruh s.r.o. (mock)","horeca","99910010","CZ99910010","Plzen","Plzensky kraj","30100",49.7384,13.3736,"B2B_eshop","silver","P007","PEC-CRO-065","Croissant maslovy 65 g","jemne_pecivo","maslovy","ks",24,3,"LOT-20250207-S004-476","S004","Danube Bakery SK s.r.o. (mock)","99820004","SK","WH01","DC Praha-Jinonice (mock)","C-JEMNE","PRG-C010-PAT",48,48,0,1,144,96,19.09,3.26,12,886.45,992.82,581.37,305.08,14,"uhrazeno","dodano",false,"","patek",false,false,4.4,1.8,5,""
"TX-2025-000109","FV-2025-000109","ORD-2025-000109","2025-02-06T17:50:00","2025-02-08T05:17:00","2025-02-08","C001","LIDL Mock CR s.r.o.","retail_retezec","99910001","CZ99910001","Praha","Hlavni mesto Praha","15800",50.0525,14.3254,"EDI","platinum","P006","PEC-BAG-110","Bageta bila 110 g","bezne_pecivo","bila","ks",25,2,"LOT-20250208-S003-201","S003","Slezska pekarna s.r.o. (mock)","99820003","CZ","WH01","DC Praha-Jinonice (mock)","B-BEZNE","PRG-C001-SOB",1050,1050,0,0,2527,1477,13.09,8.38,12,12592.71,14103.84,7437.8,5154.91,30,"uhrazeno","dodano",false,"","sobota",true,false,1.4,0,-15,"synteticky testovaci zaznam"
"TX-2025-000110","FV-2025-000110","ORD-2025-000110","2025-02-05T17:23:00","2025-02-08T10:57:00","2025-02-08","C012","Restaurace U Tri pecnu s.r.o. (mock)","horeca","99910012","CZ99910012","Ceske Budejovice","Jihocesky kraj","37001",48.9745,14.4743,"obchodni_zastupce","standard","P001","PEC-ROH-043","Rohlik tukovy 43 g","bezne_pecivo","klasicky","ks",50,1,"LOT-20250208-S003-145","S003","Slezska pekarna s.r.o. (mock)","99820003","CZ","WH01","DC Praha-Jinonice (mock)","B-BEZNE","PRG-C012-SOB",300,300,0,0,484,184,3.26,2.3,12,955.51,1070.17,578.97,376.54,14,"uhrazeno","dodano",false,"","sobota",true,false,0.7,0.3,-6,""
"TX-2025-000111","FV-2025-000111","ORD-2025-000111","2025-02-08T10:04:00","2025-02-10T09:54:00","2025-02-10","C001","LIDL Mock CR s.r.o.","retail_retezec","99910001","CZ99910001","Praha","Hlavni mesto Praha","15800",50.0525,14.3254,"EDI","platinum","P002","PEC-ROH-055-CZ","Rohlik celozrnny 55 g","bezne_pecivo","celozrnny","ks",40,2,"LOT-20250210-S002-702","S002","Moravske pecivo a.s. (mock)","99820002","CZ","WH01","DC Praha-Jinonice (mock)","B-BEZNE","PRG-C001-PON",1720,1720,22,0,2735,1037,6.6,8.12,12,10296.81,11532.43,6318.44,3978.37,30,"uhrazeno","dodano",false,"","pondeli",false,false,1.7,13,13,""
"TX-2025-000112","FV-2025-000112","ORD-2025-000112","2025-02-07T17:13:00","2025-02-10T09:04:00","2025-02-10","C003","KAUFLAND Mock CR v.o.s.","retail_retezec","99910003","CZ99910003","Brno","Jihomoravsky kraj","62700",49.1678,16.6827,"EDI","platinum","P007","PEC-CRO-065","Croissant maslovy 65 g","jemne_pecivo","maslovy","ks",24,3,"LOT-20250210-S004-290","S004","Danube Bakery SK s.r.o. (mock)","99820004","SK","WH02","DC Brno-Slatina (mock)","C-JEMNE","BRN-C003-PON",648,648,0,0,1560,912,18.91,8.53,12,11208.44,12553.45,7912.52,3295.92,30,"uhrazeno","dodano",false,"","pondeli",false,false,0.6,1.9,11,""
"TX-2025-000113","FV-2025-000113","ORD-2025-000113","2025-02-08T11:03:00","2025-02-10T04:02:00","2025-02-10","C007","MAKRO Mock Cash & Carry CR s.r.o.","velkoobchod","99910007","CZ99910007","Praha","Hlavni mesto Praha","25242",49.9971,14.4291,"EDI","gold","P001","PEC-ROH-043","Rohlik tukovy 43 g","bezne_pecivo","klasicky","ks",50,1,"LOT-20250210-S002-421","S002","Moravske pecivo a.s. (mock)","99820002","CZ","WH01","DC Praha-Jinonice (mock)","B-BEZNE","PRG-C007-PON",1000,1000,0,4,2548,1548,3.16,6.38,12,2958.39,3313.4,1789.03,1169.36,21,"uhrazeno","dodano",false,"","pondeli",false,false,5.2,0,2,""
"TX-2025-000114","FV-2025-000114","ORD-2025-000114","2025-02-09T14:21:00","2025-02-11T07:11:00","2025-02-11","C002","ALBERT Mock Retail s.r.o.","retail_retezec","99910002","CZ99910002","Praha","Hlavni mesto Praha","10000",50.0724,14.4907,"EDI","platinum","P002","PEC-ROH-055-CZ","Rohlik celozrnny 55 g","bezne_pecivo","celozrnny","ks",40,2,"LOT-20250211-S001-476","S001","Pekarna Slunce s.r.o. (mock)","99820001","CZ","WH01","DC Praha-Jinonice (mock)","B-BEZNE","PRG-C002-UTE",1320,1320,24,6,2216,920,6.39,8.8,12,7552.67,8458.99,4648.58,2904.09,30,"uhrazeno","dodano",false,"","utery",false,false,5.6,4.7,9,""
"TX-2025-000115","FV-2025-000115","ORD-2025-000115","2025-02-09T11:12:00","2025-02-11T07:53:00","2025-02-11","C005","PENNY Mock Market s.r.o.","retail_retezec","99910005","CZ99910005","Radonice","Stredocesky kraj","25073",50.1437,14.6077,"EDI","gold","P008","PEC-KOB-060","Kobliha s marmeladou 60 g","jemne_pecivo","merunkova","ks",30,2,"LOT-20250211-S003-716","S003","Slezska pekarna s.r.o. (mock)","99820003","CZ","WH01","DC Praha-Jinonice (mock)","C-JEMNE","PRG-C005-UTE",570,570,2,11,813,245,15.43,14.36,12,7505.7,8406.38,4975.96,2529.74,21,"uhrazeno","dodano",true,"Vikendova akce","utery",false,false,-1.2,4.5,9,""
"TX-2025-000116","FV-2025-000116","ORD-2025-000116","2025-02-10T08:01:00","2025-02-11T04:05:00","2025-02-11","C009","Skolni jidelna Javor (mock)","verejny_sektor","99910009","CZ99910009","Olomouc","Olomoucky kraj","77900",49.5938,17.2509,"email","standard","P004","PEC-CHL-500","Chleb konzumentni 500 g","chleb","psenicno-zitny","ks",12,4,"LOT-20250211-S002-240","S002","Moravske pecivo a.s. (mock)","99820002","CZ","WH02","DC Brno-Slatina (mock)","A-CHLEB","BRN-C009-UTE",84,84,0,0,162,78,32.22,1.52,12,2665.34,2985.18,1614.94,1050.4,14,"uhrazeno","dodano",false,"","utery",false,false,6.3,0,12,""
"TX-2025-000117","FV-2025-000117","ORD-2025-000117","2025-02-10T14:07:00","2025-02-12T04:34:00","2025-02-12","C001","LIDL Mock CR s.r.o.","retail_retezec","99910001","CZ99910001","Praha","Hlavni mesto Praha","15800",50.0525,14.3254,"EDI","platinum","P003","PEC-KAI-060","Kaiserka sezamova 60 g","bezne_pecivo","sezam","ks",35,2,"LOT-20250212-S003-961","S003","Slezska pekarna s.r.o. (mock)","99820003","CZ","WH01","DC Praha-Jinonice (mock)","B-BEZNE","PRG-C001-STR",1155,1155,0,0,3280,2125,7.87,8.05,12,8358.12,9361.09,5154.16,3203.96,30,"uhrazeno","dodano",false,"","streda",false,false,0,0,-15,"vratne prepravky"
"TX-2025-000118","FV-2025-000118","ORD-2025-000118","2025-02-10T10:48:00","2025-02-12T04:00:00","2025-02-12","C004","TESCO Mock Stores CR a.s.","retail_retezec","99910004","CZ99910004","Ostrava","Moravskoslezsky kraj","70030",49.7854,18.2741,"EDI","gold","P006","PEC-BAG-110","Bageta bila 110 g","bezne_pecivo","bila","ks",25,2,"LOT-20250212-S003-236","S003","Slezska pekarna s.r.o. (mock)","99820003","CZ","WH03","DC Ostrava-Hrabova (mock)","B-BEZNE","OVA-C004-STR",675,675,0,0,1657,982,12.67,5.53,12,8079.31,9048.83,4746.61,3332.7,30,"uhrazeno","dodano",false,"","streda",false,false,-2.7,0,-4,""
"TX-2025-000119","FV-2025-000119","ORD-2025-000119","2025-02-11T09:41:00","2025-02-12T05:56:00","2025-02-12","C006","Rohlik.cz Mock a.s.","ecommerce","99910006","CZ99910006","Praha","Hlavni mesto Praha","18600",50.1008,14.4749,"API_B2B","platinum","P009","PEC-VEC-360","Veka tukova 360 g","chleb","klasicka","ks",14,3,"LOT-20250212-S002-768","S002","Moravske pecivo a.s. (mock)","99820002","CZ","WH01","DC Praha-Jinonice (mock)","A-CHLEB","PRG-C006-STR",84,84,2,1,120,38,29.38,8.01,12,2216.19,2482.13,1373.92,842.27,14,"uhrazeno","dodano",false,"","streda",false,false,-2.2,0,6,"vratne prepravky"
"TX-2025-000120","FV-2025-000120","ORD-2025-000120","2025-02-09T17:05:00","2025-02-12T09:13:00","2025-02-12","C011","Fakultni nemocnice Demo (mock)","verejny_sektor","99910011","CZ99910011","Hradec Kralove","Kralovehradecky kraj","50005",50.1956,15.8328,"email","silver","P001","PEC-ROH-043","Rohlik tukovy 43 g","bezne_pecivo","klasicky","ks",50,1,"LOT-20250212-S002-826","S002","Moravske pecivo a.s. (mock)","99820002","CZ","WH01","DC Praha-Jinonice (mock)","B-BEZNE","PRG-C011-STR",500,0,0,0,723,723,3.24,3.44,12,0,0,0,0,30,"stornovano","zruseno",false,"","streda",false,false,3.1,0,0,""
"TX-2025-000121","FV-2025-000121","ORD-2025-000121","2025-02-11T09:41:00","2025-02-13T05:07:00","2025-02-13","C002","ALBERT Mock Retail s.r.o.","retail_retezec","99910002","CZ99910002","Praha","Hlavni mesto Praha","10000",50.0724,14.4907,"EDI","platinum","P005","PEC-CHL-750-ZIT","Chleb zitny kvaskovy 750 g","chleb","kvaskovy","ks",10,5,"LOT-20250213-S002-167","S002","Moravske pecivo a.s. (mock)","99820002","CZ","WH01","DC Praha-Jinonice (mock)","A-CHLEB","PRG-C002-CTV",300,300,0,0,502,202,56.04,17.07,12,13942.19,15615.25,9742.44,4199.75,30,"uhrazeno","dodano",true,"Vikendova akce","ctvrtek",false,false,5.7,3.4,14,"synteticky testovaci zaznam"
"TX-2025-000122","FV-2025-000122","ORD-2025-000122","2025-02-11T08:50:00","2025-02-13T09:49:00","2025-02-13","C003","KAUFLAND Mock CR v.o.s.","retail_retezec","99910003","CZ99910003","Brno","Jihomoravsky kraj","62700",49.1678,16.6827,"EDI","platinum","P003","PEC-KAI-060","Kaiserka sezamova 60 g","bezne_pecivo","sezam","ks",35,2,"LOT-20250213-S001-516","S001","Pekarna Slunce s.r.o. (mock)","99820001","CZ","WH02","DC Brno-Slatina (mock)","B-BEZNE","BRN-C003-CTV",1085,1085,0,0,2333,1248,7.84,8.93,12,7746.78,8676.39,4742.69,3004.09,30,"uhrazeno","dodano",false,"","ctvrtek",false,false,-2.1,0,-5,""
"TX-2025-000123","FV-2025-000123","ORD-2025-000123","2025-02-11T12:01:00","2025-02-13T07:16:00","2025-02-13","C008","BILLA Mock, spol. s r.o.","retail_retezec","99910008","CZ99910008","Modletice","Stredocesky kraj","25101",49.9708,14.5852,"EDI","gold","P001","PEC-ROH-043","Rohlik tukovy 43 g","bezne_pecivo","klasicky","ks",50,1,"LOT-20250213-S003-862","S003","Slezska pekarna s.r.o. (mock)","99820003","CZ","WH01","DC Praha-Jinonice (mock)","B-BEZNE","PRG-C008-CTV",950,950,0,14,2504,1554,3.26,5.72,12,2919.85,3270.23,1761.34,1158.51,30,"uhrazeno","dodano",false,"","ctvrtek",false,false,1.2,0,-3,""
"TX-2025-000124","FV-2025-000124","ORD-2025-000124","2025-02-11T16:46:00","2025-02-14T04:46:00","2025-02-14","C001","LIDL Mock CR s.r.o.","retail_retezec","99910001","CZ99910001","Praha","Hlavni mesto Praha","15800",50.0525,14.3254,"EDI","platinum","P006","PEC-BAG-110","Bageta bila 110 g","bezne_pecivo","bila","ks",25,2,"LOT-20250214-S001-342","S001","Pekarna Slunce s.r.o. (mock)","99820001","CZ","WH01","DC Praha-Jinonice (mock)","B-BEZNE","PRG-C001-PAT",1125,1125,0,14,2019,894,13.12,23.7,12,11261.88,12613.31,8204.02,3057.86,30,"uhrazeno","dodano",true,"Akce pecivo -15 %","patek",false,false,-4,0,11,""
"TX-2025-000125","FV-2025-000125","ORD-2025-000125","2025-02-12T17:34:00","2025-02-14T05:38:00","2025-02-14","C005","PENNY Mock Market s.r.o.","retail_retezec","99910005","CZ99910005","Radonice","Stredocesky kraj","25073",50.1437,14.6077,"EDI","gold","P001","PEC-ROH-043","Rohlik tukovy 43 g","bezne_pecivo","klasicky","ks",50,1,"LOT-20250214-S002-834","S002","Moravske pecivo a.s. (mock)","99820002","CZ","WH01","DC Praha-Jinonice (mock)","B-BEZNE","PRG-C005-PAT",1200,1200,0,0,3410,2210,3.15,5.59,12,3568.7,3996.94,2229.42,1339.28,21,"uhrazeno","dodano",false,"","patek",false,false,-2.9,0,-5,""
"TX-2025-000126","FV-2025-000126","ORD-2025-000126","2025-02-12T16:23:00","2025-02-14T05:10:00","2025-02-14","C006","Rohlik.cz Mock a.s.","ecommerce","99910006","CZ99910006","Praha","Hlavni mesto Praha","18600",50.1008,14.4749,"API_B2B","platinum","P007","PEC-CRO-065","Croissant maslovy 65 g","jemne_pecivo","maslovy","ks",24,3,"LOT-20250214-S002-873","S002","Moravske pecivo a.s. (mock)","99820002","CZ","WH01","DC Praha-Jinonice (mock)","C-JEMNE","PRG-C006-PAT",216,216,1,0,392,177,19.15,8.84,12,3753.29,4203.68,2597.59,1155.7,14,"uhrazeno","dodano",false,"","patek",false,false,-0.8,0,12,""
"TX-2025-000127","FV-2025-000127","ORD-2025-000127","2025-02-12T15:31:00","2025-02-14T05:48:00","2025-02-14","C010","Kavarny KafeKruh s.r.o. (mock)","horeca","99910010","CZ99910010","Plzen","Plzensky kraj","30100",49.7384,13.3736,"B2B_eshop","silver","P005","PEC-CHL-750-ZIT","Chleb zitny kvaskovy 750 g","chleb","kvaskovy","ks",10,5,"LOT-20250214-S004-637","S004","Danube Bakery SK s.r.o. (mock)","99820004","SK","WH01","DC Praha-Jinonice (mock)","A-CHLEB","PRG-C010-PAT",20,20,0,0,35,15,55.72,3.98,12,1070.05,1198.46,666.19,403.86,14,"uhrazeno","dodano",false,"","patek",false,false,-2,0,5,"prioritni vykladka"
"TX-2025-000128","FV-2025-000128","ORD-2025-000128","2025-02-12T11:14:00","2025-02-15T05:34:00","2025-02-15","C001","LIDL Mock CR s.r.o.","retail_retezec","99910001","CZ99910001","Praha","Hlavni mesto Praha","15800",50.0525,14.3254,"EDI","platinum","P003","PEC-KAI-060","Kaiserka sezamova 60 g","bezne_pecivo","sezam","ks",35,2,"LOT-20250215-S001-763","S001","Pekarna Slunce s.r.o. (mock)","99820001","CZ","WH01","DC Praha-Jinonice (mock)","B-BEZNE","PRG-C001-SOB",1715,1715,24,27,3585,1894,7.79,23.77,12,10041.69,11246.69,7438.33,2603.36,30,"uhrazeno","dodano",true,"Akce pecivo -15 %","sobota",true,false,6.5,0,11,""
"TX-2025-000129","FV-2025-000129","ORD-2025-000129","2025-02-13T08:55:00","2025-02-15T10:17:00","2025-02-15","C004","TESCO Mock Stores CR a.s.","retail_retezec","99910004","CZ99910004","Ostrava","Moravskoslezsky kraj","70030",49.7854,18.2741,"EDI","gold","P001","PEC-ROH-043","Rohlik tukovy 43 g","bezne_pecivo","klasicky","ks",50,1,"LOT-20250215-S003-492","S003","Slezska pekarna s.r.o. (mock)","99820003","CZ","WH03","DC Ostrava-Hrabova (mock)","B-BEZNE","OVA-C004-SOB",1400,1400,0,25,4030,2630,3.24,6.6,12,4236.62,4745.01,2654.55,1582.07,30,"uhrazeno","dodano",false,"","sobota",true,false,-0.1,0,-7,""
"TX-2025-000130","FV-2025-000130","ORD-2025-000130","2025-02-12T16:06:00","2025-02-15T10:22:00","2025-02-15","C012","Restaurace U Tri pecnu s.r.o. (mock)","horeca","99910012","CZ99910012","Ceske Budejovice","Jihocesky kraj","37001",48.9745,14.4743,"obchodni_zastupce","standard","P001","PEC-ROH-043","Rohlik tukovy 43 g","bezne_pecivo","klasicky","ks",50,1,"LOT-20250215-S001-531","S001","Pekarna Slunce s.r.o. (mock)","99820001","CZ","WH01","DC Praha-Jinonice (mock)","B-BEZNE","PRG-C012-SOB",300,300,0,5,552,252,3.22,1.63,12,950.25,1064.28,561.77,388.48,14,"uhrazeno","dodano",false,"","sobota",true,false,-0.7,0,-1,""
"TX-2025-000131","FV-2025-000131","ORD-2025-000131","2025-02-14T15:06:00","2025-02-17T05:26:00","2025-02-17","C001","LIDL Mock CR s.r.o.","retail_retezec","99910001","CZ99910001","Praha","Hlavni mesto Praha","15800",50.0525,14.3254,"EDI","platinum","P007","PEC-CRO-065","Croissant maslovy 65 g","jemne_pecivo","maslovy","ks",24,3,"LOT-20250217-S002-101","S002","Moravske pecivo a.s. (mock)","99820002","CZ","WH01","DC Praha-Jinonice (mock)","C-JEMNE","PRG-C001-PON",984,984,0,8,2189,1205,18.62,8.52,12,16761.04,18772.36,11391.06,5369.98,30,"uhrazeno","dodano",false,"","pondeli",false,false,0.5,1.9,13,"kontrola mnozstvi pri prevzeti"
"TX-2025-000132","FV-2025-000132","ORD-2025-000132","2025-02-14T13:02:00","2025-02-17T05:07:00","2025-02-17","C006","Rohlik.cz Mock a.s.","ecommerce","99910006","CZ99910006","Praha","Hlavni mesto Praha","18600",50.1008,14.4749,"API_B2B","platinum","P009","PEC-VEC-360","Veka tukova 360 g","chleb","klasicka","ks",14,3,"LOT-20250217-S001-535","S001","Pekarna Slunce s.r.o. (mock)","99820001","CZ","WH01","DC Praha-Jinonice (mock)","A-CHLEB","PRG-C006-PON",140,140,2,0,240,102,30.47,23.13,12,3232.28,3620.15,2454.8,777.48,14,"uhrazeno","dodano",true,"Akce pecivo -15 %","pondeli",false,false,-3.6,3.8,-15,""
"TX-2025-000133","FV-2025-000133","ORD-2025-000133","2025-02-14T08:55:00","2025-02-17T09:45:00","2025-02-17","C007","MAKRO Mock Cash & Carry CR s.r.o.","velkoobchod","99910007","CZ99910007","Praha","Hlavni mesto Praha","25242",49.9971,14.4291,"EDI","gold","P004","PEC-CHL-500","Chleb konzumentni 500 g","chleb","psenicno-zitny","ks",12,4,"LOT-20250217-S002-980","S002","Moravske pecivo a.s. (mock)","99820002","CZ","WH01","DC Praha-Jinonice (mock)","A-CHLEB","PRG-C007-PON",240,240,0,0,343,103,32.54,5.6,12,7372.26,8256.93,4756.68,2615.58,21,"uhrazeno","dodano",false,"","pondeli",false,false,4.7,0,1,""
"TX-2025-000134","FV-2025-000134","ORD-2025-000134","2025-02-16T10:28:00","2025-02-18T09:37:00","2025-02-18","C002","ALBERT Mock Retail s.r.o.","retail_retezec","99910002","CZ99910002","Praha","Hlavni mesto Praha","10000",50.0724,14.4907,"EDI","platinum","P005","PEC-CHL-750-ZIT","Chleb zitny kvaskovy 750 g","chleb","kvaskovy","ks",10,5,"LOT-20250218-S004-866","S004","Danube Bakery SK s.r.o. (mock)","99820004","SK","WH01","DC Praha-Jinonice (mock)","A-CHLEB","PRG-C002-UTE",280,280,0,0,470,190,54.24,8.23,12,13937.29,15609.76,9066.1,4871.19,30,"uhrazeno","dodano",false,"","utery",false,false,1.5,0,-15,""
"TX-2025-000135","FV-2025-000135","ORD-2025-000135","2025-02-16T12:09:00","2025-02-18T10:57:00","2025-02-18","C005","PENNY Mock Market s.r.o.","retail_retezec","99910005","CZ99910005","Radonice","Stredocesky kraj","25073",50.1437,14.6077,"EDI","gold","P003","PEC-KAI-060","Kaiserka sezamova 60 g","bezne_pecivo","sezam","ks",35,2,"LOT-20250218-S003-967","S003","Slezska pekarna s.r.o. (mock)","99820003","CZ","WH01","DC Praha-Jinonice (mock)","B-BEZNE","PRG-C005-UTE",665,665,0,0,1833,1168,7.95,6.48,12,4944.17,5537.47,3084.93,1859.24,21,"uhrazeno","dodano",false,"","utery",false,false,0.5,0,-6,"kontrola mnozstvi pri prevzeti"
"TX-2025-000136","FV-2025-000136","ORD-2025-000136","2025-02-17T11:03:00","2025-02-18T08:26:00","2025-02-18","C009","Skolni jidelna Javor (mock)","verejny_sektor","99910009","CZ99910009","Olomouc","Olomoucky kraj","77900",49.5938,17.2509,"email","standard","P001","PEC-ROH-043","Rohlik tukovy 43 g","bezne_pecivo","klasicky","ks",50,1,"LOT-20250218-S002-675","S002","Moravske pecivo a.s. (mock)","99820002","CZ","WH02","DC Brno-Slatina (mock)","B-BEZNE","BRN-C009-UTE",400,400,0,5,650,250,3.21,2.29,12,1254.6,1405.15,748.37,506.23,14,"uhrazeno","dodano",false,"","utery",false,false,-3.8,0,-4,"prioritni vykladka"
"TX-2025-000137","FV-2025-000137","ORD-2025-000137","2025-02-17T09:29:00","2025-02-19T10:27:00","2025-02-19","C001","LIDL Mock CR s.r.o.","retail_retezec","99910001","CZ99910001","Praha","Hlavni mesto Praha","15800",50.0525,14.3254,"EDI","platinum","P002","PEC-ROH-055-CZ","Rohlik celozrnny 55 g","bezne_pecivo","celozrnny","ks",40,2,"LOT-20250219-S001-551","S001","Pekarna Slunce s.r.o. (mock)","99820001","CZ","WH01","DC Praha-Jinonice (mock)","B-BEZNE","PRG-C001-STR",1840,1840,0,0,3598,1758,6.54,16.04,12,10103.41,11315.82,6814.97,3288.44,30,"uhrazeno","dodano",true,"Vikendova akce","streda",false,false,-1.5,0,9,""
"TX-2025-000138","FV-2025-000138","ORD-2025-000138","2025-02-17T12:34:00","2025-02-19T09:13:00","2025-02-19","C004","TESCO Mock Stores CR a.s.","retail_retezec","99910004","CZ99910004","Ostrava","Moravskoslezsky kraj","70030",49.7854,18.2741,"EDI","gold","P008","PEC-KOB-060","Kobliha s marmeladou 60 g","jemne_pecivo","merunkova","ks",30,2,"LOT-20250219-S003-839","S003","Slezska pekarna s.r.o. (mock)","99820003","CZ","WH03","DC Ostrava-Hrabova (mock)","C-JEMNE","OVA-C004-STR",510,510,0,10,1331,821,15.81,6.61,12,7530.13,8433.75,4637.82,2892.31,30,"uhrazeno","dodano",false,"","streda",false,false,6.1,0,8,""
"TX-2025-000139","FV-2025-000139","ORD-2025-000139","2025-02-18T16:55:00","2025-02-19T07:19:00","2025-02-19","C006","Rohlik.cz Mock a.s.","ecommerce","99910006","CZ99910006","Praha","Hlavni mesto Praha","18600",50.1008,14.4749,"API_B2B","platinum","P007","PEC-CRO-065","Croissant maslovy 65 g","jemne_pecivo","maslovy","ks",24,3,"LOT-20250219-S002-134","S002","Moravske pecivo a.s. (mock)","99820002","CZ","WH01","DC Praha-Jinonice (mock)","C-JEMNE","PRG-C006-STR",264,264,1,0,444,181,18.98,23.52,12,3817.68,4275.8,3213.3,604.38,14,"uhrazeno","dodano",true,"Akce pecivo -15 %","streda",false,false,6.3,0,-8,""
"TX-2025-000140","FV-2025-000140","ORD-2025-000140","2025-02-18T10:10:00","2025-02-19T04:01:00","2025-02-19","C011","Fakultni nemocnice Demo (mock)","verejny_sektor","99910011","CZ99910011","Hradec Kralove","Kralovehradecky kraj","50005",50.1956,15.8328,"email","silver","P004","PEC-CHL-500","Chleb konzumentni 500 g","chleb","psenicno-zitny","ks",12,4,"LOT-20250219-S003-646","S003","Slezska pekarna s.r.o. (mock)","99820003","CZ","WH01","DC Praha-Jinonice (mock)","A-CHLEB","PRG-C011-STR",84,84,2,1,153,71,31.61,3.29,12,2506.74,2807.55,1613.61,893.13,30,"uhrazeno","dodano",false,"","streda",false,false,5.3,0,6,""
"TX-2025-000141","FV-2025-000141","ORD-2025-000141","2025-02-18T12:14:00","2025-02-20T04:00:00","2025-02-20","C002","ALBERT Mock Retail s.r.o.","retail_retezec","99910002","CZ99910002","Praha","Hlavni mesto Praha","10000",50.0724,14.4907,"EDI","platinum","P002","PEC-ROH-055-CZ","Rohlik celozrnny 55 g","bezne_pecivo","celozrnny","ks",40,2,"LOT-20250220-S001-609","S001","Pekarna Slunce s.r.o. (mock)","99820001","CZ","WH01","DC Praha-Jinonice (mock)","B-BEZNE","PRG-C002-CTV",1640,1640,0,40,3313,1673,6.47,24.03,12,8061.02,9028.34,6077.8,1983.22,30,"uhrazeno","dodano",true,"Akce pecivo -15 %","ctvrtek",false,false,-2.2,1.6,-12,""
"TX-2025-000142","FV-2025-000142","ORD-2025-000142","2025-02-17T10:32:00","2025-02-20T09:05:00","2025-02-20","C003","KAUFLAND Mock CR v.o.s.","retail_retezec","99910003","CZ99910003","Brno","Jihomoravsky kraj","62700",49.1678,16.6827,"EDI","platinum","P007","PEC-CRO-065","Croissant maslovy 65 g","jemne_pecivo","maslovy","ks",24,3,"LOT-20250220-S002-218","S002","Moravske pecivo a.s. (mock)","99820002","CZ","WH02","DC Brno-Slatina (mock)","C-JEMNE","BRN-C003-CTV",792,792,14,17,1740,962,19.24,16.87,12,12443.5,13936.72,9616.35,2827.15,30,"uhrazeno","dodano",true,"Vikendova akce","ctvrtek",false,false,-0.1,0,-15,""
"TX-2025-000143","FV-2025-000143","ORD-2025-000143","2025-02-19T08:32:00","2025-02-21T07:39:00","2025-02-21","C001","LIDL Mock CR s.r.o.","retail_retezec","99910001","CZ99910001","Praha","Hlavni mesto Praha","15800",50.0525,14.3254,"EDI","platinum","P002","PEC-ROH-055-CZ","Rohlik celozrnny 55 g","bezne_pecivo","celozrnny","ks",40,2,"LOT-20250221-S002-252","S002","Moravske pecivo a.s. (mock)","99820002","CZ","WH01","DC Praha-Jinonice (mock)","B-BEZNE","PRG-C001-PAT",2360,2360,0,15,3069,709,6.55,23.54,12,11819.19,13237.49,8829.64,2989.55,30,"uhrazeno","dodano",true,"Akce pecivo -15 %","patek",false,false,3.9,0,-10,""
"TX-2025-000144","FV-2025-000144","ORD-2025-000144","2025-02-18T15:21:00","2025-02-21T10:26:00","2025-02-21","C005","PENNY Mock Market s.r.o.","retail_retezec","99910005","CZ99910005","Radonice","Stredocesky kraj","25073",50.1437,14.6077,"EDI","gold","P006","PEC-BAG-110","Bageta bila 110 g","bezne_pecivo","bila","ks",25,2,"LOT-20250221-S003-832","S003","Slezska pekarna s.r.o. (mock)","99820003","CZ","WH01","DC Praha-Jinonice (mock)","B-BEZNE","PRG-C005-PAT",525,525,7,0,919,401,12.75,6.61,12,6167.94,6908.09,3577.62,2590.32,21,"uhrazeno","dodano",false,"","patek",false,false,1.6,0,-6,"synteticky testovaci zaznam"
"TX-2025-000145","FV-2025-000145","ORD-2025-000145","2025-02-20T11:50:00","2025-02-21T04:24:00","2025-02-21","C006","Rohlik.cz Mock a.s.","ecommerce","99910006","CZ99910006","Praha","Hlavni mesto Praha","18600",50.1008,14.4749,"API_B2B","platinum","P003","PEC-KAI-060","Kaiserka sezamova 60 g","bezne_pecivo","sezam","ks",35,2,"LOT-20250221-S003-644","S003","Slezska pekarna s.r.o. (mock)","99820003","CZ","WH01","DC Praha-Jinonice (mock)","B-BEZNE","PRG-C006-PAT",350,350,0,5,831,481,8,8.72,12,2555.84,2862.54,1582.52,973.32,14,"uhrazeno","dodano",false,"","patek",false,false,-2.8,7.7,1,""
"TX-2025-000146","FV-2025-000146","ORD-2025-000146","2025-02-19T14:55:00","2025-02-21T05:17:00","2025-02-21","C010","Kavarny KafeKruh s.r.o. (mock)","horeca","99910010","CZ99910010","Plzen","Plzensky kraj","30100",49.7384,13.3736,"B2B_eshop","silver","P010","PEC-SNE-090","Snek skorice 90 g","jemne_pecivo","skoricovy","ks",20,3,"LOT-20250221-S002-820","S002","Moravske pecivo a.s. (mock)","99820002","CZ","WH01","DC Praha-Jinonice (mock)","C-JEMNE","PRG-C010-PAT",60,60,0,1,109,49,23.28,3.36,12,1349.87,1511.85,834.52,515.35,14,"uhrazeno","dodano",false,"","patek",false,false,6.2,0,-15,""
"TX-2025-000147","FV-2025-000147","ORD-2025-000147","2025-02-19T16:32:00","2025-02-22T06:59:00","2025-02-22","C001","LIDL Mock CR s.r.o.","retail_retezec","99910001","CZ99910001","Praha","Hlavni mesto Praha","15800",50.0525,14.3254,"EDI","platinum","P008","PEC-KOB-060","Kobliha s marmeladou 60 g","jemne_pecivo","merunkova","ks",30,2,"LOT-20250222-S001-719","S001","Pekarna Slunce s.r.o. (mock)","99820001","CZ","WH01","DC Praha-Jinonice (mock)","C-JEMNE","PRG-C001-SOB",900,900,20,22,1961,1081,15.73,8.79,12,12625.65,14140.73,8215.62,4410.03,30,"uhrazeno","dodano",false,"","sobota",true,false,2.3,3.6,-11,""
"TX-2025-000148","FV-2025-000148","ORD-2025-000148","2025-02-19T16:42:00","2025-02-22T10:52:00","2025-02-22","C004","TESCO Mock Stores CR a.s.","retail_retezec","99910004","CZ99910004","Ostrava","Moravskoslezsky kraj","70030",49.7854,18.2741,"EDI","gold","P006","PEC-BAG-110","Bageta bila 110 g","bezne_pecivo","bila","ks",25,2,"LOT-20250222-S003-112","S003","Slezska pekarna s.r.o. (mock)","99820003","CZ","WH03","DC Ostrava-Hrabova (mock)","B-BEZNE","OVA-C004-SOB",500,500,0,7,1005,505,12.9,6.51,12,6030.11,6753.72,3536.61,2493.5,30,"uhrazeno","dodano",false,"","sobota",true,false,-0.3,1.2,-4,""
"TX-2025-000149","FV-2025-000149","ORD-2025-000149","2025-02-19T10:09:00","2025-02-22T06:36:00","2025-02-22","C012","Restaurace U Tri pecnu s.r.o. (mock)","horeca","99910012","CZ99910012","Ceske Budejovice","Jihocesky kraj","37001",48.9745,14.4743,"obchodni_zastupce","standard","P007","PEC-CRO-065","Croissant maslovy 65 g","jemne_pecivo","maslovy","ks",24,3,"LOT-20250222-S004-407","S004","Danube Bakery SK s.r.o. (mock)","99820004","SK","WH01","DC Praha-Jinonice (mock)","C-JEMNE","PRG-C012-SOB",72,72,0,0,124,52,18.79,2.02,12,1325.55,1484.62,832.25,493.3,14,"uhrazeno","dodano",false,"","sobota",true,false,1,0,6,""
"TX-2025-000150","FV-2025-000150","ORD-2025-000150","2025-02-22T16:46:00","2025-02-24T07:49:00","2025-02-24","C001","LIDL Mock CR s.r.o.","retail_retezec","99910001","CZ99910001","Praha","Hlavni mesto Praha","15800",50.0525,14.3254,"EDI","platinum","P007","PEC-CRO-065","Croissant maslovy 65 g","jemne_pecivo","maslovy","ks",24,3,"LOT-20250224-S004-636","S004","Danube Bakery SK s.r.o. (mock)","99820004","SK","WH01","DC Praha-Jinonice (mock)","C-JEMNE","PRG-C001-PON",960,960,12,0,1235,287,18.71,23.15,12,13630.95,15266.66,10941.1,2689.85,30,"uhrazeno","dodano",true,"Akce pecivo -15 %","pondeli",false,false,5.7,1.9,7,""
"TX-2025-000151","FV-2025-000151","ORD-2025-000151","2025-02-22T17:21:00","2025-02-24T04:12:00","2025-02-24","C003","KAUFLAND Mock CR v.o.s.","retail_retezec","99910003","CZ99910003","Brno","Jihomoravsky kraj","62700",49.1678,16.6827,"EDI","platinum","P003","PEC-KAI-060","Kaiserka sezamova 60 g","bezne_pecivo","sezam","ks",35,2,"LOT-20250224-S003-218","S003","Slezska pekarna s.r.o. (mock)","99820003","CZ","WH02","DC Brno-Slatina (mock)","B-BEZNE","BRN-C003-PON",1120,1120,0,22,1468,348,7.9,8.47,12,8098.57,9070.4,4978.7,3119.87,30,"uhrazeno","dodano",false,"","pondeli",false,false,3.1,0,4,""
"TX-2025-000152","FV-2025-000152","ORD-2025-000152","2025-02-23T10:23:00","2025-02-24T09:00:00","2025-02-24","C006","Rohlik.cz Mock a.s.","ecommerce","99910006","CZ99910006","Praha","Hlavni mesto Praha","18600",50.1008,14.4749,"API_B2B","platinum","P002","PEC-ROH-055-CZ","Rohlik celozrnny 55 g","bezne_pecivo","celozrnny","ks",40,2,"LOT-20250224-S001-638","S001","Pekarna Slunce s.r.o. (mock)","99820001","CZ","WH01","DC Praha-Jinonice (mock)","B-BEZNE","PRG-C006-PON",280,280,0,0,814,534,6.64,8.96,12,1692.62,1895.73,1047.38,645.24,14,"uhrazeno","dodano",false,"","pondeli",false,false,0.5,0,-6,""
"TX-2025-000153","FV-2025-000153","ORD-2025-000153","2025-02-22T12:41:00","2025-02-24T06:06:00","2025-02-24","C007","MAKRO Mock Cash & Carry CR s.r.o.","velkoobchod","99910007","CZ99910007","Praha","Hlavni mesto Praha","25242",49.9971,14.4291,"EDI","gold","P001","PEC-ROH-043","Rohlik tukovy 43 g","bezne_pecivo","klasicky","ks",50,1,"LOT-20250224-S002-595","S002","Moravske pecivo a.s. (mock)","99820002","CZ","WH01","DC Praha-Jinonice (mock)","B-BEZNE","PRG-C007-PON",1000,1000,0,20,2703,1703,3.22,6.23,12,3019.39,3381.72,1874.55,1144.84,21,"uhrazeno","dodano",false,"","pondeli",false,false,-2.1,0,-3,""
"TX-2025-000154","FV-2025-000154","ORD-2025-000154","2025-02-23T16:09:00","2025-02-25T04:34:00","2025-02-25","C002","ALBERT Mock Retail s.r.o.","retail_retezec","99910002","CZ99910002","Praha","Hlavni mesto Praha","10000",50.0724,14.4907,"EDI","platinum","P005","PEC-CHL-750-ZIT","Chleb zitny kvaskovy 750 g","chleb","kvaskovy","ks",10,5,"LOT-20250225-S002-754","S002","Moravske pecivo a.s. (mock)","99820002","CZ","WH01","DC Praha-Jinonice (mock)","A-CHLEB","PRG-C002-UTE",200,155,0,0,479,324,55.66,9.08,12,7843.94,8785.21,5083.21,2760.73,30,"uhrazeno","castecne_dodano",false,"","utery",false,false,0.6,0,-2,""
"TX-2025-000155","FV-2025-000155","ORD-2025-000155","2025-02-22T08:27:00","2025-02-25T07:11:00","2025-02-25","C005","PENNY Mock Market s.r.o.","retail_retezec","99910005","CZ99910005","Radonice","Stredocesky kraj","25073",50.1437,14.6077,"EDI","gold","P004","PEC-CHL-500","Chleb konzumentni 500 g","chleb","psenicno-zitny","ks",12,4,"LOT-20250225-S003-670","S003","Slezska pekarna s.r.o. (mock)","99820003","CZ","WH01","DC Praha-Jinonice (mock)","A-CHLEB","PRG-C005-UTE",336,336,0,6,701,365,32.35,13.98,12,9350.03,10472.03,6608.46,2741.57,21,"uhrazeno","dodano",true,"Vikendova akce","utery",false,false,0.7,1.5,-15,""
"TX-2025-000156","FV-2025-000156","ORD-2025-000156","2025-02-22T10:54:00","2025-02-25T06:04:00","2025-02-25","C009","Skolni jidelna Javor (mock)","verejny_sektor","99910009","CZ99910009","Olomouc","Olomoucky kraj","77900",49.5938,17.2509,"email","standard","P012","PEC-DAL-070","Dalamanek grahamovy 70 g","bezne_pecivo","grahamovy","ks",32,2,"LOT-20250225-S003-515","S003","Slezska pekarna s.r.o. (mock)","99820003","CZ","WH02","DC Brno-Slatina (mock)","B-BEZNE","BRN-C009-UTE",160,160,1,1,293,134,9.85,2.2,12,1531.69,1715.49,840.48,691.21,14,"uhrazeno","dodano",false,"","utery",false,false,4.8,0,-8,""
"TX-2025-000157","FV-2025-000157","ORD-2025-000157","2025-02-24T16:16:00","2025-02-26T06:50:00","2025-02-26","C004","TESCO Mock Stores CR a.s.","retail_retezec","99910004","CZ99910004","Ostrava","Moravskoslezsky kraj","70030",49.7854,18.2741,"EDI","gold","P008","PEC-KOB-060","Kobliha s marmeladou 60 g","jemne_pecivo","merunkova","ks",30,2,"LOT-20250226-S003-799","S003","Slezska pekarna s.r.o. (mock)","99820003","CZ","WH03","DC Ostrava-Hrabova (mock)","C-JEMNE","OVA-C004-STR",750,750,0,12,1169,419,15.44,14.1,12,9947.22,11140.89,6605.45,3341.77,30,"uhrazeno","dodano",true,"Vikendova akce","streda",false,false,0.9,1.5,8,""
"TX-2025-000158","FV-2025-000158","ORD-2025-000158","2025-02-24T15:18:00","2025-02-26T04:54:00","2025-02-26","C006","Rohlik.cz Mock a.s.","ecommerce","99910006","CZ99910006","Praha","Hlavni mesto Praha","18600",50.1008,14.4749,"API_B2B","platinum","P007","PEC-CRO-065","Croissant maslovy 65 g","jemne_pecivo","maslovy","ks",24,3,"LOT-20250226-S004-285","S004","Danube Bakery SK s.r.o. (mock)","99820004","SK","WH01","DC Praha-Jinonice (mock)","C-JEMNE","PRG-C006-STR",192,192,0,5,460,268,18.59,23.44,12,2732.64,3060.56,2293.24,439.4,14,"uhrazeno","dodano",true,"Akce pecivo -15 %","streda",false,false,3.8,0,-15,""
"TX-2025-000159","FV-2025-000159","ORD-2025-000159","2025-02-23T13:31:00","2025-02-26T10:14:00","2025-02-26","C011","Fakultni nemocnice Demo (mock)","verejny_sektor","99910011","CZ99910011","Hradec Kralove","Kralovehradecky kraj","50005",50.1956,15.8328,"email","silver","P011","PEC-HOU-060","Houska psenicna 60 g","bezne_pecivo","klasicka","ks",40,2,"LOT-20250226-S002-336","S002","Moravske pecivo a.s. (mock)","99820002","CZ","WH01","DC Praha-Jinonice (mock)","B-BEZNE","PRG-C011-STR",360,360,4,0,718,362,5.46,3.34,12,1878.84,2104.3,1065.94,812.9,30,"po_splatnosti","dodano",false,"","streda",false,false,0.3,0,9,""
"TX-2025-000160","FV-2025-000160","ORD-2025-000160","2025-02-25T08:11:00","2025-02-27T09:11:00","2025-02-27","C002","ALBERT Mock Retail s.r.o.","retail_retezec","99910002","CZ99910002","Praha","Hlavni mesto Praha","10000",50.0724,14.4907,"EDI","platinum","P004","PEC-CHL-500","Chleb konzumentni 500 g","chleb","psenicno-zitny","ks",12,4,"LOT-20250227-S003-296","S003","Slezska pekarna s.r.o. (mock)","99820003","CZ","WH01","DC Praha-Jinonice (mock)","A-CHLEB","PRG-C002-CTV",468,468,0,12,1055,587,31.54,8.02,12,13576.91,15206.14,9065.84,4511.07,30,"uhrazeno","dodano",false,"","ctvrtek",false,false,6.5,0,-15,""
"TX-2025-000161","FV-2025-000161","ORD-2025-000161","2025-02-24T17:47:00","2025-02-27T10:09:00","2025-02-27","C003","KAUFLAND Mock CR v.o.s.","retail_retezec","99910003","CZ99910003","Brno","Jihomoravsky kraj","62700",49.1678,16.6827,"EDI","platinum","P006","PEC-BAG-110","Bageta bila 110 g","bezne_pecivo","bila","ks",25,2,"LOT-20250227-S003-292","S003","Slezska pekarna s.r.o. (mock)","99820003","CZ","WH02","DC Brno-Slatina (mock)","B-BEZNE","BRN-C003-CTV",550,550,0,10,1290,740,13.07,8.7,12,6563.1,7350.67,4008.85,2554.25,30,"uhrazeno","dodano",false,"","ctvrtek",false,false,2.3,0,-10,"vratne prepravky"
"TX-2025-000162","FV-2025-000162","ORD-2025-000162","2025-02-25T13:22:00","2025-02-27T07:49:00","2025-02-27","C008","BILLA Mock, spol. s r.o.","retail_retezec","99910008","CZ99910008","Modletice","Stredocesky kraj","25101",49.9708,14.5852,"EDI","gold","P005","PEC-CHL-750-ZIT","Chleb zitny kvaskovy 750 g","chleb","kvaskovy","ks",10,5,"LOT-20250227-S004-508","S004","Danube Bakery SK s.r.o. (mock)","99820004","SK","WH01","DC Praha-Jinonice (mock)","A-CHLEB","PRG-C008-CTV",160,160,0,2,373,213,54.48,5.54,12,8233.89,9221.96,5296.9,2936.99,30,"uhrazeno","dodano",false,"","ctvrtek",false,false,3.1,0.9,11,""
"TX-2025-000163","FV-2025-000163","ORD-2025-000163","2025-02-25T17:41:00","2025-02-28T05:14:00","2025-02-28","C001","LIDL Mock CR s.r.o.","retail_retezec","99910001","CZ99910001","Praha","Hlavni mesto Praha","15800",50.0525,14.3254,"EDI","platinum","P001","PEC-ROH-043","Rohlik tukovy 43 g","bezne_pecivo","klasicky","ks",50,1,"LOT-20250228-S003-119","S003","Slezska pekarna s.r.o. (mock)","99820003","CZ","WH01","DC Praha-Jinonice (mock)","B-BEZNE","PRG-C001-PAT",2800,2800,0,0,6612,3812,3.17,9.03,12,8074.5,9043.44,5041.5,3033,30,"uhrazeno","dodano",false,"","patek",false,false,-2.2,0,2,"vratne prepravky"
"TX-2025-000164","FV-2025-000164","ORD-2025-000164","2025-02-25T16:14:00","2025-02-28T04:57:00","2025-02-28","C005","PENNY Mock Market s.r.o.","retail_retezec","99910005","CZ99910005","Radonice","Stredocesky kraj","25073",50.1437,14.6077,"EDI","gold","P006","PEC-BAG-110","Bageta bila 110 g","bezne_pecivo","bila","ks",25,2,"LOT-20250228-S003-635","S003","Slezska pekarna s.r.o. (mock)","99820003","CZ","WH01","DC Praha-Jinonice (mock)","B-BEZNE","PRG-C005-PAT",550,550,9,0,1248,707,12.94,6.19,12,6567.21,7355.28,3952.52,2614.69,21,"uhrazeno","dodano",false,"","patek",false,false,0.1,1.4,6,""
"TX-2025-000165","FV-2025-000165","ORD-2025-000165","2025-02-26T13:05:00","2025-02-28T06:54:00","2025-02-28","C006","Rohlik.cz Mock a.s.","ecommerce","99910006","CZ99910006","Praha","Hlavni mesto Praha","18600",50.1008,14.4749,"API_B2B","platinum","P011","PEC-HOU-060","Houska psenicna 60 g","bezne_pecivo","klasicka","ks",40,2,"LOT-20250228-S002-327","S002","Moravske pecivo a.s. (mock)","99820002","CZ","WH01","DC Praha-Jinonice (mock)","B-BEZNE","PRG-C006-PAT",320,320,0,3,903,583,5.49,8.4,12,1609.23,1802.34,977.36,631.87,14,"uhrazeno","dodano",false,"","patek",false,false,-3.7,0,14,""
"TX-2025-000166","FV-2025-000166","ORD-2025-000166","2025-02-25T10:03:00","2025-02-28T10:49:00","2025-02-28","C010","Kavarny KafeKruh s.r.o. (mock)","horeca","99910010","CZ99910010","Plzen","Plzensky kraj","30100",49.7384,13.3736,"B2B_eshop","silver","P005","PEC-CHL-750-ZIT","Chleb zitny kvaskovy 750 g","chleb","kvaskovy","ks",10,5,"LOT-20250228-S002-304","S002","Moravske pecivo a.s. (mock)","99820002","CZ","WH01","DC Praha-Jinonice (mock)","A-CHLEB","PRG-C010-PAT",20,20,0,0,37,17,54.16,3.46,12,1045.72,1171.21,623.91,421.81,14,"po_splatnosti","dodano",false,"","patek",false,false,1.3,2.9,4,""
"TX-2025-000167","FV-2025-000167","ORD-2025-000167","2025-02-26T17:29:00","2025-03-01T07:51:00","2025-03-01","C001","LIDL Mock CR s.r.o.","retail_retezec","99910001","CZ99910001","Praha","Hlavni mesto Praha","15800",50.0525,14.3254,"EDI","platinum","P006","PEC-BAG-110","Bageta bila 110 g","bezne_pecivo","bila","ks",25,2,"LOT-20250301-S001-398","S001","Pekarna Slunce s.r.o. (mock)","99820001","CZ","WH01","DC Praha-Jinonice (mock)","B-BEZNE","PRG-C001-SOB",900,900,0,4,2067,1167,13.07,8.98,12,10706.68,11991.48,6290.06,4416.62,30,"uhrazeno","dodano",false,"","sobota",true,false,2.4,0,14,"vratne prepravky"
"TX-2025-000168","FV-2025-000168","ORD-2025-000168","2025-02-27T13:00:00","2025-03-01T05:15:00","2025-03-01","C004","TESCO Mock Stores CR a.s.","retail_retezec","99910004","CZ99910004","Ostrava","Moravskoslezsky kraj","70030",49.7854,18.2741,"EDI","gold","P011","PEC-HOU-060","Houska psenicna 60 g","bezne_pecivo","klasicka","ks",40,2,"LOT-20250301-S001-906","S001","Pekarna Slunce s.r.o. (mock)","99820001","CZ","WH03","DC Ostrava-Hrabova (mock)","B-BEZNE","OVA-C004-SOB",1320,1320,0,7,1738,418,5.5,6.26,12,6805.52,7622.18,4180.48,2625.04,30,"uhrazeno","dodano",false,"","sobota",true,false,11.7,2.7,-15,""
"TX-2025-000169","FV-2025-000169","ORD-2025-000169","2025-02-28T13:29:00","2025-03-01T10:52:00","2025-03-01","C012","Restaurace U Tri pecnu s.r.o. (mock)","horeca","99910012","CZ99910012","Ceske Budejovice","Jihocesky kraj","37001",48.9745,14.4743,"obchodni_zastupce","standard","P006","PEC-BAG-110","Bageta bila 110 g","bezne_pecivo","bila","ks",25,2,"LOT-20250301-S001-867","S001","Pekarna Slunce s.r.o. (mock)","99820001","CZ","WH01","DC Praha-Jinonice (mock)","B-BEZNE","PRG-C012-SOB",100,100,0,0,224,124,12.71,1.73,12,1249.01,1398.89,711.17,537.84,14,"uhrazeno","dodano",false,"","sobota",true,false,8.9,0,1,""
"TX-2025-000170","FV-2025-000170","ORD-2025-000170","2025-02-28T10:24:00","2025-03-03T07:43:00","2025-03-03","C001","LIDL Mock CR s.r.o.","retail_retezec","99910001","CZ99910001","Praha","Hlavni mesto Praha","15800",50.0525,14.3254,"EDI","platinum","P007","PEC-CRO-065","Croissant maslovy 65 g","jemne_pecivo","maslovy","ks",24,3,"LOT-20250303-S004-592","S004","Danube Bakery SK s.r.o. (mock)","99820004","SK","WH01","DC Praha-Jinonice (mock)","C-JEMNE","PRG-C001-PON",696,696,3,17,1217,524,19.25,8.46,12,12211.66,13677.06,8235.14,3976.52,30,"uhrazeno","dodano",false,"","pondeli",false,false,10.6,3.7,-13,""
"TX-2025-000171","FV-2025-000171","ORD-2025-000171","2025-02-28T17:44:00","2025-03-03T08:30:00","2025-03-03","C003","KAUFLAND Mock CR v.o.s.","retail_retezec","99910003","CZ99910003","Brno","Jihomoravsky kraj","62700",49.1678,16.6827,"EDI","platinum","P003","PEC-KAI-060","Kaiserka sezamova 60 g","bezne_pecivo","sezam","ks",35,2,"LOT-20250303-S001-494","S001","Pekarna Slunce s.r.o. (mock)","99820001","CZ","WH02","DC Brno-Slatina (mock)","B-BEZNE","BRN-C003-PON",770,770,0,8,1513,743,7.96,8.33,12,5618.64,6292.88,3396.91,2221.73,30,"uhrazeno","dodano",false,"","pondeli",false,false,5,0,0,"kontrola mnozstvi pri prevzeti"
"TX-2025-000172","FV-2025-000172","ORD-2025-000172","2025-02-28T10:23:00","2025-03-03T04:31:00","2025-03-03","C007","MAKRO Mock Cash & Carry CR s.r.o.","velkoobchod","99910007","CZ99910007","Praha","Hlavni mesto Praha","25242",49.9971,14.4291,"EDI","gold","P001","PEC-ROH-043","Rohlik tukovy 43 g","bezne_pecivo","klasicky","ks",50,1,"LOT-20250303-S001-918","S001","Pekarna Slunce s.r.o. (mock)","99820001","CZ","WH01","DC Praha-Jinonice (mock)","B-BEZNE","PRG-C007-PON",1200,1200,9,20,2763,1572,3.17,5.91,12,3552.34,3978.62,2137.32,1415.02,21,"uhrazeno","dodano",false,"","pondeli",false,false,5.7,0,-2,"vratne prepravky"
"TX-2025-000173","FV-2025-000173","ORD-2025-000173","2025-03-01T16:29:00","2025-03-04T05:56:00","2025-03-04","C002","ALBERT Mock Retail s.r.o.","retail_retezec","99910002","CZ99910002","Praha","Hlavni mesto Praha","10000",50.0724,14.4907,"EDI","platinum","P011","PEC-HOU-060","Houska psenicna 60 g","bezne_pecivo","klasicka","ks",40,2,"LOT-20250304-S002-168","S002","Moravske pecivo a.s. (mock)","99820002","CZ","WH01","DC Praha-Jinonice (mock)","B-BEZNE","PRG-C002-UTE",1360,1360,0,0,2950,1590,5.38,8.45,12,6698.53,7502.35,4054.38,2644.15,30,"uhrazeno","dodano",false,"","utery",false,false,0.8,0,-15,""
"TX-2025-000174","FV-2025-000174","ORD-2025-000174","2025-03-01T15:58:00","2025-03-04T08:54:00","2025-03-04","C005","PENNY Mock Market s.r.o.","retail_retezec","99910005","CZ99910005","Radonice","Stredocesky kraj","25073",50.1437,14.6077,"EDI","gold","P006","PEC-BAG-110","Bageta bila 110 g","bezne_pecivo","bila","ks",25,2,"LOT-20250304-S003-853","S003","Slezska pekarna s.r.o. (mock)","99820003","CZ","WH01","DC Praha-Jinonice (mock)","B-BEZNE","PRG-C005-UTE",500,500,6,0,838,344,13.05,5.76,12,6075.37,6804.41,3552.88,2522.49,21,"uhrazeno","dodano",false,"","utery",false,false,3.4,0,-15,""
"TX-2025-000175","FV-2025-000175","ORD-2025-000175","2025-03-02T13:41:00","2025-03-04T09:27:00","2025-03-04","C009","Skolni jidelna Javor (mock)","verejny_sektor","99910009","CZ99910009","Olomouc","Olomoucky kraj","77900",49.5938,17.2509,"email","standard","P002","PEC-ROH-055-CZ","Rohlik celozrnny 55 g","bezne_pecivo","celozrnny","ks",40,2,"LOT-20250304-S001-714","S001","Pekarna Slunce s.r.o. (mock)","99820001","CZ","WH02","DC Brno-Slatina (mock)","B-BEZNE","BRN-C009-UTE",200,200,0,3,380,180,6.63,1.71,12,1303.33,1459.73,756.93,546.4,14,"uhrazeno","dodano",false,"","utery",false,false,6.2,0,-15,"prioritni vykladka"
"TX-2025-000176","FV-2025-000176","ORD-2025-000176","2025-03-02T17:12:00","2025-03-05T10:18:00","2025-03-05","C001","LIDL Mock CR s.r.o.","retail_retezec","99910001","CZ99910001","Praha","Hlavni mesto Praha","15800",50.0525,14.3254,"EDI","platinum","P004","PEC-CHL-500","Chleb konzumentni 500 g","chleb","psenicno-zitny","ks",12,4,"LOT-20250305-S003-302","S003","Slezska pekarna s.r.o. (mock)","99820003","CZ","WH01","DC Praha-Jinonice (mock)","A-CHLEB","PRG-C001-STR",480,480,10,4,904,434,32.37,9.12,12,13826.39,15485.56,9501.18,4325.21,30,"uhrazeno","dodano",false,"","streda",false,false,1.6,0,-11,""
"TX-2025-000177","FV-2025-000177","ORD-2025-000177","2025-03-03T13:17:00","2025-03-05T06:59:00","2025-03-05","C004","TESCO Mock Stores CR a.s.","retail_retezec","99910004","CZ99910004","Ostrava","Moravskoslezsky kraj","70030",49.7854,18.2741,"EDI","gold","P001","PEC-ROH-043","Rohlik tukovy 43 g","bezne_pecivo","klasicky","ks",50,1,"LOT-20250305-S003-751","S003","Slezska pekarna s.r.o. (mock)","99820003","CZ","WH03","DC Ostrava-Hrabova (mock)","B-BEZNE","OVA-C004-STR",2200,2200,0,42,3338,1138,3.21,20.69,12,5600.87,6272.97,4133.34,1467.53,30,"uhrazeno","dodano",true,"Akce pecivo -15 %","streda",false,false,9.4,11.4,-5,""
"TX-2025-000178","FV-2025-000178","ORD-2025-000178","2025-03-03T13:52:00","2025-03-05T08:42:00","2025-03-05","C006","Rohlik.cz Mock a.s.","ecommerce","99910006","CZ99910006","Praha","Hlavni mesto Praha","18600",50.1008,14.4749,"API_B2B","platinum","P010","PEC-SNE-090","Snek skorice 90 g","jemne_pecivo","skoricovy","ks",20,3,"LOT-20250305-S004-615","S004","Danube Bakery SK s.r.o. (mock)","99820004","SK","WH01","DC Praha-Jinonice (mock)","C-JEMNE","PRG-C006-STR",100,100,0,0,166,66,23.45,9.12,12,2131.14,2386.88,1448.07,683.07,14,"uhrazeno","dodano",false,"","streda",false,false,2.8,2.3,-15,""
"TX-2025-000179","FV-2025-000179","ORD-2025-000179","2025-03-03T10:47:00","2025-03-05T08:04:00","2025-03-05","C011","Fakultni nemocnice Demo (mock)","verejny_sektor","99910011","CZ99910011","Hradec Kralove","Kralovehradecky kraj","50005",50.1956,15.8328,"email","silver","P011","PEC-HOU-060","Houska psenicna 60 g","bezne_pecivo","klasicka","ks",40,2,"LOT-20250305-S003-954","S003","Slezska pekarna s.r.o. (mock)","99820003","CZ","WH01","DC Praha-Jinonice (mock)","B-BEZNE","PRG-C011-STR",320,320,0,0,814,494,5.35,4.14,12,1641.12,1838.05,957.13,683.99,30,"uhrazeno","dodano",false,"","streda",false,false,7.7,0,-3,""
"TX-2025-000180","FV-2025-000180","ORD-2025-000180","2025-03-03T10:04:00","2025-03-06T09:15:00","2025-03-06","C002","ALBERT Mock Retail s.r.o.","retail_retezec","99910002","CZ99910002","Praha","Hlavni mesto Praha","10000",50.0724,14.4907,"EDI","platinum","P001","PEC-ROH-043","Rohlik tukovy 43 g","bezne_pecivo","klasicky","ks",50,1,"LOT-20250306-S001-808","S001","Pekarna Slunce s.r.o. (mock)","99820001","CZ","WH01","DC Praha-Jinonice (mock)","B-BEZNE","PRG-C002-CTV",1900,1900,0,0,3039,1139,3.28,8.4,12,5708.51,6393.53,3635.95,2072.56,30,"uhrazeno","dodano",false,"","ctvrtek",false,false,6.6,0,-15,""
"TX-2025-000181","FV-2025-000181","ORD-2025-000181","2025-03-03T14:12:00","2025-03-06T10:45:00","2025-03-06","C003","KAUFLAND Mock CR v.o.s.","retail_retezec","99910003","CZ99910003","Brno","Jihomoravsky kraj","62700",49.1678,16.6827,"EDI","platinum","P001","PEC-ROH-043","Rohlik tukovy 43 g","bezne_pecivo","klasicky","ks",50,1,"LOT-20250306-S001-505","S001","Pekarna Slunce s.r.o. (mock)","99820001","CZ","WH02","DC Brno-Slatina (mock)","B-BEZNE","BRN-C003-CTV",1550,1550,0,0,2303,753,3.24,8.24,12,4608.19,5161.17,2855.02,1753.17,30,"uhrazeno","dodano",false,"","ctvrtek",false,false,8.2,0,-6,""
"TX-2025-000182","FV-2025-000182","ORD-2025-000182","2025-03-04T17:34:00","2025-03-06T06:52:00","2025-03-06","C008","BILLA Mock, spol. s r.o.","retail_retezec","99910008","CZ99910008","Modletice","Stredocesky kraj","25101",49.9708,14.5852,"EDI","gold","P001","PEC-ROH-043","Rohlik tukovy 43 g","bezne_pecivo","klasicky","ks",50,1,"LOT-20250306-S002-449","S002","Moravske pecivo a.s. (mock)","99820002","CZ","WH01","DC Praha-Jinonice (mock)","B-BEZNE","PRG-C008-CTV",1250,1250,2,0,2040,792,3.23,20.6,12,3200.65,3584.73,2371.38,829.27,30,"uhrazeno","dodano",true,"Akce pecivo -15 %","ctvrtek",false,false,6.9,2.9,-2,""
"TX-2025-000183","FV-2025-000183","ORD-2025-000183","2025-03-05T10:35:00","2025-03-07T04:27:00","2025-03-07","C001","LIDL Mock CR s.r.o.","retail_retezec","99910001","CZ99910001","Praha","Hlavni mesto Praha","15800",50.0525,14.3254,"EDI","platinum","P001","PEC-ROH-043","Rohlik tukovy 43 g","bezne_pecivo","klasicky","ks",50,1,"LOT-20250307-S003-566","S003","Slezska pekarna s.r.o. (mock)","99820003","CZ","WH01","DC Praha-Jinonice (mock)","B-BEZNE","PRG-C001-PAT",2700,2700,0,57,3779,1079,3.26,8.32,12,8069.67,9038.03,5209.4,2860.27,30,"uhrazeno","dodano",false,"","patek",false,false,11.1,4.3,-5,""
"TX-2025-000184","FV-2025-000184","ORD-2025-000184","2025-03-05T16:35:00","2025-03-07T05:50:00","2025-03-07","C005","PENNY Mock Market s.r.o.","retail_retezec","99910005","CZ99910005","Radonice","Stredocesky kraj","25073",50.1437,14.6077,"EDI","gold","P006","PEC-BAG-110","Bageta bila 110 g","bezne_pecivo","bila","ks",25,2,"LOT-20250307-S003-224","S003","Slezska pekarna s.r.o. (mock)","99820003","CZ","WH01","DC Praha-Jinonice (mock)","B-BEZNE","PRG-C005-PAT",625,625,0,1,908,283,13.09,6.09,12,7683.01,8604.97,4401.45,3281.56,21,"uhrazeno","dodano",false,"","patek",false,false,5.5,0,-1,""
"TX-2025-000185","FV-2025-000185","ORD-2025-000185","2025-03-06T16:48:00","2025-03-07T08:09:00","2025-03-07","C006","Rohlik.cz Mock a.s.","ecommerce","99910006","CZ99910006","Praha","Hlavni mesto Praha","18600",50.1008,14.4749,"API_B2B","platinum","P003","PEC-KAI-060","Kaiserka sezamova 60 g","bezne_pecivo","sezam","ks",35,2,"LOT-20250307-S003-332","S003","Slezska pekarna s.r.o. (mock)","99820003","CZ","WH01","DC Praha-Jinonice (mock)","B-BEZNE","PRG-C006-PAT",280,280,0,6,735,455,7.92,8.73,12,2024,2266.88,1296.67,727.33,14,"uhrazeno","dodano",false,"","patek",false,false,1.8,0,-5,""
"TX-2025-000186","FV-2025-000186","ORD-2025-000186","2025-03-06T08:56:00","2025-03-07T07:58:00","2025-03-07","C010","Kavarny KafeKruh s.r.o. (mock)","horeca","99910010","CZ99910010","Plzen","Plzensky kraj","30100",49.7384,13.3736,"B2B_eshop","silver","P010","PEC-SNE-090","Snek skorice 90 g","jemne_pecivo","skoricovy","ks",20,3,"LOT-20250307-S004-608","S004","Danube Bakery SK s.r.o. (mock)","99820004","SK","WH01","DC Praha-Jinonice (mock)","C-JEMNE","PRG-C010-PAT",60,60,0,0,94,34,23.18,3.91,12,1336.42,1496.79,829.81,506.61,14,"uhrazeno","dodano",false,"","patek",false,false,4.6,0,2,""
"TX-2025-000187","FV-2025-000187","ORD-2025-000187","2025-03-05T14:49:00","2025-03-08T09:56:00","2025-03-08","C001","LIDL Mock CR s.r.o.","retail_retezec","99910001","CZ99910001","Praha","Hlavni mesto Praha","15800",50.0525,14.3254,"EDI","platinum","P008","PEC-KOB-060","Kobliha s marmeladou 60 g","jemne_pecivo","merunkova","ks",30,2,"LOT-20250308-S001-403","S001","Pekarna Slunce s.r.o. (mock)","99820001","CZ","WH01","DC Praha-Jinonice (mock)","C-JEMNE","PRG-C001-SOB",780,780,0,0,2198,1418,15.57,9.1,12,11039.44,12364.17,6886.55,4152.89,30,"uhrazeno","dodano",false,"","sobota",true,false,1.2,0,14,""
"TX-2025-000188","FV-2025-000188","ORD-2025-000188","2025-03-06T12:27:00","2025-03-08T07:01:00","2025-03-08","C004","TESCO Mock Stores CR a.s.","retail_retezec","99910004","CZ99910004","Ostrava","Moravskoslezsky kraj","70030",49.7854,18.2741,"EDI","gold","P006","PEC-BAG-110","Bageta bila 110 g","bezne_pecivo","bila","ks",25,2,"LOT-20250308-S001-929","S001","Pekarna Slunce s.r.o. (mock)","99820001","CZ","WH03","DC Ostrava-Hrabova (mock)","B-BEZNE","OVA-C004-SOB",675,675,0,1,992,317,12.86,6.15,12,8146.65,9124.25,4718.11,3428.54,30,"uhrazeno","dodano",false,"","sobota",true,false,11.7,0,-15,"prioritni vykladka"
"TX-2025-000189","FV-2025-000189","ORD-2025-000189","2025-03-05T08:31:00","2025-03-08T10:22:00","2025-03-08","C012","Restaurace U Tri pecnu s.r.o. (mock)","horeca","99910012","CZ99910012","Ceske Budejovice","Jihocesky kraj","37001",48.9745,14.4743,"obchodni_zastupce","standard","P006","PEC-BAG-110","Bageta bila 110 g","bezne_pecivo","bila","ks",25,2,"LOT-20250308-S001-542","S001","Pekarna Slunce s.r.o. (mock)","99820001","CZ","WH01","DC Praha-Jinonice (mock)","B-BEZNE","PRG-C012-SOB",75,75,0,1,176,101,12.81,2.06,12,940.96,1053.88,537.04,403.92,14,"uhrazeno","dodano",false,"","sobota",true,false,5.5,6.3,-15,""
"TX-2025-000190","FV-2025-000190","ORD-2025-000190","2025-03-08T11:31:00","2025-03-10T09:08:00","2025-03-10","C001","LIDL Mock CR s.r.o.","retail_retezec","99910001","CZ99910001","Praha","Hlavni mesto Praha","15800",50.0525,14.3254,"EDI","platinum","P002","PEC-ROH-055-CZ","Rohlik celozrnny 55 g","bezne_pecivo","celozrnny","ks",40,2,"LOT-20250310-S001-893","S001","Pekarna Slunce s.r.o. (mock)","99820001","CZ","WH01","DC Praha-Jinonice (mock)","B-BEZNE","PRG-C001-PON",1480,1480,0,31,4005,2525,6.63,8.58,12,8970.5,10046.96,5645.36,3325.14,30,"uhrazeno","dodano",false,"","pondeli",false,false,1.2,1.4,12,""
"TX-2025-000191","FV-2025-000191","ORD-2025-000191","2025-03-07T14:16:00","2025-03-10T06:50:00","2025-03-10","C003","KAUFLAND Mock CR v.o.s.","retail_retezec","99910003","CZ99910003","Brno","Jihomoravsky kraj","62700",49.1678,16.6827,"EDI","platinum","P001","PEC-ROH-043","Rohlik tukovy 43 g","bezne_pecivo","klasicky","ks",50,1,"LOT-20250310-S001-268","S001","Pekarna Slunce s.r.o. (mock)","99820001","CZ","WH02","DC Brno-Slatina (mock)","B-BEZNE","BRN-C003-PON",2100,2100,31,33,3134,1065,3.26,8.95,12,6141.27,6878.22,3940.05,2201.22,30,"uhrazeno","dodano",false,"","pondeli",false,false,6,0,3,""
"TX-2025-000192","FV-2025-000192","ORD-2025-000192","2025-03-07T14:16:00","2025-03-10T08:08:00","2025-03-10","C006","Rohlik.cz Mock a.s.","ecommerce","99910006","CZ99910006","Praha","Hlavni mesto Praha","18600",50.1008,14.4749,"API_B2B","platinum","P005","PEC-CHL-750-ZIT","Chleb zitny kvaskovy 750 g","chleb","kvaskovy","ks",10,5,"LOT-20250310-S004-621","S004","Danube Bakery SK s.r.o. (mock)","99820004","SK","WH01","DC Praha-Jinonice (mock)","A-CHLEB","PRG-C006-PON",60,60,0,1,148,88,55.22,8.6,12,3028.26,3391.65,1962.91,1065.35,14,"uhrazeno","dodano",false,"","pondeli",false,false,0.9,0,-13,""
"TX-2025-000193","FV-2025-000193","ORD-2025-000193","2025-03-07T17:34:00","2025-03-10T09:09:00","2025-03-10","C007","MAKRO Mock Cash & Carry CR s.r.o.","velkoobchod","99910007","CZ99910007","Praha","Hlavni mesto Praha","25242",49.9971,14.4291,"EDI","gold","P011","PEC-HOU-060","Houska psenicna 60 g","bezne_pecivo","klasicka","ks",40,2,"LOT-20250310-S002-742","S002","Moravske pecivo a.s. (mock)","99820002","CZ","WH01","DC Praha-Jinonice (mock)","B-BEZNE","PRG-C007-PON",720,720,0,0,1822,1102,5.46,6.29,12,3683.93,4126,2202.51,1481.42,21,"uhrazeno","dodano",false,"","pondeli",false,false,4.9,0,-15,"prioritni vykladka"
"TX-2025-000194","FV-2025-000194","ORD-2025-000194","2025-03-09T15:18:00","2025-03-11T10:27:00","2025-03-11","C002","ALBERT Mock Retail s.r.o.","retail_retezec","99910002","CZ99910002","Praha","Hlavni mesto Praha","10000",50.0724,14.4907,"EDI","platinum","P001","PEC-ROH-043","Rohlik tukovy 43 g","bezne_pecivo","klasicky","ks",50,1,"LOT-20250311-S002-698","S002","Moravske pecivo a.s. (mock)","99820002","CZ","WH01","DC Praha-Jinonice (mock)","B-BEZNE","PRG-C002-UTE",2000,2000,18,29,4911,2929,3.28,8.73,12,5933.43,6645.44,3774.58,2158.85,30,"uhrazeno","dodano",false,"","utery",false,false,11.1,7.2,-13,""
"TX-2025-000195","FV-2025-000195","ORD-2025-000195","2025-03-08T13:34:00","2025-03-11T10:23:00","2025-03-11","C005","PENNY Mock Market s.r.o.","retail_retezec","99910005","CZ99910005","Radonice","Stredocesky kraj","25073",50.1437,14.6077,"EDI","gold","P004","PEC-CHL-500","Chleb konzumentni 500 g","chleb","psenicno-zitny","ks",12,4,"LOT-20250311-S002-612","S002","Moravske pecivo a.s. (mock)","99820002","CZ","WH01","DC Praha-Jinonice (mock)","A-CHLEB","PRG-C005-UTE",336,336,0,0,577,241,31.48,6.5,12,9889.76,11076.53,6304.84,3584.92,21,"uhrazeno","dodano",false,"","utery",false,false,11.4,0,-4,"kontrola mnozstvi pri prevzeti"
"TX-2025-000196","FV-2025-000196","ORD-2025-000196","2025-03-10T14:05:00","2025-03-11T05:28:00","2025-03-11","C009","Skolni jidelna Javor (mock)","verejny_sektor","99910009","CZ99910009","Olomouc","Olomoucky kraj","77900",49.5938,17.2509,"email","standard","P001","PEC-ROH-043","Rohlik tukovy 43 g","bezne_pecivo","klasicky","ks",50,1,"LOT-20250311-S003-507","S003","Slezska pekarna s.r.o. (mock)","99820003","CZ","WH02","DC Brno-Slatina (mock)","B-BEZNE","BRN-C009-UTE",400,400,0,4,889,489,3.15,1.98,12,1235.05,1383.26,735.41,499.64,14,"uhrazeno","dodano",false,"","utery",false,false,7.3,0,3,"prioritni vykladka"
"TX-2025-000197","FV-2025-000197","ORD-2025-000197","2025-03-10T08:34:00","2025-03-12T04:07:00","2025-03-12","C001","LIDL Mock CR s.r.o.","retail_retezec","99910001","CZ99910001","Praha","Hlavni mesto Praha","15800",50.0525,14.3254,"EDI","platinum","P001","PEC-ROH-043","Rohlik tukovy 43 g","bezne_pecivo","klasicky","ks",50,1,"LOT-20250312-S001-977","S001","Pekarna Slunce s.r.o. (mock)","99820001","CZ","WH01","DC Praha-Jinonice (mock)","B-BEZNE","PRG-C001-STR",4000,3349,0,42,6178,2829,3.17,23.7,12,8100.26,9072.29,6147.97,1952.29,30,"uhrazeno","castecne_dodano",true,"Akce pecivo -15 %","streda",false,false,7.5,0.5,-15,""
"TX-2025-000198","FV-2025-000198","ORD-2025-000198","2025-03-09T15:07:00","2025-03-12T09:25:00","2025-03-12","C004","TESCO Mock Stores CR a.s.","retail_retezec","99910004","CZ99910004","Ostrava","Moravskoslezsky kraj","70030",49.7854,18.2741,"EDI","gold","P006","PEC-BAG-110","Bageta bila 110 g","bezne_pecivo","bila","ks",25,2,"LOT-20250312-S003-760","S003","Slezska pekarna s.r.o. (mock)","99820003","CZ","WH03","DC Ostrava-Hrabova (mock)","B-BEZNE","OVA-C004-STR",550,550,13,14,1463,926,12.82,6.25,12,6454.07,7228.56,3852.05,2602.02,30,"uhrazeno","dodano",false,"","streda",false,false,3.2,0,-2,"prioritni vykladka"
"TX-2025-000199","FV-2025-000199","ORD-2025-000199","2025-03-10T11:23:00","2025-03-12T06:04:00","2025-03-12","C011","Fakultni nemocnice Demo (mock)","verejny_sektor","99910011","CZ99910011","Hradec Kralove","Kralovehradecky kraj","50005",50.1956,15.8328,"email","silver","P004","PEC-CHL-500","Chleb konzumentni 500 g","chleb","psenicno-zitny","ks",12,4,"LOT-20250312-S003-863","S003","Slezska pekarna s.r.o. (mock)","99820003","CZ","WH01","DC Praha-Jinonice (mock)","A-CHLEB","PRG-C011-STR",96,96,0,1,141,45,31.54,3.84,12,2911.57,3260.96,1839.86,1071.71,30,"uhrazeno","dodano",false,"","streda",false,false,8.9,0,-5,""
"TX-2025-000200","FV-2025-000200","ORD-2025-000200","2025-03-11T09:07:00","2025-03-13T10:08:00","2025-03-13","C003","KAUFLAND Mock CR v.o.s.","retail_retezec","99910003","CZ99910003","Brno","Jihomoravsky kraj","62700",49.1678,16.6827,"EDI","platinum","P009","PEC-VEC-360","Veka tukova 360 g","chleb","klasicka","ks",14,3,"LOT-20250313-S001-300","S001","Pekarna Slunce s.r.o. (mock)","99820001","CZ","WH02","DC Brno-Slatina (mock)","A-CHLEB","BRN-C003-CTV",252,252,0,6,537,285,29.75,9.01,12,6821.52,7640.1,4220.24,2601.28,30,"uhrazeno","dodano",false,"","ctvrtek",false,false,3.5,0,-15,""
"TX-2025-000201","FV-2025-000201","ORD-2025-000201","2025-03-11T15:15:00","2025-03-13T06:48:00","2025-03-13","C008","BILLA Mock, spol. s r.o.","retail_retezec","99910008","CZ99910008","Modletice","Stredocesky kraj","25101",49.9708,14.5852,"EDI","gold","P011","PEC-HOU-060","Houska psenicna 60 g","bezne_pecivo","klasicka","ks",40,2,"LOT-20250313-S002-750","S002","Moravske pecivo a.s. (mock)","99820002","CZ","WH01","DC Praha-Jinonice (mock)","B-BEZNE","PRG-C008-CTV",880,880,0,0,1204,324,5.45,6.13,12,4502.01,5042.25,2692.55,1809.46,30,"uhrazeno","dodano",false,"","ctvrtek",false,false,1.3,0,2,""
"TX-2025-000202","FV-2025-000202","ORD-2025-000202","2025-03-12T11:07:00","2025-03-14T05:56:00","2025-03-14","C001","LIDL Mock CR s.r.o.","retail_retezec","99910001","CZ99910001","Praha","Hlavni mesto Praha","15800",50.0525,14.3254,"EDI","platinum","P008","PEC-KOB-060","Kobliha s marmeladou 60 g","jemne_pecivo","merunkova","ks",30,2,"LOT-20250314-S003-274","S003","Slezska pekarna s.r.o. (mock)","99820003","CZ","WH01","DC Praha-Jinonice (mock)","C-JEMNE","PRG-C001-PAT",720,720,0,15,2003,1283,15.86,8.96,12,10396.04,11643.56,6750.16,3645.88,30,"po_splatnosti","dodano",false,"","patek",false,false,3.6,5.1,-15,"prioritni vykladka"
"TX-2025-000203","FV-2025-000203","ORD-2025-000203","2025-03-11T13:44:00","2025-03-14T08:01:00","2025-03-14","C005","PENNY Mock Market s.r.o.","retail_retezec","99910005","CZ99910005","Radonice","Stredocesky kraj","25073",50.1437,14.6077,"EDI","gold","P006","PEC-BAG-110","Bageta bila 110 g","bezne_pecivo","bila","ks",25,2,"LOT-20250314-S001-793","S001","Pekarna Slunce s.r.o. (mock)","99820001","CZ","WH01","DC Praha-Jinonice (mock)","B-BEZNE","PRG-C005-PAT",475,475,9,0,865,399,13.17,6.59,12,5732.78,6420.71,3304.03,2428.75,21,"uhrazeno","dodano",false,"","patek",false,false,3.6,4.5,-9,""
"TX-2025-000204","FV-2025-000204","ORD-2025-000204","2025-03-12T10:28:00","2025-03-14T06:14:00","2025-03-14","C006","Rohlik.cz Mock a.s.","ecommerce","99910006","CZ99910006","Praha","Hlavni mesto Praha","18600",50.1008,14.4749,"API_B2B","platinum","P005","PEC-CHL-750-ZIT","Chleb zitny kvaskovy 750 g","chleb","kvaskovy","ks",10,5,"LOT-20250314-S002-524","S002","Moravske pecivo a.s. (mock)","99820002","CZ","WH01","DC Praha-Jinonice (mock)","A-CHLEB","PRG-C006-PAT",70,70,0,1,129,59,55.45,8.78,12,3540.7,3965.58,2275.45,1265.25,14,"uhrazeno","dodano",false,"","patek",false,false,11.4,0,9,""
"TX-2025-000205","FV-2025-000205","ORD-2025-000205","2025-03-13T14:38:00","2025-03-14T05:44:00","2025-03-14","C010","Kavarny KafeKruh s.r.o. (mock)","horeca","99910010","CZ99910010","Plzen","Plzensky kraj","30100",49.7384,13.3736,"B2B_eshop","silver","P008","PEC-KOB-060","Kobliha s marmeladou 60 g","jemne_pecivo","merunkova","ks",30,2,"LOT-20250314-S001-259","S001","Pekarna Slunce s.r.o. (mock)","99820001","CZ","WH01","DC Praha-Jinonice (mock)","C-JEMNE","PRG-C010-PAT",90,90,0,2,122,32,15.33,3.05,12,1337.62,1498.13,816.5,521.12,14,"uhrazeno","dodano",false,"","patek",false,false,4.1,0,-10,""
"TX-2025-000206","FV-2025-000206","ORD-2025-000206","2025-03-13T17:42:00","2025-03-15T10:33:00","2025-03-15","C001","LIDL Mock CR s.r.o.","retail_retezec","99910001","CZ99910001","Praha","Hlavni mesto Praha","15800",50.0525,14.3254,"EDI","platinum","P006","PEC-BAG-110","Bageta bila 110 g","bezne_pecivo","bila","ks",25,2,"LOT-20250315-S003-434","S003","Slezska pekarna s.r.o. (mock)","99820003","CZ","WH01","DC Praha-Jinonice (mock)","B-BEZNE","PRG-C001-SOB",1225,1225,0,0,2594,1369,13.15,23.29,12,12357.02,13839.86,8639.54,3717.48,30,"uhrazeno","dodano",true,"Akce pecivo -15 %","sobota",true,false,1.6,0,9,""
"TX-2025-000207","FV-2025-000207","ORD-2025-000207","2025-03-13T11:04:00","2025-03-15T06:01:00","2025-03-15","C004","TESCO Mock Stores CR a.s.","retail_retezec","99910004","CZ99910004","Ostrava","Moravskoslezsky kraj","70030",49.7854,18.2741,"EDI","gold","P006","PEC-BAG-110","Bageta bila 110 g","bezne_pecivo","bila","ks",25,2,"LOT-20250315-S003-940","S003","Slezska pekarna s.r.o. (mock)","99820003","CZ","WH03","DC Ostrava-Hrabova (mock)","B-BEZNE","OVA-C004-SOB",700,700,13,0,1087,400,13.19,6.4,12,8481.59,9499.38,5000.05,3481.54,30,"uhrazeno","dodano",false,"","sobota",true,false,11.7,0,8,""
"TX-2025-000208","FV-2025-000208","ORD-2025-000208","2025-03-12T16:02:00","2025-03-15T10:59:00","2025-03-15","C012","Restaurace U Tri pecnu s.r.o. (mock)","horeca","99910012","CZ99910012","Ceske Budejovice","Jihocesky kraj","37001",48.9745,14.4743,"obchodni_zastupce","standard","P001","PEC-ROH-043","Rohlik tukovy 43 g","bezne_pecivo","klasicky","ks",50,1,"LOT-20250315-S002-154","S002","Moravske pecivo a.s. (mock)","99820002","CZ","WH01","DC Praha-Jinonice (mock)","B-BEZNE","PRG-C012-SOB",300,300,0,0,667,367,3.19,2.09,12,937,1049.44,564.02,372.98,14,"uhrazeno","dodano",false,"","sobota",true,false,4.9,0,-9,""
"TX-2025-000209","FV-2025-000209","ORD-2025-000209","2025-03-15T11:33:00","2025-03-17T04:31:00","2025-03-17","C001","LIDL Mock CR s.r.o.","retail_retezec","99910001","CZ99910001","Praha","Hlavni mesto Praha","15800",50.0525,14.3254,"EDI","platinum","P001","PEC-ROH-043","Rohlik tukovy 43 g","bezne_pecivo","klasicky","ks",50,1,"LOT-20250317-S001-672","S001","Pekarna Slunce s.r.o. (mock)","99820001","CZ","WH01","DC Praha-Jinonice (mock)","B-BEZNE","PRG-C001-PON",2150,2150,0,40,4164,2014,3.21,8.94,12,6284.51,7038.65,3906.09,2378.42,30,"uhrazeno","dodano",false,"","pondeli",false,false,1.6,0.6,-15,"prioritni vykladka"
"TX-2025-000210","FV-2025-000210","ORD-2025-000210","2025-03-15T16:29:00","2025-03-17T07:01:00","2025-03-17","C003","KAUFLAND Mock CR v.o.s.","retail_retezec","99910003","CZ99910003","Brno","Jihomoravsky kraj","62700",49.1678,16.6827,"EDI","platinum","P007","PEC-CRO-065","Croissant maslovy 65 g","jemne_pecivo","maslovy","ks",24,3,"LOT-20250317-S002-333","S002","Moravske pecivo a.s. (mock)","99820002","CZ","WH02","DC Brno-Slatina (mock)","C-JEMNE","BRN-C003-PON",624,0,0,0,894,894,19.31,8.26,12,0,0,0,0,30,"stornovano","zruseno",false,"","pondeli",false,false,9.9,1.2,0,""
"TX-2025-000211","FV-2025-000211","ORD-2025-000211","2025-03-14T14:56:00","2025-03-17T04:54:00","2025-03-17","C006","Rohlik.cz Mock a.s.","ecommerce","99910006","CZ99910006","Praha","Hlavni mesto Praha","18600",50.1008,14.4749,"API_B2B","platinum","P007","PEC-CRO-065","Croissant maslovy 65 g","jemne_pecivo","maslovy","ks",24,3,"LOT-20250317-S002-677","S002","Moravske pecivo a.s. (mock)","99820002","CZ","WH01","DC Praha-Jinonice (mock)","C-JEMNE","PRG-C006-PON",192,192,0,0,410,218,18.74,8.13,12,3305.56,3702.23,2309.01,996.55,14,"uhrazeno","dodano",false,"","pondeli",false,false,9.4,2.2,1,""
"TX-2025-000212","FV-2025-000212","ORD-2025-000212","2025-03-15T16:00:00","2025-03-18T10:29:00","2025-03-18","C002","ALBERT Mock Retail s.r.o.","retail_retezec","99910002","CZ99910002","Praha","Hlavni mesto Praha","10000",50.0724,14.4907,"EDI","platinum","P011","PEC-HOU-060","Houska psenicna 60 g","bezne_pecivo","klasicka","ks",40,2,"LOT-20250318-S003-905","S003","Slezska pekarna s.r.o. (mock)","99820003","CZ","WH01","DC Praha-Jinonice (mock)","B-BEZNE","PRG-C002-UTE",1920,1920,21,0,2858,959,5.4,23.2,12,7875.53,8820.59,5692.4,2183.13,30,"uhrazeno","dodano",true,"Akce pecivo -15 %","utery",false,false,10.4,0,-3,"kontrola mnozstvi pri prevzeti"
"TX-2025-000213","FV-2025-000213","ORD-2025-000213","2025-03-15T09:17:00","2025-03-18T07:25:00","2025-03-18","C009","Skolni jidelna Javor (mock)","verejny_sektor","99910009","CZ99910009","Olomouc","Olomoucky kraj","77900",49.5938,17.2509,"email","standard","P002","PEC-ROH-055-CZ","Rohlik celozrnny 55 g","bezne_pecivo","celozrnny","ks",40,2,"LOT-20250318-S001-286","S001","Pekarna Slunce s.r.o. (mock)","99820001","CZ","WH02","DC Brno-Slatina (mock)","B-BEZNE","BRN-C009-UTE",240,240,0,6,492,252,6.61,1.68,12,1559.75,1746.92,874.13,685.62,14,"uhrazeno","dodano",false,"","utery",false,false,1.3,0,12,""
"TX-2025-000214","FV-2025-000214","ORD-2025-000214","2025-03-16T15:24:00","2025-03-19T07:36:00","2025-03-19","C001","LIDL Mock CR s.r.o.","retail_retezec","99910001","CZ99910001","Praha","Hlavni mesto Praha","15800",50.0525,14.3254,"EDI","platinum","P008","PEC-KOB-060","Kobliha s marmeladou 60 g","jemne_pecivo","merunkova","ks",30,2,"LOT-20250319-S001-194","S001","Pekarna Slunce s.r.o. (mock)","99820001","CZ","WH01","DC Praha-Jinonice (mock)","C-JEMNE","PRG-C001-STR",750,750,0,3,1096,346,15.82,8.83,12,10817.32,12115.4,6921.05,3896.27,30,"uhrazeno","dodano",false,"","streda",false,false,2.7,0,-15,"vratne prepravky"
"TX-2025-000215","FV-2025-000215","ORD-2025-000215","2025-03-17T14:08:00","2025-03-19T08:35:00","2025-03-19","C004","TESCO Mock Stores CR a.s.","retail_retezec","99910004","CZ99910004","Ostrava","Moravskoslezsky kraj","70030",49.7854,18.2741,"EDI","gold","P003","PEC-KAI-060","Kaiserka sezamova 60 g","bezne_pecivo","sezam","ks",35,2,"LOT-20250319-S001-340","S001","Pekarna Slunce s.r.o. (mock)","99820001","CZ","WH03","DC Ostrava-Hrabova (mock)","B-BEZNE","OVA-C004-STR",1155,1155,19,0,2407,1271,7.99,13.88,12,7816.8,8754.82,5065.81,2750.99,30,"uhrazeno","dodano",true,"Vikendova akce","streda",false,false,5.6,0,-15,""
"TX-2025-000216","FV-2025-000216","ORD-2025-000216","2025-03-16T09:39:00","2025-03-19T05:33:00","2025-03-19","C006","Rohlik.cz Mock a.s.","ecommerce","99910006","CZ99910006","Praha","Hlavni mesto Praha","18600",50.1008,14.4749,"API_B2B","platinum","P010","PEC-SNE-090","Snek skorice 90 g","jemne_pecivo","skoricovy","ks",20,3,"LOT-20250319-S002-767","S002","Moravske pecivo a.s. (mock)","99820002","CZ","WH01","DC Praha-Jinonice (mock)","C-JEMNE","PRG-C006-STR",120,120,3,1,232,115,23.04,8.87,12,2456.57,2751.36,1569.57,887,14,"uhrazeno","dodano",false,"","streda",false,false,4.4,0,-15,""
"TX-2025-000217","FV-2025-000217","ORD-2025-000217","2025-03-16T11:06:00","2025-03-19T10:49:00","2025-03-19","C011","Fakultni nemocnice Demo (mock)","verejny_sektor","99910011","CZ99910011","Hradec Kralove","Kralovehradecky kraj","50005",50.1956,15.8328,"email","silver","P001","PEC-ROH-043","Rohlik tukovy 43 g","bezne_pecivo","klasicky","ks",50,1,"LOT-20250319-S001-798","S001","Pekarna Slunce s.r.o. (mock)","99820001","CZ","WH01","DC Praha-Jinonice (mock)","B-BEZNE","PRG-C011-STR",500,500,0,0,1010,510,3.2,3.91,12,1537.44,1721.93,947.51,589.93,30,"uhrazeno","dodano",false,"","streda",false,false,10.3,0,-4,""
"TX-2025-000218","FV-2025-000218","ORD-2025-000218","2025-03-17T14:17:00","2025-03-20T04:34:00","2025-03-20","C002","ALBERT Mock Retail s.r.o.","retail_retezec","99910002","CZ99910002","Praha","Hlavni mesto Praha","10000",50.0724,14.4907,"EDI","platinum","P001","PEC-ROH-043","Rohlik tukovy 43 g","bezne_pecivo","klasicky","ks",50,1,"LOT-20250320-S003-500","S003","Slezska pekarna s.r.o. (mock)","99820003","CZ","WH01","DC Praha-Jinonice (mock)","B-BEZNE","PRG-C002-CTV",2000,2000,34,0,3588,1622,3.19,8.9,12,5713.37,6398.97,3604.84,2108.53,30,"uhrazeno","dodano",false,"","ctvrtek",false,false,5.8,0,-8,""
"TX-2025-000219","FV-2025-000219","ORD-2025-000219","2025-03-18T13:30:00","2025-03-20T09:28:00","2025-03-20","C003","KAUFLAND Mock CR v.o.s.","retail_retezec","99910003","CZ99910003","Brno","Jihomoravsky kraj","62700",49.1678,16.6827,"EDI","platinum","P006","PEC-BAG-110","Bageta bila 110 g","bezne_pecivo","bila","ks",25,2,"LOT-20250320-S001-102","S001","Pekarna Slunce s.r.o. (mock)","99820001","CZ","WH02","DC Brno-Slatina (mock)","B-BEZNE","BRN-C003-CTV",775,775,0,0,1190,415,12.82,8.64,12,9077.07,10166.32,5567.8,3509.27,30,"uhrazeno","dodano",false,"","ctvrtek",false,false,1.9,1.3,2,""
"TX-2025-000220","FV-2025-000220","ORD-2025-000220","2025-03-17T10:45:00","2025-03-20T05:17:00","2025-03-20","C008","BILLA Mock, spol. s r.o.","retail_retezec","99910008","CZ99910008","Modletice","Stredocesky kraj","25101",49.9708,14.5852,"EDI","gold","P005","PEC-CHL-750-ZIT","Chleb zitny kvaskovy 750 g","chleb","kvaskovy","ks",10,5,"LOT-20250320-S004-239","S004","Danube Bakery SK s.r.o. (mock)","99820004","SK","WH01","DC Praha-Jinonice (mock)","A-CHLEB","PRG-C008-CTV",150,150,1,0,313,164,54.17,6.37,12,7557.19,8464.05,4755.05,2802.14,30,"uhrazeno","dodano",false,"","ctvrtek",false,false,10.1,0,9,""
"TX-2025-000221","FV-2025-000221","ORD-2025-000221","2025-03-19T13:50:00","2025-03-21T10:38:00","2025-03-21","C001","LIDL Mock CR s.r.o.","retail_retezec","99910001","CZ99910001","Praha","Hlavni mesto Praha","15800",50.0525,14.3254,"EDI","platinum","P006","PEC-BAG-110","Bageta bila 110 g","bezne_pecivo","bila","ks",25,2,"LOT-20250321-S003-359","S003","Slezska pekarna s.r.o. (mock)","99820003","CZ","WH01","DC Praha-Jinonice (mock)","B-BEZNE","PRG-C001-PAT",750,750,0,0,2109,1359,12.89,8.78,12,8818.69,9876.93,5337.84,3480.85,30,"uhrazeno","dodano",false,"","patek",false,false,7.3,0,-7,""
"TX-2025-000222","FV-2025-000222","ORD-2025-000222","2025-03-18T14:48:00","2025-03-21T08:25:00","2025-03-21","C005","PENNY Mock Market s.r.o.","retail_retezec","99910005","CZ99910005","Radonice","Stredocesky kraj","25073",50.1437,14.6077,"EDI","gold","P003","PEC-KAI-060","Kaiserka sezamova 60 g","bezne_pecivo","sezam","ks",35,2,"LOT-20250321-S001-588","S001","Pekarna Slunce s.r.o. (mock)","99820001","CZ","WH01","DC Praha-Jinonice (mock)","B-BEZNE","PRG-C005-PAT",1225,1225,0,0,1832,607,8.03,20.56,12,7814.31,8752.03,5532.51,2281.8,21,"uhrazeno","dodano",true,"Akce pecivo -15 %","patek",false,false,0.8,0,-15,""
"TX-2025-000223","FV-2025-000223","ORD-2025-000223","2025-03-20T11:42:00","2025-03-21T10:52:00","2025-03-21","C006","Rohlik.cz Mock a.s.","ecommerce","99910006","CZ99910006","Praha","Hlavni mesto Praha","18600",50.1008,14.4749,"API_B2B","platinum","P005","PEC-CHL-750-ZIT","Chleb zitny kvaskovy 750 g","chleb","kvaskovy","ks",10,5,"LOT-20250321-S002-620","S002","Moravske pecivo a.s. (mock)","99820002","CZ","WH01","DC Praha-Jinonice (mock)","A-CHLEB","PRG-C006-PAT",70,70,1,0,171,102,56.22,8.4,12,3553.33,3979.73,2324.98,1228.35,14,"uhrazeno","dodano",false,"","patek",false,false,11.1,0,9,"vratne prepravky"
"TX-2025-000224","FV-2025-000224","ORD-2025-000224","2025-03-20T12:35:00","2025-03-22T05:55:00","2025-03-22","C001","LIDL Mock CR s.r.o.","retail_retezec","99910001","CZ99910001","Praha","Hlavni mesto Praha","15800",50.0525,14.3254,"EDI","platinum","P004","PEC-CHL-500","Chleb konzumentni 500 g","chleb","psenicno-zitny","ks",12,4,"LOT-20250322-S002-294","S002","Moravske pecivo a.s. (mock)","99820002","CZ","WH01","DC Praha-Jinonice (mock)","A-CHLEB","PRG-C001-SOB",588,588,0,0,1176,588,32.08,8.77,12,17208.75,19273.8,11609.12,5599.63,30,"uhrazeno","dodano",false,"","sobota",true,false,11.3,0,-4,""
"TX-2025-000225","FV-2025-000225","ORD-2025-000225","2025-03-19T13:55:00","2025-03-22T08:21:00","2025-03-22","C004","TESCO Mock Stores CR a.s.","retail_retezec","99910004","CZ99910004","Ostrava","Moravskoslezsky kraj","70030",49.7854,18.2741,"EDI","gold","P004","PEC-CHL-500","Chleb konzumentni 500 g","chleb","psenicno-zitny","ks",12,4,"LOT-20250322-S001-564","S001","Pekarna Slunce s.r.o. (mock)","99820001","CZ","WH03","DC Ostrava-Hrabova (mock)","A-CHLEB","OVA-C004-SOB",384,384,0,0,630,246,31.82,6.58,12,11414.88,12784.67,7593.95,3820.93,30,"uhrazeno","dodano",false,"","sobota",true,false,2.5,0,13,"vratne prepravky"
"TX-2025-000226","FV-2025-000226","ORD-2025-000226","2025-03-22T11:15:00","2025-03-24T10:15:00","2025-03-24","C001","LIDL Mock CR s.r.o.","retail_retezec","99910001","CZ99910001","Praha","Hlavni mesto Praha","15800",50.0525,14.3254,"EDI","platinum","P001","PEC-ROH-043","Rohlik tukovy 43 g","bezne_pecivo","klasicky","ks",50,1,"LOT-20250324-S001-737","S001","Pekarna Slunce s.r.o. (mock)","99820001","CZ","WH01","DC Praha-Jinonice (mock)","B-BEZNE","PRG-C001-PON",2650,2650,1,45,6030,3381,3.26,8.6,12,7893.07,8840.24,5017.94,2875.13,30,"uhrazeno","dodano",false,"","pondeli",false,false,8,0,3,""
"TX-2025-000227","FV-2025-000227","ORD-2025-000227","2025-03-21T09:50:00","2025-03-24T09:16:00","2025-03-24","C003","KAUFLAND Mock CR v.o.s.","retail_retezec","99910003","CZ99910003","Brno","Jihomoravsky kraj","62700",49.1678,16.6827,"EDI","platinum","P004","PEC-CHL-500","Chleb konzumentni 500 g","chleb","psenicno-zitny","ks",12,4,"LOT-20250324-S002-397","S002","Moravske pecivo a.s. (mock)","99820002","CZ","WH02","DC Brno-Slatina (mock)","A-CHLEB","BRN-C003-PON",312,312,3,6,817,508,31.98,8.56,12,9035.94,10120.25,5900.27,3135.67,30,"uhrazeno","dodano",false,"","pondeli",false,false,3.8,2.5,-15,""
"TX-2025-000228","FV-2025-000228","ORD-2025-000228","2025-03-23T13:39:00","2025-03-24T09:17:00","2025-03-24","C006","Rohlik.cz Mock a.s.","ecommerce","99910006","CZ99910006","Praha","Hlavni mesto Praha","18600",50.1008,14.4749,"API_B2B","platinum","P001","PEC-ROH-043","Rohlik tukovy 43 g","bezne_pecivo","klasicky","ks",50,1,"LOT-20250324-S003-859","S003","Slezska pekarna s.r.o. (mock)","99820003","CZ","WH01","DC Praha-Jinonice (mock)","B-BEZNE","PRG-C006-PON",550,550,0,0,770,220,3.18,8.89,12,1593.51,1784.73,1044.42,549.09,14,"uhrazeno","dodano",false,"","pondeli",false,false,11.7,0.2,9,""
"TX-2025-000229","FV-2025-000229","ORD-2025-000229","2025-03-22T09:51:00","2025-03-25T10:30:00","2025-03-25","C002","ALBERT Mock Retail s.r.o.","retail_retezec","99910002","CZ99910002","Praha","Hlavni mesto Praha","10000",50.0724,14.4907,"EDI","platinum","P001","PEC-ROH-043","Rohlik tukovy 43 g","bezne_pecivo","klasicky","ks",50,1,"LOT-20250325-S001-637","S001","Pekarna Slunce s.r.o. (mock)","99820001","CZ","WH01","DC Praha-Jinonice (mock)","B-BEZNE","PRG-C002-UTE",1750,1750,0,0,2467,717,3.21,9.08,12,5107.43,5720.32,3343.74,1763.69,30,"uhrazeno","dodano",false,"","utery",false,false,10.8,2.8,-14,""
"TX-2025-000230","FV-2025-000230","ORD-2025-000230","2025-03-23T09:06:00","2025-03-25T08:45:00","2025-03-25","C005","PENNY Mock Market s.r.o.","retail_retezec","99910005","CZ99910005","Radonice","Stredocesky kraj","25073",50.1437,14.6077,"EDI","gold","P004","PEC-CHL-500","Chleb konzumentni 500 g","chleb","psenicno-zitny","ks",12,4,"LOT-20250325-S003-876","S003","Slezska pekarna s.r.o. (mock)","99820003","CZ","WH01","DC Praha-Jinonice (mock)","A-CHLEB","PRG-C005-UTE",276,276,0,0,616,340,32.48,5.84,12,8440.95,9453.86,5452.19,2988.76,21,"uhrazeno","dodano",false,"","utery",false,false,3,0,5,""
"TX-2025-000231","FV-2025-000231","ORD-2025-000231","2025-03-23T15:40:00","2025-03-25T06:06:00","2025-03-25","C009","Skolni jidelna Javor (mock)","verejny_sektor","99910009","CZ99910009","Olomouc","Olomoucky kraj","77900",49.5938,17.2509,"email","standard","P001","PEC-ROH-043","Rohlik tukovy 43 g","bezne_pecivo","klasicky","ks",50,1,"LOT-20250325-S002-730","S002","Moravske pecivo a.s. (mock)","99820002","CZ","WH02","DC Brno-Slatina (mock)","B-BEZNE","BRN-C009-UTE",300,300,5,2,575,280,3.16,1.71,12,916.26,1026.21,536.23,380.03,14,"uhrazeno","dodano",false,"","utery",false,false,6.2,0,-15,"prioritni vykladka"
"TX-2025-000232","FV-2025-000232","ORD-2025-000232","2025-03-23T14:53:00","2025-03-26T04:37:00","2025-03-26","C001","LIDL Mock CR s.r.o.","retail_retezec","99910001","CZ99910001","Praha","Hlavni mesto Praha","15800",50.0525,14.3254,"EDI","platinum","P004","PEC-CHL-500","Chleb konzumentni 500 g","chleb","psenicno-zitny","ks",12,4,"LOT-20250326-S003-830","S003","Slezska pekarna s.r.o. (mock)","99820003","CZ","WH01","DC Praha-Jinonice (mock)","A-CHLEB","PRG-C001-STR",600,600,0,0,1381,781,32,8.93,12,17485.44,19583.69,11475.11,6010.33,30,"uhrazeno","dodano",false,"","streda",false,false,5.5,0,-14,""
"TX-2025-000233","FV-2025-000233","ORD-2025-000233","2025-03-24T13:55:00","2025-03-26T04:20:00","2025-03-26","C004","TESCO Mock Stores CR a.s.","retail_retezec","99910004","CZ99910004","Ostrava","Moravskoslezsky kraj","70030",49.7854,18.2741,"EDI","gold","P004","PEC-CHL-500","Chleb konzumentni 500 g","chleb","psenicno-zitny","ks",12,4,"LOT-20250326-S003-103","S003","Slezska pekarna s.r.o. (mock)","99820003","CZ","WH03","DC Ostrava-Hrabova (mock)","A-CHLEB","OVA-C004-STR",372,372,0,0,629,257,31.54,6.16,12,11010.13,12331.35,7220.82,3789.31,30,"uhrazeno","dodano",false,"","streda",false,false,3.4,0,-15,""
"TX-2025-000234","FV-2025-000234","ORD-2025-000234","2025-03-25T12:37:00","2025-03-26T10:29:00","2025-03-26","C006","Rohlik.cz Mock a.s.","ecommerce","99910006","CZ99910006","Praha","Hlavni mesto Praha","18600",50.1008,14.4749,"API_B2B","platinum","P005","PEC-CHL-750-ZIT","Chleb zitny kvaskovy 750 g","chleb","kvaskovy","ks",10,5,"LOT-20250326-S002-803","S002","Moravske pecivo a.s. (mock)","99820002","CZ","WH01","DC Praha-Jinonice (mock)","A-CHLEB","PRG-C006-STR",70,70,0,0,111,41,54.33,8.63,12,3474.89,3891.88,2252.26,1222.63,14,"uhrazeno","dodano",false,"","streda",false,false,2.3,0,-1,""
"TX-2025-000235","FV-2025-000235","ORD-2025-000235","2025-03-24T16:21:00","2025-03-27T07:19:00","2025-03-27","C002","ALBERT Mock Retail s.r.o.","retail_retezec","99910002","CZ99910002","Praha","Hlavni mesto Praha","10000",50.0724,14.4907,"EDI","platinum","P008","PEC-KOB-060","Kobliha s marmeladou 60 g","jemne_pecivo","merunkova","ks",30,2,"LOT-20250327-S003-796","S003","Slezska pekarna s.r.o. (mock)","99820003","CZ","WH01","DC Praha-Jinonice (mock)","C-JEMNE","PRG-C002-CTV",540,540,0,1,1340,800,15.55,8.07,12,7719.36,8645.68,4849.39,2869.97,30,"uhrazeno","dodano",false,"","ctvrtek",false,false,8,0.3,9,""
"TX-2025-000236","FV-2025-000236","ORD-2025-000236","2025-03-25T12:41:00","2025-03-27T06:03:00","2025-03-27","C008","BILLA Mock, spol. s r.o.","retail_retezec","99910008","CZ99910008","Modletice","Stredocesky kraj","25101",49.9708,14.5852,"EDI","gold","P001","PEC-ROH-043","Rohlik tukovy 43 g","bezne_pecivo","klasicky","ks",50,1,"LOT-20250327-S003-958","S003","Slezska pekarna s.r.o. (mock)","99820003","CZ","WH01","DC Praha-Jinonice (mock)","B-BEZNE","PRG-C008-CTV",900,900,13,0,1796,909,3.23,6.46,12,2679.93,3001.52,1675.67,1004.26,30,"uhrazeno","dodano",false,"","ctvrtek",false,false,2.9,0,-2,""
"TX-2025-000237","FV-2025-000237","ORD-2025-000237","2025-03-26T15:48:00","2025-03-28T06:36:00","2025-03-28","C001","LIDL Mock CR s.r.o.","retail_retezec","99910001","CZ99910001","Praha","Hlavni mesto Praha","15800",50.0525,14.3254,"EDI","platinum","P006","PEC-BAG-110","Bageta bila 110 g","bezne_pecivo","bila","ks",25,2,"LOT-20250328-S003-568","S003","Slezska pekarna s.r.o. (mock)","99820003","CZ","WH01","DC Praha-Jinonice (mock)","B-BEZNE","PRG-C001-PAT",1125,1125,0,7,2340,1215,13.1,8.09,12,13545.24,15170.67,7944.23,5601.01,30,"uhrazeno","dodano",false,"","patek",false,false,10.8,2.1,-2,""
"TX-2025-000238","FV-2025-000238","ORD-2025-000238","2025-03-26T15:47:00","2025-03-28T07:01:00","2025-03-28","C005","PENNY Mock Market s.r.o.","retail_retezec","99910005","CZ99910005","Radonice","Stredocesky kraj","25073",50.1437,14.6077,"EDI","gold","P006","PEC-BAG-110","Bageta bila 110 g","bezne_pecivo","bila","ks",25,2,"LOT-20250328-S003-552","S003","Slezska pekarna s.r.o. (mock)","99820003","CZ","WH01","DC Praha-Jinonice (mock)","B-BEZNE","PRG-C005-PAT",625,486,0,0,697,211,12.72,21.15,12,4874.44,5459.37,3465.54,1408.9,21,"uhrazeno","castecne_dodano",true,"Akce pecivo -15 %","patek",false,false,10.6,0,2,""
"TX-2025-000239","FV-2025-000239","ORD-2025-000239","2025-03-27T09:24:00","2025-03-28T08:02:00","2025-03-28","C006","Rohlik.cz Mock a.s.","ecommerce","99910006","CZ99910006","Praha","Hlavni mesto Praha","18600",50.1008,14.4749,"API_B2B","platinum","P005","PEC-CHL-750-ZIT","Chleb zitny kvaskovy 750 g","chleb","kvaskovy","ks",10,5,"LOT-20250328-S002-489","S002","Moravske pecivo a.s. (mock)","99820002","CZ","WH01","DC Praha-Jinonice (mock)","A-CHLEB","PRG-C006-PAT",70,70,0,0,166,96,55.3,8.4,12,3545.84,3971.34,2233.63,1312.21,14,"uhrazeno","dodano",false,"","patek",false,false,6.6,0,13,""
"TX-2025-000240","FV-2025-000240","ORD-2025-000240","2025-03-27T16:51:00","2025-03-28T09:10:00","2025-03-28","C010","Kavarny KafeKruh s.r.o. (mock)","horeca","99910010","CZ99910010","Plzen","Plzensky kraj","30100",49.7384,13.3736,"B2B_eshop","silver","P007","PEC-CRO-065","Croissant maslovy 65 g","jemne_pecivo","maslovy","ks",24,3,"LOT-20250328-S002-142","S002","Moravske pecivo a.s. (mock)","99820002","CZ","WH01","DC Praha-Jinonice (mock)","C-JEMNE","PRG-C010-PAT",72,72,0,0,106,34,19.05,3.53,12,1323.18,1481.96,872.94,450.24,14,"uhrazeno","dodano",false,"","patek",false,false,5.7,0,0,""
"TX-2025-000241","FV-2025-000241","ORD-2025-000241","2025-03-27T09:01:00","2025-03-29T08:08:00","2025-03-29","C001","LIDL Mock CR s.r.o.","retail_retezec","99910001","CZ99910001","Praha","Hlavni mesto Praha","15800",50.0525,14.3254,"EDI","platinum","P008","PEC-KOB-060","Kobliha s marmeladou 60 g","jemne_pecivo","merunkova","ks",30,2,"LOT-20250329-S003-506","S003","Slezska pekarna s.r.o. (mock)","99820003","CZ","WH01","DC Praha-Jinonice (mock)","C-JEMNE","PRG-C001-SOB",990,990,12,23,1427,449,15.42,23.76,12,11497.57,12877.28,9007.01,2490.56,30,"uhrazeno","dodano",true,"Akce pecivo -15 %","sobota",true,false,8.8,0,-4,""
"TX-2025-000242","FV-2025-000242","ORD-2025-000242","2025-03-26T14:11:00","2025-03-29T04:17:00","2025-03-29","C004","TESCO Mock Stores CR a.s.","retail_retezec","99910004","CZ99910004","Ostrava","Moravskoslezsky kraj","70030",49.7854,18.2741,"EDI","gold","P002","PEC-ROH-055-CZ","Rohlik celozrnny 55 g","bezne_pecivo","celozrnny","ks",40,2,"LOT-20250329-S001-721","S001","Pekarna Slunce s.r.o. (mock)","99820001","CZ","WH03","DC Ostrava-Hrabova (mock)","B-BEZNE","OVA-C004-SOB",1520,1520,0,0,2181,661,6.49,21.2,12,7773.46,8706.28,5463.03,2310.43,30,"uhrazeno","dodano",true,"Akce pecivo -15 %","sobota",true,false,3,0,-14,"vratne prepravky"
"TX-2025-000243","FV-2025-000243","ORD-2025-000243","2025-03-27T17:57:00","2025-03-29T06:01:00","2025-03-29","C012","Restaurace U Tri pecnu s.r.o. (mock)","horeca","99910012","CZ99910012","Ceske Budejovice","Jihocesky kraj","37001",48.9745,14.4743,"obchodni_zastupce","standard","P001","PEC-ROH-043","Rohlik tukovy 43 g","bezne_pecivo","klasicky","ks",50,1,"LOT-20250329-S003-245","S003","Slezska pekarna s.r.o. (mock)","99820003","CZ","WH01","DC Praha-Jinonice (mock)","B-BEZNE","PRG-C012-SOB",300,300,0,1,657,357,3.21,2.3,12,940.85,1053.75,543.93,396.92,14,"uhrazeno","dodano",false,"","sobota",true,false,1.3,0,9,""
"TX-2025-000244","FV-2025-000244","ORD-2025-000244","2025-03-28T10:52:00","2025-03-31T04:09:00","2025-03-31","C001","LIDL Mock CR s.r.o.","retail_retezec","99910001","CZ99910001","Praha","Hlavni mesto Praha","15800",50.0525,14.3254,"EDI","platinum","P004","PEC-CHL-500","Chleb konzumentni 500 g","chleb","psenicno-zitny","ks",12,4,"LOT-20250331-S003-726","S003","Slezska pekarna s.r.o. (mock)","99820003","CZ","WH01","DC Praha-Jinonice (mock)","A-CHLEB","PRG-C001-PON",516,516,0,0,821,305,32.09,24.03,12,12579.45,14088.98,10131.03,2448.42,30,"uhrazeno","dodano",true,"Akce pecivo -15 %","pondeli",false,false,8.2,4.8,-15,""
"TX-2025-000245","FV-2025-000245","ORD-2025-000245","2025-03-28T11:22:00","2025-03-31T05:32:00","2025-03-31","C003","KAUFLAND Mock CR v.o.s.","retail_retezec","99910003","CZ99910003","Brno","Jihomoravsky kraj","62700",49.1678,16.6827,"EDI","platinum","P001","PEC-ROH-043","Rohlik tukovy 43 g","bezne_pecivo","klasicky","ks",50,1,"LOT-20250331-S002-405","S002","Moravske pecivo a.s. (mock)","99820002","CZ","WH02","DC Brno-Slatina (mock)","B-BEZNE","BRN-C003-PON",1500,1201,9,0,3694,2502,3.18,8.06,12,3485.04,3903.24,2145.47,1339.57,30,"uhrazeno","castecne_dodano",false,"","pondeli",false,false,7.8,3.6,-15,""
"TX-2025-000246","FV-2025-000246","ORD-2025-000246","2025-03-29T10:54:00","2025-03-31T04:18:00","2025-03-31","C007","MAKRO Mock Cash & Carry CR s.r.o.","velkoobchod","99910007","CZ99910007","Praha","Hlavni mesto Praha","25242",49.9971,14.4291,"EDI","gold","P011","PEC-HOU-060","Houska psenicna 60 g","bezne_pecivo","klasicka","ks",40,2,"LOT-20250331-S003-384","S003","Slezska pekarna s.r.o. (mock)","99820003","CZ","WH01","DC Praha-Jinonice (mock)","B-BEZNE","PRG-C007-PON",640,640,0,0,1976,1336,5.4,6.67,12,3225.48,3612.54,1880.77,1344.71,21,"uhrazeno","dodano",false,"","pondeli",false,false,4.9,0,4,""
"TX-2025-000247","FV-2025-000247","ORD-2025-000247","2025-03-29T10:23:00","2025-04-01T09:23:00","2025-04-01","C002","ALBERT Mock Retail s.r.o.","retail_retezec","99910002","CZ99910002","Praha","Hlavni mesto Praha","10000",50.0724,14.4907,"EDI","platinum","P002","PEC-ROH-055-CZ","Rohlik celozrnny 55 g","bezne_pecivo","celozrnny","ks",40,2,"LOT-20250401-S002-949","S002","Moravske pecivo a.s. (mock)","99820002","CZ","WH01","DC Praha-Jinonice (mock)","B-BEZNE","PRG-C002-UTE",1400,1400,0,31,1976,576,6.44,8.33,12,8264.97,9256.77,5137.79,3127.18,30,"uhrazeno","dodano",false,"","utery",false,false,7.5,0,13,"synteticky testovaci zaznam"
"TX-2025-000248","FV-2025-000248","ORD-2025-000248","2025-03-29T08:27:00","2025-04-01T10:54:00","2025-04-01","C005","PENNY Mock Market s.r.o.","retail_retezec","99910005","CZ99910005","Radonice","Stredocesky kraj","25073",50.1437,14.6077,"EDI","gold","P001","PEC-ROH-043","Rohlik tukovy 43 g","bezne_pecivo","klasicky","ks",50,1,"LOT-20250401-S001-142","S001","Pekarna Slunce s.r.o. (mock)","99820001","CZ","WH01","DC Praha-Jinonice (mock)","B-BEZNE","PRG-C005-UTE",1600,1600,0,0,3187,1587,3.21,5.64,12,4846.33,5427.89,2920.85,1925.48,21,"uhrazeno","dodano",false,"","utery",false,false,6.6,0,6,""
"TX-2025-000249","FV-2025-000249","ORD-2025-000249","2025-03-31T09:45:00","2025-04-01T10:43:00","2025-04-01","C009","Skolni jidelna Javor (mock)","verejny_sektor","99910009","CZ99910009","Olomouc","Olomoucky kraj","77900",49.5938,17.2509,"email","standard","P011","PEC-HOU-060","Houska psenicna 60 g","bezne_pecivo","klasicka","ks",40,2,"LOT-20250401-S001-663","S001","Pekarna Slunce s.r.o. (mock)","99820001","CZ","WH02","DC Brno-Slatina (mock)","B-BEZNE","BRN-C009-UTE",280,280,3,0,536,259,5.45,1.86,12,1481.57,1659.36,839.13,642.44,14,"uhrazeno","dodano",false,"","utery",false,false,10.1,0,-15,""
"TX-2025-000250","FV-2025-000250","ORD-2025-000250","2025-03-31T14:47:00","2025-04-02T07:55:00","2025-04-02","C001","LIDL Mock CR s.r.o.","retail_retezec","99910001","CZ99910001","Praha","Hlavni mesto Praha","15800",50.0525,14.3254,"EDI","platinum","P004","PEC-CHL-500","Chleb konzumentni 500 g","chleb","psenicno-zitny","ks",12,4,"LOT-20250402-S003-575","S003","Slezska pekarna s.r.o. (mock)","99820003","CZ","WH01","DC Praha-Jinonice (mock)","A-CHLEB","PRG-C001-STR",492,492,0,2,980,488,32.43,8.85,12,14543.49,16288.71,9582.46,4961.03,30,"uhrazeno","dodano",false,"","streda",false,false,12.5,3,4,""
"TX-2025-000251","FV-2025-000251","ORD-2025-000251","2025-03-31T14:06:00","2025-04-02T07:41:00","2025-04-02","C004","TESCO Mock Stores CR a.s.","retail_retezec","99910004","CZ99910004","Ostrava","Moravskoslezsky kraj","70030",49.7854,18.2741,"EDI","gold","P005","PEC-CHL-750-ZIT","Chleb zitny kvaskovy 750 g","chleb","kvaskovy","ks",10,5,"LOT-20250402-S002-904","S002","Moravske pecivo a.s. (mock)","99820002","CZ","WH03","DC Ostrava-Hrabova (mock)","A-CHLEB","OVA-C004-STR",250,250,0,0,397,147,55.23,15.82,12,11623.15,13017.93,8165.15,3458,30,"uhrazeno","dodano",true,"Velikonocni nabidka","streda",false,false,6,0,5,""
"TX-2025-000252","FV-2025-000252","ORD-2025-000252","2025-03-31T13:04:00","2025-04-02T08:58:00","2025-04-02","C006","Rohlik.cz Mock a.s.","ecommerce","99910006","CZ99910006","Praha","Hlavni mesto Praha","18600",50.1008,14.4749,"API_B2B","platinum","P001","PEC-ROH-043","Rohlik tukovy 43 g","bezne_pecivo","klasicky","ks",50,1,"LOT-20250402-S001-858","S001","Pekarna Slunce s.r.o. (mock)","99820001","CZ","WH01","DC Praha-Jinonice (mock)","B-BEZNE","PRG-C006-STR",750,750,0,15,1519,769,3.23,18.49,12,1974.58,2211.53,1415.33,559.25,14,"uhrazeno","dodano",true,"Velikonocni nabidka","streda",false,false,14.5,0,8,""
"TX-2025-000253","FV-2025-000253","ORD-2025-000253","2025-03-31T14:57:00","2025-04-02T08:00:00","2025-04-02","C011","Fakultni nemocnice Demo (mock)","verejny_sektor","99910011","CZ99910011","Hradec Kralove","Kralovehradecky kraj","50005",50.1956,15.8328,"email","silver","P012","PEC-DAL-070","Dalamanek grahamovy 70 g","bezne_pecivo","grahamovy","ks",32,2,"LOT-20250402-S002-488","S002","Moravske pecivo a.s. (mock)","99820002","CZ","WH01","DC Praha-Jinonice (mock)","B-BEZNE","PRG-C011-STR",160,160,0,0,396,236,10.12,3.15,12,1568.2,1756.38,870.93,697.27,30,"uhrazeno","dodano",false,"","streda",false,false,8.2,0,-6,"kontrola mnozstvi pri prevzeti"
"TX-2025-000254","FV-2025-000254","ORD-2025-000254","2025-03-31T14:45:00","2025-04-03T09:20:00","2025-04-03","C002","ALBERT Mock Retail s.r.o.","retail_retezec","99910002","CZ99910002","Praha","Hlavni mesto Praha","10000",50.0724,14.4907,"EDI","platinum","P004","PEC-CHL-500","Chleb konzumentni 500 g","chleb","psenicno-zitny","ks",12,4,"LOT-20250403-S001-777","S001","Pekarna Slunce s.r.o. (mock)","99820001","CZ","WH01","DC Praha-Jinonice (mock)","A-CHLEB","PRG-C002-CTV",360,360,0,0,591,231,31.63,8.44,12,10425.75,11676.84,7059.23,3366.52,30,"uhrazeno","dodano",false,"","ctvrtek",false,false,13.6,0,-8,""
"TX-2025-000255","FV-2025-000255","ORD-2025-000255","2025-03-31T09:31:00","2025-04-03T04:05:00","2025-04-03","C003","KAUFLAND Mock CR v.o.s.","retail_retezec","99910003","CZ99910003","Brno","Jihomoravsky kraj","62700",49.1678,16.6827,"EDI","platinum","P004","PEC-CHL-500","Chleb konzumentni 500 g","chleb","psenicno-zitny","ks",12,4,"LOT-20250403-S001-840","S001","Pekarna Slunce s.r.o. (mock)","99820001","CZ","WH02","DC Brno-Slatina (mock)","A-CHLEB","BRN-C003-CTV",408,408,0,0,952,544,32.13,8.7,12,11968.55,13404.78,7814.64,4153.91,30,"uhrazeno","dodano",false,"","ctvrtek",false,false,11.5,0,-10,""
"TX-2025-000256","FV-2025-000256","ORD-2025-000256","2025-04-01T10:59:00","2025-04-03T06:35:00","2025-04-03","C008","BILLA Mock, spol. s r.o.","retail_retezec","99910008","CZ99910008","Modletice","Stredocesky kraj","25101",49.9708,14.5852,"EDI","gold","P003","PEC-KAI-060","Kaiserka sezamova 60 g","bezne_pecivo","sezam","ks",35,2,"LOT-20250403-S001-877","S001","Pekarna Slunce s.r.o. (mock)","99820001","CZ","WH01","DC Praha-Jinonice (mock)","B-BEZNE","PRG-C008-CTV",700,700,0,11,1533,833,7.8,5.59,12,5154.79,5773.36,3107.54,2047.25,30,"uhrazeno","dodano",false,"","ctvrtek",false,false,5.6,12.3,-6,""
"TX-2025-000257","FV-2025-000257","ORD-2025-000257","2025-04-02T11:36:00","2025-04-04T08:04:00","2025-04-04","C001","LIDL Mock CR s.r.o.","retail_retezec","99910001","CZ99910001","Praha","Hlavni mesto Praha","15800",50.0525,14.3254,"EDI","platinum","P001","PEC-ROH-043","Rohlik tukovy 43 g","bezne_pecivo","klasicky","ks",50,1,"LOT-20250404-S002-735","S002","Moravske pecivo a.s. (mock)","99820002","CZ","WH01","DC Praha-Jinonice (mock)","B-BEZNE","PRG-C001-PAT",2600,2600,50,0,5852,3302,3.23,8.51,12,7535.57,8439.84,4801.7,2733.87,30,"uhrazeno","dodano",false,"","patek",false,false,13.5,2.7,-9,""
"TX-2025-000258","FV-2025-000258","ORD-2025-000258","2025-04-02T10:26:00","2025-04-04T10:21:00","2025-04-04","C005","PENNY Mock Market s.r.o.","retail_retezec","99910005","CZ99910005","Radonice","Stredocesky kraj","25073",50.1437,14.6077,"EDI","gold","P003","PEC-KAI-060","Kaiserka sezamova 60 g","bezne_pecivo","sezam","ks",35,2,"LOT-20250404-S001-838","S001","Pekarna Slunce s.r.o. (mock)","99820001","CZ","WH01","DC Praha-Jinonice (mock)","B-BEZNE","PRG-C005-PAT",910,842,17,0,2017,1192,7.92,5.8,12,6155.03,6893.63,3757.78,2397.25,21,"uhrazeno","castecne_dodano",false,"","patek",false,false,10.7,3.2,-12,""
"TX-2025-000259","FV-2025-000259","ORD-2025-000259","2025-04-03T12:46:00","2025-04-04T05:07:00","2025-04-04","C006","Rohlik.cz Mock a.s.","ecommerce","99910006","CZ99910006","Praha","Hlavni mesto Praha","18600",50.1008,14.4749,"API_B2B","platinum","P010","PEC-SNE-090","Snek skorice 90 g","jemne_pecivo","skoricovy","ks",20,3,"LOT-20250404-S004-937","S004","Danube Bakery SK s.r.o. (mock)","99820004","SK","WH01","DC Praha-Jinonice (mock)","C-JEMNE","PRG-C006-PAT",120,120,0,0,253,133,22.88,8.26,12,2518.81,2821.07,1685.63,833.18,14,"uhrazeno","dodano",false,"","patek",false,false,10.6,0,3,"prioritni vykladka"
"TX-2025-000260","FV-2025-000260","ORD-2025-000260","2025-04-02T17:35:00","2025-04-05T04:21:00","2025-04-05","C001","LIDL Mock CR s.r.o.","retail_retezec","99910001","CZ99910001","Praha","Hlavni mesto Praha","15800",50.0525,14.3254,"EDI","platinum","P004","PEC-CHL-500","Chleb konzumentni 500 g","chleb","psenicno-zitny","ks",12,4,"LOT-20250405-S002-243","S002","Moravske pecivo a.s. (mock)","99820002","CZ","WH01","DC Praha-Jinonice (mock)","A-CHLEB","PRG-C001-SOB",480,0,0,0,460,460,32.17,8.93,12,0,0,0,0,30,"stornovano","zruseno",false,"","sobota",true,false,14.3,0,0,""
"TX-2025-000261","FV-2025-000261","ORD-2025-000261","2025-04-03T09:04:00","2025-04-05T06:14:00","2025-04-05","C004","TESCO Mock Stores CR a.s.","retail_retezec","99910004","CZ99910004","Ostrava","Moravskoslezsky kraj","70030",49.7854,18.2741,"EDI","gold","P004","PEC-CHL-500","Chleb konzumentni 500 g","chleb","psenicno-zitny","ks",12,4,"LOT-20250405-S001-571","S001","Pekarna Slunce s.r.o. (mock)","99820001","CZ","WH03","DC Ostrava-Hrabova (mock)","A-CHLEB","OVA-C004-SOB",288,288,0,0,767,479,31.95,6.39,12,8613.62,9647.25,5458.44,3155.18,30,"uhrazeno","dodano",false,"","sobota",true,false,16.2,1.5,-15,""
"TX-2025-000262","FV-2025-000262","ORD-2025-000262","2025-04-02T11:00:00","2025-04-05T06:22:00","2025-04-05","C012","Restaurace U Tri pecnu s.r.o. (mock)","horeca","99910012","CZ99910012","Ceske Budejovice","Jihocesky kraj","37001",48.9745,14.4743,"obchodni_zastupce","standard","P011","PEC-HOU-060","Houska psenicna 60 g","bezne_pecivo","klasicka","ks",40,2,"LOT-20250405-S003-856","S003","Slezska pekarna s.r.o. (mock)","99820003","CZ","WH01","DC Praha-Jinonice (mock)","B-BEZNE","PRG-C012-SOB",200,200,0,0,373,173,5.44,1.85,12,1067.87,1196.01,610.82,457.05,14,"uhrazeno","dodano",false,"","sobota",true,false,11.8,1,13,""
"TX-2025-000263","FV-2025-000263","ORD-2025-000263","2025-04-04T16:17:00","2025-04-07T05:59:00","2025-04-07","C003","KAUFLAND Mock CR v.o.s.","retail_retezec","99910003","CZ99910003","Brno","Jihomoravsky kraj","62700",49.1678,16.6827,"EDI","platinum","P007","PEC-CRO-065","Croissant maslovy 65 g","jemne_pecivo","maslovy","ks",24,3,"LOT-20250407-S002-613","S002","Moravske pecivo a.s. (mock)","99820002","CZ","WH02","DC Brno-Slatina (mock)","C-JEMNE","BRN-C003-PON",576,576,0,12,1090,514,18.71,8.52,12,9858.76,11041.81,6874.05,2984.71,30,"uhrazeno","dodano",false,"","pondeli",false,false,14.6,0,-2,""
"TX-2025-000264","FV-2025-000264","ORD-2025-000264","2025-04-05T15:33:00","2025-04-07T07:10:00","2025-04-07","C006","Rohlik.cz Mock a.s.","ecommerce","99910006","CZ99910006","Praha","Hlavni mesto Praha","18600",50.1008,14.4749,"API_B2B","platinum","P009","PEC-VEC-360","Veka tukova 360 g","chleb","klasicka","ks",14,3,"LOT-20250407-S001-763","S001","Pekarna Slunce s.r.o. (mock)","99820001","CZ","WH01","DC Praha-Jinonice (mock)","A-CHLEB","PRG-C006-PON",84,84,0,1,140,56,30.38,19.01,12,2066.8,2314.82,1471.45,595.35,14,"uhrazeno","dodano",true,"Velikonocni nabidka","pondeli",false,false,9.8,0,-15,""
"TX-2025-000265","FV-2025-000265","ORD-2025-000265","2025-04-04T09:02:00","2025-04-07T07:59:00","2025-04-07","C007","MAKRO Mock Cash & Carry CR s.r.o.","velkoobchod","99910007","CZ99910007","Praha","Hlavni mesto Praha","25242",49.9971,14.4291,"EDI","gold","P004","PEC-CHL-500","Chleb konzumentni 500 g","chleb","psenicno-zitny","ks",12,4,"LOT-20250407-S002-195","S002","Moravske pecivo a.s. (mock)","99820002","CZ","WH01","DC Praha-Jinonice (mock)","A-CHLEB","PRG-C007-PON",240,240,6,0,323,89,32.34,5.84,12,7125.61,7980.68,4611.4,2514.21,21,"uhrazeno","dodano",false,"","pondeli",false,false,5.9,0,15,""
"TX-2025-000266","FV-2025-000266","ORD-2025-000266","2025-04-05T14:38:00","2025-04-08T04:25:00","2025-04-08","C002","ALBERT Mock Retail s.r.o.","retail_retezec","99910002","CZ99910002","Praha","Hlavni mesto Praha","10000",50.0724,14.4907,"EDI","platinum","P004","PEC-CHL-500","Chleb konzumentni 500 g","chleb","psenicno-zitny","ks",12,4,"LOT-20250408-S002-619","S002","Moravske pecivo a.s. (mock)","99820002","CZ","WH01","DC Praha-Jinonice (mock)","A-CHLEB","PRG-C002-UTE",528,528,0,0,1127,599,32.18,18.4,12,13864.69,15528.45,10628.77,3235.92,30,"uhrazeno","dodano",true,"Velikonocni nabidka","utery",false,false,7.6,0,-9,""
"TX-2025-000267","FV-2025-000267","ORD-2025-000267","2025-04-05T12:51:00","2025-04-08T04:36:00","2025-04-08","C005","PENNY Mock Market s.r.o.","retail_retezec","99910005","CZ99910005","Radonice","Stredocesky kraj","25073",50.1437,14.6077,"EDI","gold","P001","PEC-ROH-043","Rohlik tukovy 43 g","bezne_pecivo","klasicky","ks",50,1,"LOT-20250408-S001-199","S001","Pekarna Slunce s.r.o. (mock)","99820001","CZ","WH01","DC Praha-Jinonice (mock)","B-BEZNE","PRG-C005-UTE",1200,1200,0,0,2328,1128,3.22,6.67,12,3606.27,4039.02,2296.76,1309.51,21,"uhrazeno","dodano",false,"","utery",false,false,14.1,7.8,-14,""
"TX-2025-000268","FV-2025-000268","ORD-2025-000268","2025-04-05T16:19:00","2025-04-08T06:38:00","2025-04-08","C009","Skolni jidelna Javor (mock)","verejny_sektor","99910009","CZ99910009","Olomouc","Olomoucky kraj","77900",49.5938,17.2509,"email","standard","P002","PEC-ROH-055-CZ","Rohlik celozrnny 55 g","bezne_pecivo","celozrnny","ks",40,2,"LOT-20250408-S002-174","S002","Moravske pecivo a.s. (mock)","99820002","CZ","WH02","DC Brno-Slatina (mock)","B-BEZNE","BRN-C009-UTE",240,240,0,4,591,351,6.43,2.2,12,1509.25,1690.36,887.3,621.95,14,"uhrazeno","dodano",false,"","utery",false,false,6.7,0,-15,"vratne prepravky"
"TX-2025-000269","FV-2025-000269","ORD-2025-000269","2025-04-06T08:14:00","2025-04-09T05:05:00","2025-04-09","C001","LIDL Mock CR s.r.o.","retail_retezec","99910001","CZ99910001","Praha","Hlavni mesto Praha","15800",50.0525,14.3254,"EDI","platinum","P003","PEC-KAI-060","Kaiserka sezamova 60 g","bezne_pecivo","sezam","ks",35,2,"LOT-20250409-S001-886","S001","Pekarna Slunce s.r.o. (mock)","99820001","CZ","WH01","DC Praha-Jinonice (mock)","B-BEZNE","PRG-C001-STR",1575,1270,0,0,3179,1909,8.06,19.1,12,8281.09,9274.82,5936.2,2344.89,30,"uhrazeno","castecne_dodano",true,"Velikonocni nabidka","streda",false,false,16.2,0,-7,""
"TX-2025-000270","FV-2025-000270","ORD-2025-000270","2025-04-07T13:16:00","2025-04-09T09:06:00","2025-04-09","C004","TESCO Mock Stores CR a.s.","retail_retezec","99910004","CZ99910004","Ostrava","Moravskoslezsky kraj","70030",49.7854,18.2741,"EDI","gold","P011","PEC-HOU-060","Houska psenicna 60 g","bezne_pecivo","klasicka","ks",40,2,"LOT-20250409-S001-390","S001","Pekarna Slunce s.r.o. (mock)","99820001","CZ","WH03","DC Ostrava-Hrabova (mock)","B-BEZNE","OVA-C004-STR",1720,1720,0,46,3009,1289,5.53,15.62,12,8025.89,8989,5444.26,2581.63,30,"uhrazeno","dodano",true,"Velikonocni nabidka","streda",false,false,13.7,14.8,36,""
"TX-2025-000271","FV-2025-000271","ORD-2025-000271","2025-04-06T17:58:00","2025-04-09T07:04:00","2025-04-09","C006","Rohlik.cz Mock a.s.","ecommerce","99910006","CZ99910006","Praha","Hlavni mesto Praha","18600",50.1008,14.4749,"API_B2B","platinum","P009","PEC-VEC-360","Veka tukova 360 g","chleb","klasicka","ks",14,3,"LOT-20250409-S002-500","S002","Moravske pecivo a.s. (mock)","99820002","CZ","WH01","DC Praha-Jinonice (mock)","A-CHLEB","PRG-C006-STR",98,98,0,0,140,42,29.88,8.66,12,2674.65,2995.61,1647.99,1026.66,14,"uhrazeno","dodano",false,"","streda",false,false,13.2,0,11,""
"TX-2025-000272","FV-2025-000272","ORD-2025-000272","2025-04-07T15:40:00","2025-04-09T07:06:00","2025-04-09","C011","Fakultni nemocnice Demo (mock)","verejny_sektor","99910011","CZ99910011","Hradec Kralove","Kralovehradecky kraj","50005",50.1956,15.8328,"email","silver","P009","PEC-VEC-360","Veka tukova 360 g","chleb","klasicka","ks",14,3,"LOT-20250409-S001-136","S001","Pekarna Slunce s.r.o. (mock)","99820001","CZ","WH01","DC Praha-Jinonice (mock)","A-CHLEB","PRG-C011-STR",70,70,0,0,102,32,30.69,3.21,12,2079.34,2328.86,1219.08,860.26,30,"uhrazeno","dodano",false,"","streda",false,false,6,6.4,-11,"kontrola mnozstvi pri prevzeti"
"TX-2025-000273","FV-2025-000273","ORD-2025-000273","2025-04-08T17:20:00","2025-04-10T04:20:00","2025-04-10","C002","ALBERT Mock Retail s.r.o.","retail_retezec","99910002","CZ99910002","Praha","Hlavni mesto Praha","10000",50.0724,14.4907,"EDI","platinum","P001","PEC-ROH-043","Rohlik tukovy 43 g","bezne_pecivo","klasicky","ks",50,1,"LOT-20250410-S001-959","S001","Pekarna Slunce s.r.o. (mock)","99820001","CZ","WH01","DC Praha-Jinonice (mock)","B-BEZNE","PRG-C002-CTV",1900,1900,11,42,3256,1367,3.22,8.54,12,5563.13,6230.71,3626.94,1936.19,30,"uhrazeno","dodano",false,"","ctvrtek",false,false,9.6,0,8,"prioritni vykladka"
"TX-2025-000274","FV-2025-000274","ORD-2025-000274","2025-04-07T11:30:00","2025-04-10T05:00:00","2025-04-10","C003","KAUFLAND Mock CR v.o.s.","retail_retezec","99910003","CZ99910003","Brno","Jihomoravsky kraj","62700",49.1678,16.6827,"EDI","platinum","P009","PEC-VEC-360","Veka tukova 360 g","chleb","klasicka","ks",14,3,"LOT-20250410-S002-976","S002","Moravske pecivo a.s. (mock)","99820002","CZ","WH02","DC Brno-Slatina (mock)","A-CHLEB","BRN-C003-CTV",364,364,0,0,696,332,30.31,8.1,12,10139.18,11355.88,6236.77,3902.41,30,"uhrazeno","dodano",false,"","ctvrtek",false,false,12.4,0.1,-15,""
"TX-2025-000275","FV-2025-000275","ORD-2025-000275","2025-04-08T08:12:00","2025-04-10T06:16:00","2025-04-10","C008","BILLA Mock, spol. s r.o.","retail_retezec","99910008","CZ99910008","Modletice","Stredocesky kraj","25101",49.9708,14.5852,"EDI","gold","P005","PEC-CHL-750-ZIT","Chleb zitny kvaskovy 750 g","chleb","kvaskovy","ks",10,5,"LOT-20250410-S002-857","S002","Moravske pecivo a.s. (mock)","99820002","CZ","WH01","DC Praha-Jinonice (mock)","A-CHLEB","PRG-C008-CTV",150,150,0,3,272,122,55.01,15.82,12,6946.11,7779.64,4945.33,2000.78,30,"uhrazeno","dodano",true,"Velikonocni nabidka","ctvrtek",false,false,15,0,-11,"vratne prepravky"
"TX-2025-000276","FV-2025-000276","ORD-2025-000276","2025-04-09T15:48:00","2025-04-11T08:43:00","2025-04-11","C001","LIDL Mock CR s.r.o.","retail_retezec","99910001","CZ99910001","Praha","Hlavni mesto Praha","15800",50.0525,14.3254,"EDI","platinum","P001","PEC-ROH-043","Rohlik tukovy 43 g","bezne_pecivo","klasicky","ks",50,1,"LOT-20250411-S001-833","S001","Pekarna Slunce s.r.o. (mock)","99820001","CZ","WH01","DC Praha-Jinonice (mock)","B-BEZNE","PRG-C001-PAT",2400,2400,18,58,5778,3396,3.18,18.2,12,6196.15,6939.69,4363.33,1832.82,30,"uhrazeno","dodano",true,"Velikonocni nabidka","patek",false,false,9.4,0,-13,""
"TX-2025-000277","FV-2025-000277","ORD-2025-000277","2025-04-09T12:22:00","2025-04-11T04:33:00","2025-04-11","C005","PENNY Mock Market s.r.o.","retail_retezec","99910005","CZ99910005","Radonice","Stredocesky kraj","25073",50.1437,14.6077,"EDI","gold","P001","PEC-ROH-043","Rohlik tukovy 43 g","bezne_pecivo","klasicky","ks",50,1,"LOT-20250411-S002-128","S002","Moravske pecivo a.s. (mock)","99820002","CZ","WH01","DC Praha-Jinonice (mock)","B-BEZNE","PRG-C005-PAT",1650,1650,34,0,2688,1072,3.17,6.12,12,4809.21,5386.32,2903.84,1905.37,21,"uhrazeno","dodano",false,"","patek",false,false,10.3,0,-12,"kontrola mnozstvi pri prevzeti"
"TX-2025-000278","FV-2025-000278","ORD-2025-000278","2025-04-10T15:46:00","2025-04-11T10:22:00","2025-04-11","C006","Rohlik.cz Mock a.s.","ecommerce","99910006","CZ99910006","Praha","Hlavni mesto Praha","18600",50.1008,14.4749,"API_B2B","platinum","P007","PEC-CRO-065","Croissant maslovy 65 g","jemne_pecivo","maslovy","ks",24,3,"LOT-20250411-S004-889","S004","Danube Bakery SK s.r.o. (mock)","99820004","SK","WH01","DC Praha-Jinonice (mock)","C-JEMNE","PRG-C006-PAT",192,192,0,0,332,140,19.17,18.78,12,2989.42,3348.15,2320.86,668.56,14,"uhrazeno","dodano",true,"Velikonocni nabidka","patek",false,false,15.3,0,3,"prioritni vykladka"
"TX-2025-000279","FV-2025-000279","ORD-2025-000279","2025-04-09T10:19:00","2025-04-11T05:06:00","2025-04-11","C010","Kavarny KafeKruh s.r.o. (mock)","horeca","99910010","CZ99910010","Plzen","Plzensky kraj","30100",49.7384,13.3736,"B2B_eshop","silver","P010","PEC-SNE-090","Snek skorice 90 g","jemne_pecivo","skoricovy","ks",20,3,"LOT-20250411-S004-694","S004","Danube Bakery SK s.r.o. (mock)","99820004","SK","WH01","DC Praha-Jinonice (mock)","C-JEMNE","PRG-C010-PAT",40,40,0,1,64,24,22.79,3.47,12,879.97,985.57,553.07,326.9,14,"uhrazeno","dodano",false,"","patek",false,false,13,0,-15,""
"TX-2025-000280","FV-2025-000280","ORD-2025-000280","2025-04-10T08:08:00","2025-04-12T05:54:00","2025-04-12","C001","LIDL Mock CR s.r.o.","retail_retezec","99910001","CZ99910001","Praha","Hlavni mesto Praha","15800",50.0525,14.3254,"EDI","platinum","P001","PEC-ROH-043","Rohlik tukovy 43 g","bezne_pecivo","klasicky","ks",50,1,"LOT-20250412-S003-797","S003","Slezska pekarna s.r.o. (mock)","99820003","CZ","WH01","DC Praha-Jinonice (mock)","B-BEZNE","PRG-C001-SOB",2950,2950,19,55,7076,4145,3.21,8.83,12,8577.74,9607.07,5336.27,3241.47,30,"uhrazeno","dodano",false,"","sobota",true,false,8.7,0,-15,"kontrola mnozstvi pri prevzeti"
"TX-2025-000281","FV-2025-000281","ORD-2025-000281","2025-04-10T10:16:00","2025-04-12T04:02:00","2025-04-12","C004","TESCO Mock Stores CR a.s.","retail_retezec","99910004","CZ99910004","Ostrava","Moravskoslezsky kraj","70030",49.7854,18.2741,"EDI","gold","P006","PEC-BAG-110","Bageta bila 110 g","bezne_pecivo","bila","ks",25,2,"LOT-20250412-S001-914","S001","Pekarna Slunce s.r.o. (mock)","99820001","CZ","WH03","DC Ostrava-Hrabova (mock)","B-BEZNE","OVA-C004-SOB",700,620,0,13,1041,421,13.2,16.51,12,6832.82,7652.76,4555.58,2277.24,30,"uhrazeno","castecne_dodano",true,"Velikonocni nabidka","sobota",true,false,10.7,2.2,7,""
"TX-2025-000282","FV-2025-000282","ORD-2025-000282","2025-04-11T16:21:00","2025-04-12T09:14:00","2025-04-12","C012","Restaurace U Tri pecnu s.r.o. (mock)","horeca","99910012","CZ99910012","Ceske Budejovice","Jihocesky kraj","37001",48.9745,14.4743,"obchodni_zastupce","standard","P007","PEC-CRO-065","Croissant maslovy 65 g","jemne_pecivo","maslovy","ks",24,3,"LOT-20250412-S002-451","S002","Moravske pecivo a.s. (mock)","99820002","CZ","WH01","DC Praha-Jinonice (mock)","C-JEMNE","PRG-C012-SOB",120,120,0,0,198,78,19.24,12.55,12,2019.05,2261.34,1458.62,560.43,14,"uhrazeno","dodano",true,"Velikonocni nabidka","sobota",true,false,8.3,0,-12,""
"TX-2025-000283","FV-2025-000283","ORD-2025-000283","2025-04-11T14:59:00","2025-04-14T10:25:00","2025-04-14","C006","Rohlik.cz Mock a.s.","ecommerce","99910006","CZ99910006","Praha","Hlavni mesto Praha","18600",50.1008,14.4749,"API_B2B","platinum","P007","PEC-CRO-065","Croissant maslovy 65 g","jemne_pecivo","maslovy","ks",24,3,"LOT-20250414-S004-103","S004","Danube Bakery SK s.r.o. (mock)","99820004","SK","WH01","DC Praha-Jinonice (mock)","C-JEMNE","PRG-C006-PON",168,168,0,0,237,69,18.9,8.89,12,2892.92,3240.07,1964.31,928.61,14,"uhrazeno","dodano",false,"","pondeli",false,false,5.8,0,5,""
"TX-2025-000284","FV-2025-000284","ORD-2025-000284","2025-04-11T12:00:00","2025-04-14T07:20:00","2025-04-14","C007","MAKRO Mock Cash & Carry CR s.r.o.","velkoobchod","99910007","CZ99910007","Praha","Hlavni mesto Praha","25242",49.9971,14.4291,"EDI","gold","P003","PEC-KAI-060","Kaiserka sezamova 60 g","bezne_pecivo","sezam","ks",35,2,"LOT-20250414-S001-764","S001","Pekarna Slunce s.r.o. (mock)","99820001","CZ","WH01","DC Praha-Jinonice (mock)","B-BEZNE","PRG-C007-PON",770,770,0,0,1343,573,8,5.86,12,5799.02,6494.9,3486.72,2312.3,21,"uhrazeno","dodano",false,"","pondeli",false,false,8.6,0,-4,""
"TX-2025-000285","FV-2025-000285","ORD-2025-000285","2025-04-12T08:48:00","2025-04-15T06:18:00","2025-04-15","C002","ALBERT Mock Retail s.r.o.","retail_retezec","99910002","CZ99910002","Praha","Hlavni mesto Praha","10000",50.0724,14.4907,"EDI","platinum","P003","PEC-KAI-060","Kaiserka sezamova 60 g","bezne_pecivo","sezam","ks",35,2,"LOT-20250415-S003-898","S003","Slezska pekarna s.r.o. (mock)","99820003","CZ","WH01","DC Praha-Jinonice (mock)","B-BEZNE","PRG-C002-UTE",1155,1155,24,0,1602,471,7.9,8.02,12,8218.32,9204.52,5078.96,3139.36,30,"uhrazeno","dodano",false,"","utery",false,false,16.1,0,-5,""
"TX-2025-000286","FV-2025-000286","ORD-2025-000286","2025-04-13T11:30:00","2025-04-15T06:45:00","2025-04-15","C005","PENNY Mock Market s.r.o.","retail_retezec","99910005","CZ99910005","Radonice","Stredocesky kraj","25073",50.1437,14.6077,"EDI","gold","P006","PEC-BAG-110","Bageta bila 110 g","bezne_pecivo","bila","ks",25,2,"LOT-20250415-S001-790","S001","Pekarna Slunce s.r.o. (mock)","99820001","CZ","WH01","DC Praha-Jinonice (mock)","B-BEZNE","PRG-C005-UTE",650,650,0,0,1544,894,13.15,5.94,12,8039.78,9004.55,4757.26,3282.52,21,"uhrazeno","dodano",false,"","utery",false,false,15.4,0,-15,""
"TX-2025-000287","FV-2025-000287","ORD-2025-000287","2025-04-13T15:48:00","2025-04-15T04:32:00","2025-04-15","C009","Skolni jidelna Javor (mock)","verejny_sektor","99910009","CZ99910009","Olomouc","Olomoucky kraj","77900",49.5938,17.2509,"email","standard","P012","PEC-DAL-070","Dalamanek grahamovy 70 g","bezne_pecivo","grahamovy","ks",32,2,"LOT-20250415-S002-659","S002","Moravske pecivo a.s. (mock)","99820002","CZ","WH02","DC Brno-Slatina (mock)","B-BEZNE","BRN-C009-UTE",160,160,2,3,278,120,9.92,1.55,12,1543.07,1728.24,876.91,666.16,14,"uhrazeno","dodano",false,"","utery",false,false,10.2,0,6,""
"TX-2025-000288","FV-2025-000288","ORD-2025-000288","2025-04-14T16:09:00","2025-04-16T08:15:00","2025-04-16","C001","LIDL Mock CR s.r.o.","retail_retezec","99910001","CZ99910001","Praha","Hlavni mesto Praha","15800",50.0525,14.3254,"EDI","platinum","P006","PEC-BAG-110","Bageta bila 110 g","bezne_pecivo","bila","ks",25,2,"LOT-20250416-S003-259","S003","Slezska pekarna s.r.o. (mock)","99820003","CZ","WH01","DC Praha-Jinonice (mock)","B-BEZNE","PRG-C001-STR",900,900,16,0,1477,593,12.93,18.4,12,9326.98,10446.22,6465.23,2861.75,30,"uhrazeno","dodano",true,"Velikonocni nabidka","streda",false,false,15.9,0,-3,""
"TX-2025-000289","FV-2025-000289","ORD-2025-000289","2025-04-13T12:10:00","2025-04-16T07:12:00","2025-04-16","C004","TESCO Mock Stores CR a.s.","retail_retezec","99910004","CZ99910004","Ostrava","Moravskoslezsky kraj","70030",49.7854,18.2741,"EDI","gold","P006","PEC-BAG-110","Bageta bila 110 g","bezne_pecivo","bila","ks",25,2,"LOT-20250416-S001-690","S001","Pekarna Slunce s.r.o. (mock)","99820001","CZ","WH03","DC Ostrava-Hrabova (mock)","B-BEZNE","OVA-C004-STR",900,900,0,0,1484,584,12.76,16.58,12,9579.95,10729.54,6199.96,3379.99,30,"po_splatnosti","dodano",true,"Velikonocni nabidka","streda",false,false,15.6,0,-15,""
"TX-2025-000290","FV-2025-000290","ORD-2025-000290","2025-04-15T09:00:00","2025-04-16T08:33:00","2025-04-16","C006","Rohlik.cz Mock a.s.","ecommerce","99910006","CZ99910006","Praha","Hlavni mesto Praha","18600",50.1008,14.4749,"API_B2B","platinum","P012","PEC-DAL-070","Dalamanek grahamovy 70 g","bezne_pecivo","grahamovy","ks",32,2,"LOT-20250416-S002-202","S002","Moravske pecivo a.s. (mock)","99820002","CZ","WH01","DC Praha-Jinonice (mock)","B-BEZNE","PRG-C006-STR",256,256,0,0,452,196,9.8,8.84,12,2287.02,2561.46,1382.31,904.71,14,"uhrazeno","dodano",false,"","streda",false,false,9.2,5.6,12,"kontrola mnozstvi pri prevzeti"
"TX-2025-000291","FV-2025-000291","ORD-2025-000291","2025-04-15T12:55:00","2025-04-16T04:40:00","2025-04-16","C011","Fakultni nemocnice Demo (mock)","verejny_sektor","99910011","CZ99910011","Hradec Kralove","Kralovehradecky kraj","50005",50.1956,15.8328,"email","silver","P002","PEC-ROH-055-CZ","Rohlik celozrnny 55 g","bezne_pecivo","celozrnny","ks",40,2,"LOT-20250416-S001-866","S001","Pekarna Slunce s.r.o. (mock)","99820001","CZ","WH01","DC Praha-Jinonice (mock)","B-BEZNE","PRG-C011-STR",400,400,0,10,724,324,6.6,13.16,12,2292.58,2567.69,1515.83,776.75,30,"uhrazeno","dodano",true,"Velikonocni nabidka","streda",false,false,8,0,2,""
"TX-2025-000292","FV-2025-000292","ORD-2025-000292","2025-04-15T16:07:00","2025-04-17T10:07:00","2025-04-17","C002","ALBERT Mock Retail s.r.o.","retail_retezec","99910002","CZ99910002","Praha","Hlavni mesto Praha","10000",50.0724,14.4907,"EDI","platinum","P004","PEC-CHL-500","Chleb konzumentni 500 g","chleb","psenicno-zitny","ks",12,4,"LOT-20250417-S003-280","S003","Slezska pekarna s.r.o. (mock)","99820003","CZ","WH01","DC Praha-Jinonice (mock)","A-CHLEB","PRG-C002-CTV",348,348,5,2,938,595,32.39,8.63,12,10151,11369.12,6724.32,3426.68,30,"uhrazeno","dodano",false,"","ctvrtek",false,false,14.1,0,9,""
"TX-2025-000293","FV-2025-000293","ORD-2025-000293","2025-04-14T13:39:00","2025-04-17T10:35:00","2025-04-17","C003","KAUFLAND Mock CR v.o.s.","retail_retezec","99910003","CZ99910003","Brno","Jihomoravsky kraj","62700",49.1678,16.6827,"EDI","platinum","P006","PEC-BAG-110","Bageta bila 110 g","bezne_pecivo","bila","ks",25,2,"LOT-20250417-S003-174","S003","Slezska pekarna s.r.o. (mock)","99820003","CZ","WH02","DC Brno-Slatina (mock)","B-BEZNE","BRN-C003-CTV",625,625,0,10,1018,393,12.85,8.22,12,7371.08,8255.61,4539.54,2831.54,30,"uhrazeno","dodano",false,"","ctvrtek",false,false,10.5,0,2,"kontrola mnozstvi pri prevzeti"
"TX-2025-000294","FV-2025-000294","ORD-2025-000294","2025-04-16T11:13:00","2025-04-18T05:23:00","2025-04-18","C001","LIDL Mock CR s.r.o.","retail_retezec","99910001","CZ99910001","Praha","Hlavni mesto Praha","15800",50.0525,14.3254,"EDI","platinum","P001","PEC-ROH-043","Rohlik tukovy 43 g","bezne_pecivo","klasicky","ks",50,1,"LOT-20250418-S002-127","S002","Moravske pecivo a.s. (mock)","99820002","CZ","WH01","DC Praha-Jinonice (mock)","B-BEZNE","PRG-C001-PAT",2900,2900,0,40,6291,3391,3.28,8.14,12,8737.72,9786.25,5489.94,3247.78,30,"uhrazeno","dodano",false,"","patek",false,true,9.2,0,7,"vratne prepravky"
"TX-2025-000295","FV-2025-000295","ORD-2025-000295","2025-04-16T13:16:00","2025-04-18T09:14:00","2025-04-18","C005","PENNY Mock Market s.r.o.","retail_retezec","99910005","CZ99910005","Radonice","Stredocesky kraj","25073",50.1437,14.6077,"EDI","gold","P003","PEC-KAI-060","Kaiserka sezamova 60 g","bezne_pecivo","sezam","ks",35,2,"LOT-20250418-S001-600","S001","Pekarna Slunce s.r.o. (mock)","99820001","CZ","WH01","DC Praha-Jinonice (mock)","B-BEZNE","PRG-C005-PAT",1085,1085,0,0,1371,286,7.88,5.68,12,8064.17,9031.87,4874.19,3189.98,21,"uhrazeno","dodano",false,"","patek",false,true,8.6,2.4,15,""
"TX-2025-000296","FV-2025-000296","ORD-2025-000296","2025-04-15T13:15:00","2025-04-18T08:12:00","2025-04-18","C006","Rohlik.cz Mock a.s.","ecommerce","99910006","CZ99910006","Praha","Hlavni mesto Praha","18600",50.1008,14.4749,"API_B2B","platinum","P003","PEC-KAI-060","Kaiserka sezamova 60 g","bezne_pecivo","sezam","ks",35,2,"LOT-20250418-S003-712","S003","Slezska pekarna s.r.o. (mock)","99820003","CZ","WH01","DC Praha-Jinonice (mock)","B-BEZNE","PRG-C006-PAT",210,210,0,0,420,210,7.8,8.71,12,1495.33,1674.77,913.79,581.54,14,"uhrazeno","dodano",false,"","patek",false,true,7.9,0,-15,""
"TX-2025-000297","FV-2025-000297","ORD-2025-000297","2025-04-15T17:32:00","2025-04-18T06:04:00","2025-04-18","C010","Kavarny KafeKruh s.r.o. (mock)","horeca","99910010","CZ99910010","Plzen","Plzensky kraj","30100",49.7384,13.3736,"B2B_eshop","silver","P007","PEC-CRO-065","Croissant maslovy 65 g","jemne_pecivo","maslovy","ks",24,3,"LOT-20250418-S004-813","S004","Danube Bakery SK s.r.o. (mock)","99820004","SK","WH01","DC Praha-Jinonice (mock)","C-JEMNE","PRG-C010-PAT",72,53,0,0,116,63,19.4,3.61,12,991.08,1110.01,657.39,333.69,14,"uhrazeno","castecne_dodano",false,"","patek",false,true,15.9,1.5,13,""
"TX-2025-000298","FV-2025-000298","ORD-2025-000298","2025-04-16T15:18:00","2025-04-19T05:01:00","2025-04-19","C001","LIDL Mock CR s.r.o.","retail_retezec","99910001","CZ99910001","Praha","Hlavni mesto Praha","15800",50.0525,14.3254,"EDI","platinum","P002","PEC-ROH-055-CZ","Rohlik celozrnny 55 g","bezne_pecivo","celozrnny","ks",40,2,"LOT-20250419-S002-902","S002","Moravske pecivo a.s. (mock)","99820002","CZ","WH01","DC Praha-Jinonice (mock)","B-BEZNE","PRG-C001-SOB",1800,1800,0,0,3847,2047,6.55,8.86,12,10745.41,12034.86,6639.76,4105.65,30,"uhrazeno","dodano",false,"","sobota",true,false,10.6,5.8,15,""
"TX-2025-000299","FV-2025-000299","ORD-2025-000299","2025-04-17T11:33:00","2025-04-19T06:32:00","2025-04-19","C004","TESCO Mock Stores CR a.s.","retail_retezec","99910004","CZ99910004","Ostrava","Moravskoslezsky kraj","70030",49.7854,18.2741,"EDI","gold","P005","PEC-CHL-750-ZIT","Chleb zitny kvaskovy 750 g","chleb","kvaskovy","ks",10,5,"LOT-20250419-S004-940","S004","Danube Bakery SK s.r.o. (mock)","99820004","SK","WH03","DC Ostrava-Hrabova (mock)","A-CHLEB","OVA-C004-SOB",240,240,2,2,435,197,55.1,16.35,12,10969.69,12286.05,7950.2,3019.49,30,"uhrazeno","dodano",true,"Velikonocni nabidka","sobota",true,false,12.7,4.6,14,""
"TX-2025-000300","FV-2025-000300","ORD-2025-000300","2025-04-17T12:52:00","2025-04-19T09:43:00","2025-04-19","C012","Restaurace U Tri pecnu s.r.o. (mock)","horeca","99910012","CZ99910012","Ceske Budejovice","Jihocesky kraj","37001",48.9745,14.4743,"obchodni_zastupce","standard","P009","PEC-VEC-360","Veka tukova 360 g","chleb","klasicka","ks",14,3,"LOT-20250419-S002-860","S002","Moravske pecivo a.s. (mock)","99820002","CZ","WH01","DC Praha-Jinonice (mock)","A-CHLEB","PRG-C012-SOB",42,42,0,0,95,53,29.84,2.27,12,1224.83,1371.81,724.07,500.76,14,"uhrazeno","dodano",false,"","sobota",true,false,6.8,0,-14,""
"TX-2025-000301","FV-2025-000301","ORD-2025-000301","2025-04-18T11:04:00","2025-04-21T08:06:00","2025-04-21","C001","LIDL Mock CR s.r.o.","retail_retezec","99910001","CZ99910001","Praha","Hlavni mesto Praha","15800",50.0525,14.3254,"EDI","platinum","P007","PEC-CRO-065","Croissant maslovy 65 g","jemne_pecivo","maslovy","ks",24,3,"LOT-20250421-S002-239","S002","Moravske pecivo a.s. (mock)","99820002","CZ","WH01","DC Praha-Jinonice (mock)","C-JEMNE","PRG-C001-PON",720,720,0,0,1521,801,18.97,8.22,12,12535.68,14039.96,8857.22,3678.46,30,"po_splatnosti","dodano",false,"","pondeli",false,true,6.1,0,10,""
"TX-2025-000302","FV-2025-000302","ORD-2025-000302","2025-04-19T08:33:00","2025-04-21T09:31:00","2025-04-21","C003","KAUFLAND Mock CR v.o.s.","retail_retezec","99910003","CZ99910003","Brno","Jihomoravsky kraj","62700",49.1678,16.6827,"EDI","platinum","P006","PEC-BAG-110","Bageta bila 110 g","bezne_pecivo","bila","ks",25,2,"LOT-20250421-S003-389","S003","Slezska pekarna s.r.o. (mock)","99820003","CZ","WH02","DC Brno-Slatina (mock)","B-BEZNE","BRN-C003-PON",750,750,0,0,1769,1019,12.8,8.96,12,8739.84,9788.62,5415.56,3324.28,30,"uhrazeno","dodano",false,"","pondeli",false,true,15.6,0,-5,""
"TX-2025-000303","FV-2025-000303","ORD-2025-000303","2025-04-19T16:56:00","2025-04-21T06:16:00","2025-04-21","C007","MAKRO Mock Cash & Carry CR s.r.o.","velkoobchod","99910007","CZ99910007","Praha","Hlavni mesto Praha","25242",49.9971,14.4291,"EDI","gold","P001","PEC-ROH-043","Rohlik tukovy 43 g","bezne_pecivo","klasicky","ks",50,1,"LOT-20250421-S003-916","S003","Slezska pekarna s.r.o. (mock)","99820003","CZ","WH01","DC Praha-Jinonice (mock)","B-BEZNE","PRG-C007-PON",1000,1000,0,0,2344,1344,3.24,6.1,12,3042.36,3407.44,1825.45,1216.91,21,"uhrazeno","dodano",false,"","pondeli",false,true,11.7,0,-14,"vratne prepravky"
"TX-2025-000304","FV-2025-000304","ORD-2025-000304","2025-04-20T15:21:00","2025-04-22T08:12:00","2025-04-22","C002","ALBERT Mock Retail s.r.o.","retail_retezec","99910002","CZ99910002","Praha","Hlavni mesto Praha","10000",50.0724,14.4907,"EDI","platinum","P008","PEC-KOB-060","Kobliha s marmeladou 60 g","jemne_pecivo","merunkova","ks",30,2,"LOT-20250422-S001-574","S001","Pekarna Slunce s.r.o. (mock)","99820001","CZ","WH01","DC Praha-Jinonice (mock)","C-JEMNE","PRG-C002-UTE",540,540,0,9,1303,763,15.58,8.6,12,7689.66,8612.42,4983.44,2706.22,30,"uhrazeno","dodano",false,"","utery",false,false,12.9,0,1,"kontrola mnozstvi pri prevzeti"
"TX-2025-000305","FV-2025-000305","ORD-2025-000305","2025-04-19T17:56:00","2025-04-22T05:13:00","2025-04-22","C005","PENNY Mock Market s.r.o.","retail_retezec","99910005","CZ99910005","Radonice","Stredocesky kraj","25073",50.1437,14.6077,"EDI","gold","P001","PEC-ROH-043","Rohlik tukovy 43 g","bezne_pecivo","klasicky","ks",50,1,"LOT-20250422-S001-237","S001","Pekarna Slunce s.r.o. (mock)","99820001","CZ","WH01","DC Praha-Jinonice (mock)","B-BEZNE","PRG-C005-UTE",1300,1300,0,5,3023,1723,3.17,6.01,12,3873.33,4338.13,2421.27,1452.06,21,"uhrazeno","dodano",false,"","utery",false,false,8.6,0,10,""
"TX-2025-000306","FV-2025-000306","ORD-2025-000306","2025-04-21T10:59:00","2025-04-22T06:06:00","2025-04-22","C009","Skolni jidelna Javor (mock)","verejny_sektor","99910009","CZ99910009","Olomouc","Olomoucky kraj","77900",49.5938,17.2509,"email","standard","P001","PEC-ROH-043","Rohlik tukovy 43 g","bezne_pecivo","klasicky","ks",50,1,"LOT-20250422-S002-480","S002","Moravske pecivo a.s. (mock)","99820002","CZ","WH02","DC Brno-Slatina (mock)","B-BEZNE","BRN-C009-UTE",300,300,0,0,747,447,3.22,1.59,12,950.64,1064.72,553.53,397.11,14,"uhrazeno","dodano",false,"","utery",false,false,5.7,0,-9,"prioritni vykladka"
"TX-2025-000307","FV-2025-000307","ORD-2025-000307","2025-04-20T11:49:00","2025-04-23T06:28:00","2025-04-23","C001","LIDL Mock CR s.r.o.","retail_retezec","99910001","CZ99910001","Praha","Hlavni mesto Praha","15800",50.0525,14.3254,"EDI","platinum","P001","PEC-ROH-043","Rohlik tukovy 43 g","bezne_pecivo","klasicky","ks",50,1,"LOT-20250423-S003-889","S003","Slezska pekarna s.r.o. (mock)","99820003","CZ","WH01","DC Praha-Jinonice (mock)","B-BEZNE","PRG-C001-STR",3000,3000,0,54,3948,948,3.27,18.5,12,7995.15,8954.57,5615.34,2379.81,30,"uhrazeno","dodano",true,"Velikonocni nabidka","streda",false,false,10.3,0,8,""
"TX-2025-000308","FV-2025-000308","ORD-2025-000308","2025-04-21T14:59:00","2025-04-23T06:14:00","2025-04-23","C004","TESCO Mock Stores CR a.s.","retail_retezec","99910004","CZ99910004","Ostrava","Moravskoslezsky kraj","70030",49.7854,18.2741,"EDI","gold","P008","PEC-KOB-060","Kobliha s marmeladou 60 g","jemne_pecivo","merunkova","ks",30,2,"LOT-20250423-S001-462","S001","Pekarna Slunce s.r.o. (mock)","99820001","CZ","WH03","DC Ostrava-Hrabova (mock)","C-JEMNE","OVA-C004-STR",570,570,9,0,1349,788,15.84,5.93,12,8359.29,9362.4,5108.33,3250.96,30,"uhrazeno","dodano",false,"","streda",false,false,8,3.1,-10,""
"TX-2025-000309","FV-2025-000309","ORD-2025-000309","2025-04-22T14:06:00","2025-04-23T09:23:00","2025-04-23","C006","Rohlik.cz Mock a.s.","ecommerce","99910006","CZ99910006","Praha","Hlavni mesto Praha","18600",50.1008,14.4749,"API_B2B","platinum","P009","PEC-VEC-360","Veka tukova 360 g","chleb","klasicka","ks",14,3,"LOT-20250423-S002-994","S002","Moravske pecivo a.s. (mock)","99820002","CZ","WH01","DC Praha-Jinonice (mock)","A-CHLEB","PRG-C006-STR",98,98,0,3,182,84,29.79,8.96,12,2657.84,2976.78,1643.71,1014.13,14,"uhrazeno","dodano",false,"","streda",false,false,7.6,0,12,""
"TX-2025-000310","FV-2025-000310","ORD-2025-000310","2025-04-22T17:10:00","2025-04-23T06:58:00","2025-04-23","C011","Fakultni nemocnice Demo (mock)","verejny_sektor","99910011","CZ99910011","Hradec Kralove","Kralovehradecky kraj","50005",50.1956,15.8328,"email","silver","P001","PEC-ROH-043","Rohlik tukovy 43 g","bezne_pecivo","klasicky","ks",50,1,"LOT-20250423-S003-141","S003","Slezska pekarna s.r.o. (mock)","99820003","CZ","WH01","DC Praha-Jinonice (mock)","B-BEZNE","PRG-C011-STR",500,500,0,0,732,232,3.21,3.5,12,1548.83,1734.69,920.61,628.22,30,"uhrazeno","dodano",false,"","streda",false,false,16.1,0,5,""
"TX-2025-000311","FV-2025-000311","ORD-2025-000311","2025-04-21T17:41:00","2025-04-24T07:21:00","2025-04-24","C002","ALBERT Mock Retail s.r.o.","retail_retezec","99910002","CZ99910002","Praha","Hlavni mesto Praha","10000",50.0724,14.4907,"EDI","platinum","P005","PEC-CHL-750-ZIT","Chleb zitny kvaskovy 750 g","chleb","kvaskovy","ks",10,5,"LOT-20250424-S004-445","S004","Danube Bakery SK s.r.o. (mock)","99820004","SK","WH01","DC Praha-Jinonice (mock)","A-CHLEB","PRG-C002-CTV",260,260,0,1,537,277,55.32,9.05,12,13081.52,14651.3,8240.75,4840.77,30,"uhrazeno","dodano",false,"","ctvrtek",false,false,9.7,0,-10,"kontrola mnozstvi pri prevzeti"
"TX-2025-000312","FV-2025-000312","ORD-2025-000312","2025-04-21T15:55:00","2025-04-24T04:10:00","2025-04-24","C003","KAUFLAND Mock CR v.o.s.","retail_retezec","99910003","CZ99910003","Brno","Jihomoravsky kraj","62700",49.1678,16.6827,"EDI","platinum","P001","PEC-ROH-043","Rohlik tukovy 43 g","bezne_pecivo","klasicky","ks",50,1,"LOT-20250424-S003-967","S003","Slezska pekarna s.r.o. (mock)","99820003","CZ","WH02","DC Brno-Slatina (mock)","B-BEZNE","BRN-C003-CTV",2050,2050,0,0,4599,2549,3.25,8.11,12,6122.17,6856.83,3908.22,2213.95,30,"uhrazeno","dodano",false,"","ctvrtek",false,false,5.6,1.1,-13,""
"TX-2025-000313","FV-2025-000313","ORD-2025-000313","2025-04-23T14:16:00","2025-04-25T04:00:00","2025-04-25","C001","LIDL Mock CR s.r.o.","retail_retezec","99910001","CZ99910001","Praha","Hlavni mesto Praha","15800",50.0525,14.3254,"EDI","platinum","P001","PEC-ROH-043","Rohlik tukovy 43 g","bezne_pecivo","klasicky","ks",50,1,"LOT-20250425-S003-572","S003","Slezska pekarna s.r.o. (mock)","99820003","CZ","WH01","DC Praha-Jinonice (mock)","B-BEZNE","PRG-C001-PAT",2850,2850,0,11,5445,2595,3.28,8.5,12,8553.42,9579.83,5471.45,3081.97,30,"uhrazeno","dodano",false,"","patek",false,false,16.2,0,-6,""
"TX-2025-000314","FV-2025-000314","ORD-2025-000314","2025-04-23T12:02:00","2025-04-25T05:00:00","2025-04-25","C005","PENNY Mock Market s.r.o.","retail_retezec","99910005","CZ99910005","Radonice","Stredocesky kraj","25073",50.1437,14.6077,"EDI","gold","P002","PEC-ROH-055-CZ","Rohlik celozrnny 55 g","bezne_pecivo","celozrnny","ks",40,2,"LOT-20250425-S001-690","S001","Pekarna Slunce s.r.o. (mock)","99820001","CZ","WH01","DC Praha-Jinonice (mock)","B-BEZNE","PRG-C005-PAT",920,920,0,0,1574,654,6.64,16.62,12,5093.52,5704.74,3460.34,1633.18,21,"uhrazeno","dodano",true,"Velikonocni nabidka","patek",false,false,12.1,0,-6,""
"TX-2025-000315","FV-2025-000315","ORD-2025-000315","2025-04-24T15:17:00","2025-04-25T10:19:00","2025-04-25","C010","Kavarny KafeKruh s.r.o. (mock)","horeca","99910010","CZ99910010","Plzen","Plzensky kraj","30100",49.7384,13.3736,"B2B_eshop","silver","P010","PEC-SNE-090","Snek skorice 90 g","jemne_pecivo","skoricovy","ks",20,3,"LOT-20250425-S004-494","S004","Danube Bakery SK s.r.o. (mock)","99820004","SK","WH01","DC Praha-Jinonice (mock)","C-JEMNE","PRG-C010-PAT",40,40,0,1,80,40,23.15,3.36,12,894.89,1002.28,539.67,355.22,14,"uhrazeno","dodano",false,"","patek",false,false,10.7,0.2,4,""
"TX-2025-000316","FV-2025-000316","ORD-2025-000316","2025-04-24T09:35:00","2025-04-26T09:56:00","2025-04-26","C001","LIDL Mock CR s.r.o.","retail_retezec","99910001","CZ99910001","Praha","Hlavni mesto Praha","15800",50.0525,14.3254,"EDI","platinum","P002","PEC-ROH-055-CZ","Rohlik celozrnny 55 g","bezne_pecivo","celozrnny","ks",40,2,"LOT-20250426-S001-982","S001","Pekarna Slunce s.r.o. (mock)","99820001","CZ","WH01","DC Praha-Jinonice (mock)","B-BEZNE","PRG-C001-SOB",1680,1680,32,9,2872,1224,6.54,8.32,12,9881.2,11066.94,6154.27,3726.93,30,"uhrazeno","dodano",false,"","sobota",true,false,13.7,0,-6,""
"TX-2025-000317","FV-2025-000317","ORD-2025-000317","2025-04-23T16:04:00","2025-04-26T07:09:00","2025-04-26","C012","Restaurace U Tri pecnu s.r.o. (mock)","horeca","99910012","CZ99910012","Ceske Budejovice","Jihocesky kraj","37001",48.9745,14.4743,"obchodni_zastupce","standard","P011","PEC-HOU-060","Houska psenicna 60 g","bezne_pecivo","klasicka","ks",40,2,"LOT-20250426-S001-483","S001","Pekarna Slunce s.r.o. (mock)","99820001","CZ","WH01","DC Praha-Jinonice (mock)","B-BEZNE","PRG-C012-SOB",200,200,0,0,286,86,5.45,1.84,12,1069.94,1198.33,607.04,462.9,14,"uhrazeno","dodano",false,"","sobota",true,false,8.5,0,-15,""
"TX-2025-000318","FV-2025-000318","ORD-2025-000318","2025-04-26T13:56:00","2025-04-28T05:43:00","2025-04-28","C001","LIDL Mock CR s.r.o.","retail_retezec","99910001","CZ99910001","Praha","Hlavni mesto Praha","15800",50.0525,14.3254,"EDI","platinum","P008","PEC-KOB-060","Kobliha s marmeladou 60 g","jemne_pecivo","merunkova","ks",30,2,"LOT-20250428-S003-310","S003","Slezska pekarna s.r.o. (mock)","99820003","CZ","WH01","DC Praha-Jinonice (mock)","C-JEMNE","PRG-C001-PON",870,870,0,12,2183,1313,15.45,18.75,12,10921.22,12231.77,7955.59,2965.63,30,"uhrazeno","dodano",true,"Velikonocni nabidka","pondeli",false,false,5.9,1.1,-15,"synteticky testovaci zaznam"
"TX-2025-000319","FV-2025-000319","ORD-2025-000319","2025-04-26T09:24:00","2025-04-28T10:41:00","2025-04-28","C003","KAUFLAND Mock CR v.o.s.","retail_retezec","99910003","CZ99910003","Brno","Jihomoravsky kraj","62700",49.1678,16.6827,"EDI","platinum","P001","PEC-ROH-043","Rohlik tukovy 43 g","bezne_pecivo","klasicky","ks",50,1,"LOT-20250428-S003-155","S003","Slezska pekarna s.r.o. (mock)","99820003","CZ","WH02","DC Brno-Slatina (mock)","B-BEZNE","BRN-C003-PON",1950,1950,0,0,2911,961,3.23,8.52,12,5761.87,6453.29,3727.86,2034.01,30,"uhrazeno","dodano",false,"","pondeli",false,false,14.8,0.2,4,""
"TX-2025-000320","FV-2025-000320","ORD-2025-000320","2025-04-26T16:22:00","2025-04-28T06:56:00","2025-04-28","C006","Rohlik.cz Mock a.s.","ecommerce","99910006","CZ99910006","Praha","Hlavni mesto Praha","18600",50.1008,14.4749,"API_B2B","platinum","P007","PEC-CRO-065","Croissant maslovy 65 g","jemne_pecivo","maslovy","ks",24,3,"LOT-20250428-S004-168","S004","Danube Bakery SK s.r.o. (mock)","99820004","SK","WH01","DC Praha-Jinonice (mock)","C-JEMNE","PRG-C006-PON",144,144,0,0,266,122,18.9,9,12,2476.66,2773.86,1694.09,782.57,14,"uhrazeno","dodano",false,"","pondeli",false,false,14.7,0,-10,""
"TX-2025-000321","FV-2025-000321","ORD-2025-000321","2025-04-26T15:20:00","2025-04-28T07:27:00","2025-04-28","C007","MAKRO Mock Cash & Carry CR s.r.o.","velkoobchod","99910007","CZ99910007","Praha","Hlavni mesto Praha","25242",49.9971,14.4291,"EDI","gold","P011","PEC-HOU-060","Houska psenicna 60 g","bezne_pecivo","klasicka","ks",40,2,"LOT-20250428-S003-146","S003","Slezska pekarna s.r.o. (mock)","99820003","CZ","WH01","DC Praha-Jinonice (mock)","B-BEZNE","PRG-C007-PON",1000,1000,17,0,2158,1175,5.47,6.5,12,5027.5,5630.8,2978.48,2049.02,21,"uhrazeno","dodano",false,"","pondeli",false,false,14.4,0,3,"prioritni vykladka"
"TX-2025-000322","FV-2025-000322","ORD-2025-000322","2025-04-26T14:01:00","2025-04-29T05:19:00","2025-04-29","C005","PENNY Mock Market s.r.o.","retail_retezec","99910005","CZ99910005","Radonice","Stredocesky kraj","25073",50.1437,14.6077,"EDI","gold","P001","PEC-ROH-043","Rohlik tukovy 43 g","bezne_pecivo","klasicky","ks",50,1,"LOT-20250429-S003-588","S003","Slezska pekarna s.r.o. (mock)","99820003","CZ","WH01","DC Praha-Jinonice (mock)","B-BEZNE","PRG-C005-UTE",1350,1350,0,0,2939,1589,3.16,5.91,12,4013.88,4495.55,2430.04,1583.84,21,"uhrazeno","dodano",false,"","utery",false,false,10,0,-12,""
"TX-2025-000323","FV-2025-000323","ORD-2025-000323","2025-04-27T11:22:00","2025-04-29T04:12:00","2025-04-29","C009","Skolni jidelna Javor (mock)","verejny_sektor","99910009","CZ99910009","Olomouc","Olomoucky kraj","77900",49.5938,17.2509,"email","standard","P012","PEC-DAL-070","Dalamanek grahamovy 70 g","bezne_pecivo","grahamovy","ks",32,2,"LOT-20250429-S002-892","S002","Moravske pecivo a.s. (mock)","99820002","CZ","WH02","DC Brno-Slatina (mock)","B-BEZNE","BRN-C009-UTE",160,160,0,2,300,140,10.05,2.7,12,1564.58,1752.33,874.14,690.44,14,"uhrazeno","dodano",false,"","utery",false,false,15.2,0,-7,"prioritni vykladka"
"TX-2025-000324","FV-2025-000324","ORD-2025-000324","2025-04-27T12:29:00","2025-04-30T07:57:00","2025-04-30","C001","LIDL Mock CR s.r.o.","retail_retezec","99910001","CZ99910001","Praha","Hlavni mesto Praha","15800",50.0525,14.3254,"EDI","platinum","P001","PEC-ROH-043","Rohlik tukovy 43 g","bezne_pecivo","klasicky","ks",50,1,"LOT-20250430-S003-544","S003","Slezska pekarna s.r.o. (mock)","99820003","CZ","WH01","DC Praha-Jinonice (mock)","B-BEZNE","PRG-C001-STR",2500,2500,0,0,5292,2792,3.22,8.03,12,7403.59,8292.02,4756.17,2647.42,30,"uhrazeno","dodano",false,"","streda",false,false,7.8,0,-15,""
"TX-2025-000325","FV-2025-000325","ORD-2025-000325","2025-04-28T08:09:00","2025-04-30T10:48:00","2025-04-30","C004","TESCO Mock Stores CR a.s.","retail_retezec","99910004","CZ99910004","Ostrava","Moravskoslezsky kraj","70030",49.7854,18.2741,"EDI","gold","P001","PEC-ROH-043","Rohlik tukovy 43 g","bezne_pecivo","klasicky","ks",50,1,"LOT-20250430-S003-755","S003","Slezska pekarna s.r.o. (mock)","99820003","CZ","WH03","DC Ostrava-Hrabova (mock)","B-BEZNE","OVA-C004-STR",2000,2000,0,42,2975,975,3.27,15.65,12,5516.49,6178.47,3701,1815.49,30,"uhrazeno","dodano",true,"Velikonocni nabidka","streda",false,false,15.2,9.3,7,"vratne prepravky"
"TX-2025-000326","FV-2025-000326","ORD-2025-000326","2025-04-27T11:09:00","2025-04-30T08:43:00","2025-04-30","C006","Rohlik.cz Mock a.s.","ecommerce","99910006","CZ99910006","Praha","Hlavni mesto Praha","18600",50.1008,14.4749,"API_B2B","platinum","P010","PEC-SNE-090","Snek skorice 90 g","jemne_pecivo","skoricovy","ks",20,3,"LOT-20250430-S002-990","S002","Moravske pecivo a.s. (mock)","99820002","CZ","WH01","DC Praha-Jinonice (mock)","C-JEMNE","PRG-C006-STR",140,140,0,3,355,215,22.8,18.03,12,2616.48,2930.46,1880,736.48,14,"uhrazeno","dodano",true,"Velikonocni nabidka","streda",false,false,5.4,0,-10,"prioritni vykladka"
"TX-2025-000327","FV-2025-000327","ORD-2025-000327","2025-04-29T14:14:00","2025-04-30T08:59:00","2025-04-30","C011","Fakultni nemocnice Demo (mock)","verejny_sektor","99910011","CZ99910011","Hradec Kralove","Kralovehradecky kraj","50005",50.1956,15.8328,"email","silver","P011","PEC-HOU-060","Houska psenicna 60 g","bezne_pecivo","klasicka","ks",40,2,"LOT-20250430-S002-664","S002","Moravske pecivo a.s. (mock)","99820002","CZ","WH01","DC Praha-Jinonice (mock)","B-BEZNE","PRG-C011-STR",320,320,0,0,550,230,5.51,4.02,12,1692.32,1895.4,1004.67,687.65,30,"uhrazeno","dodano",false,"","streda",false,false,9.6,5.5,0,""
"TX-2025-000328","FV-2025-000328","ORD-2025-000328","2025-04-28T09:01:00","2025-05-01T06:38:00","2025-05-01","C002","ALBERT Mock Retail s.r.o.","retail_retezec","99910002","CZ99910002","Praha","Hlavni mesto Praha","10000",50.0724,14.4907,"EDI","platinum","P001","PEC-ROH-043","Rohlik tukovy 43 g","bezne_pecivo","klasicky","ks",50,1,"LOT-20250501-S003-304","S003","Slezska pekarna s.r.o. (mock)","99820003","CZ","WH01","DC Praha-Jinonice (mock)","B-BEZNE","PRG-C002-CTV",1850,1850,32,0,5050,3232,3.28,8,12,5486,6144.32,3494.26,1991.74,30,"uhrazeno","dodano",false,"","ctvrtek",false,true,12.2,0,-15,""
"TX-2025-000329","FV-2025-000329","ORD-2025-000329","2025-04-29T14:35:00","2025-05-01T07:54:00","2025-05-01","C003","KAUFLAND Mock CR v.o.s.","retail_retezec","99910003","CZ99910003","Brno","Jihomoravsky kraj","62700",49.1678,16.6827,"EDI","platinum","P006","PEC-BAG-110","Bageta bila 110 g","bezne_pecivo","bila","ks",25,2,"LOT-20250501-S001-131","S001","Pekarna Slunce s.r.o. (mock)","99820001","CZ","WH02","DC Brno-Slatina (mock)","B-BEZNE","BRN-C003-CTV",825,825,0,0,1884,1059,13.23,8.56,12,9980.45,11178.1,6022.33,3958.12,30,"uhrazeno","dodano",false,"","ctvrtek",false,true,20.1,0,-9,""
"TX-2025-000330","FV-2025-000330","ORD-2025-000330","2025-04-28T16:13:00","2025-05-01T10:42:00","2025-05-01","C008","BILLA Mock, spol. s r.o.","retail_retezec","99910008","CZ99910008","Modletice","Stredocesky kraj","25101",49.9708,14.5852,"EDI","gold","P001","PEC-ROH-043","Rohlik tukovy 43 g","bezne_pecivo","klasicky","ks",50,1,"LOT-20250501-S001-492","S001","Pekarna Slunce s.r.o. (mock)","99820001","CZ","WH01","DC Praha-Jinonice (mock)","B-BEZNE","PRG-C008-CTV",1200,1200,23,31,1737,560,3.19,6.02,12,3528.6,3952.03,2169.59,1359.01,30,"uhrazeno","dodano",false,"","ctvrtek",false,true,10.3,5.1,-3,""
"TX-2025-000331","FV-2025-000331","ORD-2025-000331","2025-04-30T12:46:00","2025-05-02T08:39:00","2025-05-02","C001","LIDL Mock CR s.r.o.","retail_retezec","99910001","CZ99910001","Praha","Hlavni mesto Praha","15800",50.0525,14.3254,"EDI","platinum","P008","PEC-KOB-060","Kobliha s marmeladou 60 g","jemne_pecivo","merunkova","ks",30,2,"LOT-20250502-S001-454","S001","Pekarna Slunce s.r.o. (mock)","99820001","CZ","WH01","DC Praha-Jinonice (mock)","C-JEMNE","PRG-C001-PAT",840,840,0,3,1277,437,15.35,16.04,12,10825.8,12124.9,7546.06,3279.74,30,"uhrazeno","dodano",true,"Vikendova akce","patek",false,false,16.4,2.7,-15,""
"TX-2025-000332","FV-2025-000332","ORD-2025-000332","2025-04-30T10:54:00","2025-05-02T05:48:00","2025-05-02","C005","PENNY Mock Market s.r.o.","retail_retezec","99910005","CZ99910005","Radonice","Stredocesky kraj","25073",50.1437,14.6077,"EDI","gold","P001","PEC-ROH-043","Rohlik tukovy 43 g","bezne_pecivo","klasicky","ks",50,1,"LOT-20250502-S003-213","S003","Slezska pekarna s.r.o. (mock)","99820003","CZ","WH01","DC Praha-Jinonice (mock)","B-BEZNE","PRG-C005-PAT",1750,1750,32,0,3097,1379,3.29,5.75,12,5327.22,5966.49,3215.61,2111.61,21,"uhrazeno","dodano",false,"","patek",false,false,14.8,0,2,""
"TX-2025-000333","FV-2025-000333","ORD-2025-000333","2025-04-30T15:08:00","2025-05-02T06:56:00","2025-05-02","C006","Rohlik.cz Mock a.s.","ecommerce","99910006","CZ99910006","Praha","Hlavni mesto Praha","18600",50.1008,14.4749,"API_B2B","platinum","P003","PEC-KAI-060","Kaiserka sezamova 60 g","bezne_pecivo","sezam","ks",35,2,"LOT-20250502-S003-936","S003","Slezska pekarna s.r.o. (mock)","99820003","CZ","WH01","DC Praha-Jinonice (mock)","B-BEZNE","PRG-C006-PAT",315,315,6,5,439,130,7.84,8.19,12,2224.15,2491.05,1400.49,823.66,14,"uhrazeno","dodano",false,"","patek",false,false,18.7,0,-6,"kontrola mnozstvi pri prevzeti"
"TX-2025-000334","FV-2025-000334","ORD-2025-000334","2025-04-30T09:18:00","2025-05-02T09:55:00","2025-05-02","C010","Kavarny KafeKruh s.r.o. (mock)","horeca","99910010","CZ99910010","Plzen","Plzensky kraj","30100",49.7384,13.3736,"B2B_eshop","silver","P005","PEC-CHL-750-ZIT","Chleb zitny kvaskovy 750 g","chleb","kvaskovy","ks",10,5,"LOT-20250502-S004-402","S004","Danube Bakery SK s.r.o. (mock)","99820004","SK","WH01","DC Praha-Jinonice (mock)","A-CHLEB","PRG-C010-PAT",30,30,0,0,59,29,55.95,3.15,12,1625.63,1820.71,975.26,650.37,14,"uhrazeno","dodano",false,"","patek",false,false,19.2,0,-15,""
"TX-2025-000335","FV-2025-000335","ORD-2025-000335","2025-04-30T10:36:00","2025-05-03T10:37:00","2025-05-03","C001","LIDL Mock CR s.r.o.","retail_retezec","99910001","CZ99910001","Praha","Hlavni mesto Praha","15800",50.0525,14.3254,"EDI","platinum","P001","PEC-ROH-043","Rohlik tukovy 43 g","bezne_pecivo","klasicky","ks",50,1,"LOT-20250503-S003-475","S003","Slezska pekarna s.r.o. (mock)","99820003","CZ","WH01","DC Praha-Jinonice (mock)","B-BEZNE","PRG-C001-SOB",2600,2267,0,0,4040,1773,3.26,8.29,12,6777.75,7591.08,4319.28,2458.47,30,"uhrazeno","castecne_dodano",false,"","sobota",true,false,15.9,0,-5,"synteticky testovaci zaznam"
"TX-2025-000336","FV-2025-000336","ORD-2025-000336","2025-04-30T14:46:00","2025-05-03T05:14:00","2025-05-03","C004","TESCO Mock Stores CR a.s.","retail_retezec","99910004","CZ99910004","Ostrava","Moravskoslezsky kraj","70030",49.7854,18.2741,"EDI","gold","P008","PEC-KOB-060","Kobliha s marmeladou 60 g","jemne_pecivo","merunkova","ks",30,2,"LOT-20250503-S001-205","S001","Pekarna Slunce s.r.o. (mock)","99820001","CZ","WH03","DC Ostrava-Hrabova (mock)","C-JEMNE","OVA-C004-SOB",570,570,0,11,1313,743,15.91,5.69,12,8552.69,9579.01,5346.73,3205.96,30,"uhrazeno","dodano",false,"","sobota",true,false,17.2,0,13,"prioritni vykladka"
"TX-2025-000337","FV-2025-000337","ORD-2025-000337","2025-04-30T14:57:00","2025-05-03T06:38:00","2025-05-03","C012","Restaurace U Tri pecnu s.r.o. (mock)","horeca","99910012","CZ99910012","Ceske Budejovice","Jihocesky kraj","37001",48.9745,14.4743,"obchodni_zastupce","standard","P001","PEC-ROH-043","Rohlik tukovy 43 g","bezne_pecivo","klasicky","ks",50,1,"LOT-20250503-S003-406","S003","Slezska pekarna s.r.o. (mock)","99820003","CZ","WH01","DC Praha-Jinonice (mock)","B-BEZNE","PRG-C012-SOB",300,300,5,0,421,126,3.22,2.16,12,929.38,1040.91,543.76,385.62,14,"uhrazeno","dodano",false,"","sobota",true,false,20.2,0,7,""
"TX-2025-000338","FV-2025-000338","ORD-2025-000338","2025-05-02T16:09:00","2025-05-05T05:37:00","2025-05-05","C001","LIDL Mock CR s.r.o.","retail_retezec","99910001","CZ99910001","Praha","Hlavni mesto Praha","15800",50.0525,14.3254,"EDI","platinum","P004","PEC-CHL-500","Chleb konzumentni 500 g","chleb","psenicno-zitny","ks",12,4,"LOT-20250505-S002-457","S002","Moravske pecivo a.s. (mock)","99820002","CZ","WH01","DC Praha-Jinonice (mock)","A-CHLEB","PRG-C001-PON",780,780,0,12,1279,499,32.2,23.41,12,19236.34,21544.7,15322.9,3913.44,30,"uhrazeno","dodano",true,"Akce pecivo -15 %","pondeli",false,false,16,0,2,""
"TX-2025-000339","FV-2025-000339","ORD-2025-000339","2025-05-03T15:31:00","2025-05-05T06:45:00","2025-05-05","C003","KAUFLAND Mock CR v.o.s.","retail_retezec","99910003","CZ99910003","Brno","Jihomoravsky kraj","62700",49.1678,16.6827,"EDI","platinum","P007","PEC-CRO-065","Croissant maslovy 65 g","jemne_pecivo","maslovy","ks",24,3,"LOT-20250505-S002-693","S002","Moravske pecivo a.s. (mock)","99820002","CZ","WH02","DC Brno-Slatina (mock)","C-JEMNE","BRN-C003-PON",696,696,0,19,1259,563,19.01,8.95,12,12046.79,13492.4,8156.8,3889.99,30,"uhrazeno","dodano",false,"","pondeli",false,false,19.1,0.1,0,""
"TX-2025-000340","FV-2025-000340","ORD-2025-000340","2025-05-04T15:49:00","2025-05-05T06:02:00","2025-05-05","C006","Rohlik.cz Mock a.s.","ecommerce","99910006","CZ99910006","Praha","Hlavni mesto Praha","18600",50.1008,14.4749,"API_B2B","platinum","P005","PEC-CHL-750-ZIT","Chleb zitny kvaskovy 750 g","chleb","kvaskovy","ks",10,5,"LOT-20250505-S002-647","S002","Moravske pecivo a.s. (mock)","99820002","CZ","WH01","DC Praha-Jinonice (mock)","A-CHLEB","PRG-C006-PON",60,60,0,0,136,76,54.89,8.62,12,3009.51,3370.65,1903.88,1105.63,14,"uhrazeno","dodano",false,"","pondeli",false,false,19.3,1.8,-6,""
"TX-2025-000341","FV-2025-000341","ORD-2025-000341","2025-05-02T16:45:00","2025-05-05T07:06:00","2025-05-05","C007","MAKRO Mock Cash & Carry CR s.r.o.","velkoobchod","99910007","CZ99910007","Praha","Hlavni mesto Praha","25242",49.9971,14.4291,"EDI","gold","P001","PEC-ROH-043","Rohlik tukovy 43 g","bezne_pecivo","klasicky","ks",50,1,"LOT-20250505-S003-114","S003","Slezska pekarna s.r.o. (mock)","99820003","CZ","WH01","DC Praha-Jinonice (mock)","B-BEZNE","PRG-C007-PON",1150,1150,0,0,3060,1910,3.28,6.24,12,3536.63,3961.03,2244.13,1292.5,21,"uhrazeno","dodano",false,"","pondeli",false,false,16.1,0,-11,"kontrola mnozstvi pri prevzeti"
"TX-2025-000342","FV-2025-000342","ORD-2025-000342","2025-05-04T15:20:00","2025-05-06T08:25:00","2025-05-06","C002","ALBERT Mock Retail s.r.o.","retail_retezec","99910002","CZ99910002","Praha","Hlavni mesto Praha","10000",50.0724,14.4907,"EDI","platinum","P005","PEC-CHL-750-ZIT","Chleb zitny kvaskovy 750 g","chleb","kvaskovy","ks",10,5,"LOT-20250506-S002-601","S002","Moravske pecivo a.s. (mock)","99820002","CZ","WH01","DC Praha-Jinonice (mock)","A-CHLEB","PRG-C002-UTE",210,210,0,4,548,338,55.09,8.2,12,10620.25,11894.68,6998.21,3622.04,30,"uhrazeno","dodano",false,"","utery",false,false,20.2,0,-15,""
"TX-2025-000343","FV-2025-000343","ORD-2025-000343","2025-05-04T16:39:00","2025-05-06T08:35:00","2025-05-06","C005","PENNY Mock Market s.r.o.","retail_retezec","99910005","CZ99910005","Radonice","Stredocesky kraj","25073",50.1437,14.6077,"EDI","gold","P003","PEC-KAI-060","Kaiserka sezamova 60 g","bezne_pecivo","sezam","ks",35,2,"LOT-20250506-S001-818","S001","Pekarna Slunce s.r.o. (mock)","99820001","CZ","WH01","DC Praha-Jinonice (mock)","B-BEZNE","PRG-C005-UTE",665,665,0,0,1325,660,8.08,6.26,12,5036.84,5641.26,3136.57,1900.27,21,"uhrazeno","dodano",false,"","utery",false,false,15.1,6,-5,""
"TX-2025-000344","FV-2025-000344","ORD-2025-000344","2025-05-03T16:13:00","2025-05-06T05:09:00","2025-05-06","C009","Skolni jidelna Javor (mock)","verejny_sektor","99910009","CZ99910009","Olomouc","Olomoucky kraj","77900",49.5938,17.2509,"email","standard","P012","PEC-DAL-070","Dalamanek grahamovy 70 g","bezne_pecivo","grahamovy","ks",32,2,"LOT-20250506-S003-962","S003","Slezska pekarna s.r.o. (mock)","99820003","CZ","WH02","DC Brno-Slatina (mock)","B-BEZNE","BRN-C009-UTE",160,160,3,0,245,88,10.08,2.58,12,1541.73,1726.74,867.74,673.99,14,"uhrazeno","dodano",false,"","utery",false,false,11.8,0,-10,""
"TX-2025-000345","FV-2025-000345","ORD-2025-000345","2025-05-04T10:22:00","2025-05-07T06:27:00","2025-05-07","C001","LIDL Mock CR s.r.o.","retail_retezec","99910001","CZ99910001","Praha","Hlavni mesto Praha","15800",50.0525,14.3254,"EDI","platinum","P003","PEC-KAI-060","Kaiserka sezamova 60 g","bezne_pecivo","sezam","ks",35,2,"LOT-20250507-S003-474","S003","Slezska pekarna s.r.o. (mock)","99820003","CZ","WH01","DC Praha-Jinonice (mock)","B-BEZNE","PRG-C001-STR",1190,1190,0,0,2755,1565,8.06,9.14,12,8714.75,9760.52,5479.9,3234.85,30,"uhrazeno","dodano",false,"","streda",false,false,11.9,0,-1,""
"TX-2025-000346","FV-2025-000346","ORD-2025-000346","2025-05-05T12:23:00","2025-05-07T05:20:00","2025-05-07","C006","Rohlik.cz Mock a.s.","ecommerce","99910006","CZ99910006","Praha","Hlavni mesto Praha","18600",50.1008,14.4749,"API_B2B","platinum","P012","PEC-DAL-070","Dalamanek grahamovy 70 g","bezne_pecivo","grahamovy","ks",32,2,"LOT-20250507-S003-684","S003","Slezska pekarna s.r.o. (mock)","99820003","CZ","WH01","DC Praha-Jinonice (mock)","B-BEZNE","PRG-C006-STR",256,256,0,1,445,189,10.1,8.66,12,2361.69,2645.09,1379.78,981.91,14,"uhrazeno","dodano",false,"","streda",false,false,18.2,0,-15,"kontrola mnozstvi pri prevzeti"
"TX-2025-000347","FV-2025-000347","ORD-2025-000347","2025-05-04T10:24:00","2025-05-07T08:19:00","2025-05-07","C011","Fakultni nemocnice Demo (mock)","verejny_sektor","99910011","CZ99910011","Hradec Kralove","Kralovehradecky kraj","50005",50.1956,15.8328,"email","silver","P001","PEC-ROH-043","Rohlik tukovy 43 g","bezne_pecivo","klasicky","ks",50,1,"LOT-20250507-S003-644","S003","Slezska pekarna s.r.o. (mock)","99820003","CZ","WH01","DC Praha-Jinonice (mock)","B-BEZNE","PRG-C011-STR",450,450,0,9,1200,750,3.29,3.8,12,1424.24,1595.15,851.61,572.63,30,"uhrazeno","dodano",false,"","streda",false,false,17.2,0,-12,"synteticky testovaci zaznam"
"TX-2025-000348","FV-2025-000348","ORD-2025-000348","2025-05-05T10:49:00","2025-05-08T08:41:00","2025-05-08","C003","KAUFLAND Mock CR v.o.s.","retail_retezec","99910003","CZ99910003","Brno","Jihomoravsky kraj","62700",49.1678,16.6827,"EDI","platinum","P007","PEC-CRO-065","Croissant maslovy 65 g","jemne_pecivo","maslovy","ks",24,3,"LOT-20250508-S004-972","S004","Danube Bakery SK s.r.o. (mock)","99820004","SK","WH02","DC Brno-Slatina (mock)","C-JEMNE","BRN-C003-CTV",576,576,1,0,888,313,19.26,8.54,12,10128.74,11344.19,6889.16,3239.58,30,"uhrazeno","dodano",false,"","ctvrtek",false,true,11.7,0,9,""
"TX-2025-000349","FV-2025-000349","ORD-2025-000349","2025-05-07T10:49:00","2025-05-09T09:11:00","2025-05-09","C001","LIDL Mock CR s.r.o.","retail_retezec","99910001","CZ99910001","Praha","Hlavni mesto Praha","15800",50.0525,14.3254,"EDI","platinum","P008","PEC-KOB-060","Kobliha s marmeladou 60 g","jemne_pecivo","merunkova","ks",30,2,"LOT-20250509-S001-138","S001","Pekarna Slunce s.r.o. (mock)","99820001","CZ","WH01","DC Praha-Jinonice (mock)","C-JEMNE","PRG-C001-PAT",810,810,13,21,1583,786,15.54,9.2,12,11245.93,12595.44,7262.64,3983.29,30,"uhrazeno","dodano",false,"","patek",false,false,11.2,0.6,-15,""
"TX-2025-000350","FV-2025-000350","ORD-2025-000350","2025-05-06T16:43:00","2025-05-09T08:48:00","2025-05-09","C005","PENNY Mock Market s.r.o.","retail_retezec","99910005","CZ99910005","Radonice","Stredocesky kraj","25073",50.1437,14.6077,"EDI","gold","P001","PEC-ROH-043","Rohlik tukovy 43 g","bezne_pecivo","klasicky","ks",50,1,"LOT-20250509-S003-610","S003","Slezska pekarna s.r.o. (mock)","99820003","CZ","WH01","DC Praha-Jinonice (mock)","B-BEZNE","PRG-C005-PAT",1600,1600,0,0,3599,1999,3.25,6.64,12,4854.72,5437.29,3056.11,1798.61,21,"uhrazeno","dodano",false,"","patek",false,false,11.1,6.1,2,""
"TX-2025-000351","FV-2025-000351","ORD-2025-000351","2025-05-06T12:18:00","2025-05-09T05:21:00","2025-05-09","C006","Rohlik.cz Mock a.s.","ecommerce","99910006","CZ99910006","Praha","Hlavni mesto Praha","18600",50.1008,14.4749,"API_B2B","platinum","P005","PEC-CHL-750-ZIT","Chleb zitny kvaskovy 750 g","chleb","kvaskovy","ks",10,5,"LOT-20250509-S004-809","S004","Danube Bakery SK s.r.o. (mock)","99820004","SK","WH01","DC Praha-Jinonice (mock)","A-CHLEB","PRG-C006-PAT",100,100,0,0,126,26,54.47,23.37,12,4174.04,4674.92,3296.87,877.17,14,"uhrazeno","dodano",true,"Akce pecivo -15 %","patek",false,false,13.3,2.8,-2,""
"TX-2025-000352","FV-2025-000352","ORD-2025-000352","2025-05-06T12:11:00","2025-05-09T06:26:00","2025-05-09","C010","Kavarny KafeKruh s.r.o. (mock)","horeca","99910010","CZ99910010","Plzen","Plzensky kraj","30100",49.7384,13.3736,"B2B_eshop","silver","P012","PEC-DAL-070","Dalamanek grahamovy 70 g","bezne_pecivo","grahamovy","ks",32,2,"LOT-20250509-S002-913","S002","Moravske pecivo a.s. (mock)","99820002","CZ","WH01","DC Praha-Jinonice (mock)","B-BEZNE","PRG-C010-PAT",64,64,1,0,170,107,10.19,4.05,12,615.97,689.89,343.14,272.83,14,"uhrazeno","dodano",false,"","patek",false,false,20.1,0,12,""
"TX-2025-000353","FV-2025-000353","ORD-2025-000353","2025-05-07T17:07:00","2025-05-10T04:27:00","2025-05-10","C001","LIDL Mock CR s.r.o.","retail_retezec","99910001","CZ99910001","Praha","Hlavni mesto Praha","15800",50.0525,14.3254,"EDI","platinum","P001","PEC-ROH-043","Rohlik tukovy 43 g","bezne_pecivo","klasicky","ks",50,1,"LOT-20250510-S001-380","S001","Pekarna Slunce s.r.o. (mock)","99820001","CZ","WH01","DC Praha-Jinonice (mock)","B-BEZNE","PRG-C001-SOB",2900,2900,54,7,6515,3669,3.2,8.02,12,8376.8,9382.02,5170.98,3205.82,30,"uhrazeno","dodano",false,"","sobota",true,false,10.9,1,-4,""
"TX-2025-000354","FV-2025-000354","ORD-2025-000354","2025-05-07T11:43:00","2025-05-10T06:58:00","2025-05-10","C004","TESCO Mock Stores CR a.s.","retail_retezec","99910004","CZ99910004","Ostrava","Moravskoslezsky kraj","70030",49.7854,18.2741,"EDI","gold","P002","PEC-ROH-055-CZ","Rohlik celozrnny 55 g","bezne_pecivo","celozrnny","ks",40,2,"LOT-20250510-S002-721","S002","Moravske pecivo a.s. (mock)","99820002","CZ","WH03","DC Ostrava-Hrabova (mock)","B-BEZNE","OVA-C004-SOB",800,800,0,0,1293,493,6.52,5.91,12,4907.73,5496.66,2974.24,1933.49,30,"uhrazeno","dodano",false,"","sobota",true,false,10.7,0,14,""
"TX-2025-000355","FV-2025-000355","ORD-2025-000355","2025-05-07T10:33:00","2025-05-10T05:29:00","2025-05-10","C012","Restaurace U Tri pecnu s.r.o. (mock)","horeca","99910012","CZ99910012","Ceske Budejovice","Jihocesky kraj","37001",48.9745,14.4743,"obchodni_zastupce","standard","P006","PEC-BAG-110","Bageta bila 110 g","bezne_pecivo","bila","ks",25,2,"LOT-20250510-S003-476","S003","Slezska pekarna s.r.o. (mock)","99820003","CZ","WH01","DC Praha-Jinonice (mock)","B-BEZNE","PRG-C012-SOB",75,75,0,2,121,46,12.94,2,12,951.09,1065.22,524.9,426.19,14,"uhrazeno","dodano",false,"","sobota",true,false,10.9,0.9,8,"kontrola mnozstvi pri prevzeti"
"TX-2025-000356","FV-2025-000356","ORD-2025-000356","2025-05-10T13:14:00","2025-05-12T09:36:00","2025-05-12","C001","LIDL Mock CR s.r.o.","retail_retezec","99910001","CZ99910001","Praha","Hlavni mesto Praha","15800",50.0525,14.3254,"EDI","platinum","P002","PEC-ROH-055-CZ","Rohlik celozrnny 55 g","bezne_pecivo","celozrnny","ks",40,2,"LOT-20250512-S001-187","S001","Pekarna Slunce s.r.o. (mock)","99820001","CZ","WH01","DC Praha-Jinonice (mock)","B-BEZNE","PRG-C001-PON",2160,2160,1,0,2863,704,6.52,23.84,12,10720.8,12007.3,7895.66,2825.14,30,"uhrazeno","dodano",true,"Akce pecivo -15 %","pondeli",false,false,11.4,0,-13,"synteticky testovaci zaznam"
"TX-2025-000357","FV-2025-000357","ORD-2025-000357","2025-05-09T10:09:00","2025-05-12T08:50:00","2025-05-12","C006","Rohlik.cz Mock a.s.","ecommerce","99910006","CZ99910006","Praha","Hlavni mesto Praha","18600",50.1008,14.4749,"API_B2B","platinum","P007","PEC-CRO-065","Croissant maslovy 65 g","jemne_pecivo","maslovy","ks",24,3,"LOT-20250512-S002-717","S002","Moravske pecivo a.s. (mock)","99820002","CZ","WH01","DC Praha-Jinonice (mock)","C-JEMNE","PRG-C006-PON",264,264,0,0,524,260,18.94,23.08,12,3846.12,4307.65,3152.76,693.36,14,"uhrazeno","dodano",true,"Akce pecivo -15 %","pondeli",false,false,10.1,0,-1,""
"TX-2025-000358","FV-2025-000358","ORD-2025-000358","2025-05-10T09:30:00","2025-05-12T09:19:00","2025-05-12","C007","MAKRO Mock Cash & Carry CR s.r.o.","velkoobchod","99910007","CZ99910007","Praha","Hlavni mesto Praha","25242",49.9971,14.4291,"EDI","gold","P004","PEC-CHL-500","Chleb konzumentni 500 g","chleb","psenicno-zitny","ks",12,4,"LOT-20250512-S003-759","S003","Slezska pekarna s.r.o. (mock)","99820003","CZ","WH01","DC Praha-Jinonice (mock)","A-CHLEB","PRG-C007-PON",276,276,0,4,439,163,32.8,6.43,12,8470.7,9487.18,5569.13,2901.57,21,"uhrazeno","dodano",false,"","pondeli",false,false,15,0,-7,""
"TX-2025-000359","FV-2025-000359","ORD-2025-000359","2025-05-10T16:25:00","2025-05-13T04:07:00","2025-05-13","C002","ALBERT Mock Retail s.r.o.","retail_retezec","99910002","CZ99910002","Praha","Hlavni mesto Praha","10000",50.0724,14.4907,"EDI","platinum","P005","PEC-CHL-750-ZIT","Chleb zitny kvaskovy 750 g","chleb","kvaskovy","ks",10,5,"LOT-20250513-S004-307","S004","Danube Bakery SK s.r.o. (mock)","99820004","SK","WH01","DC Praha-Jinonice (mock)","A-CHLEB","PRG-C002-UTE",370,285,0,5,665,380,55.99,23.49,12,12208.82,13673.88,9359.72,2849.1,30,"uhrazeno","castecne_dodano",true,"Akce pecivo -15 %","utery",false,false,18.3,0,8,"synteticky testovaci zaznam"
"TX-2025-000360","FV-2025-000360","ORD-2025-000360","2025-05-10T08:14:00","2025-05-13T05:28:00","2025-05-13","C005","PENNY Mock Market s.r.o.","retail_retezec","99910005","CZ99910005","Radonice","Stredocesky kraj","25073",50.1437,14.6077,"EDI","gold","P008","PEC-KOB-060","Kobliha s marmeladou 60 g","jemne_pecivo","merunkova","ks",30,2,"LOT-20250513-S001-381","S001","Pekarna Slunce s.r.o. (mock)","99820001","CZ","WH01","DC Praha-Jinonice (mock)","C-JEMNE","PRG-C005-UTE",480,480,5,13,1164,689,15.87,5.84,12,7098.02,7949.78,4333,2765.02,21,"uhrazeno","dodano",false,"","utery",false,false,13.7,0,-11,""
"TX-2025-000361","FV-2025-000361","ORD-2025-000361","2025-05-12T16:03:00","2025-05-13T04:47:00","2025-05-13","C009","Skolni jidelna Javor (mock)","verejny_sektor","99910009","CZ99910009","Olomouc","Olomoucky kraj","77900",49.5938,17.2509,"email","standard","P005","PEC-CHL-750-ZIT","Chleb zitny kvaskovy 750 g","chleb","kvaskovy","ks",10,5,"LOT-20250513-S004-799","S004","Danube Bakery SK s.r.o. (mock)","99820004","SK","WH02","DC Brno-Slatina (mock)","A-CHLEB","BRN-C009-UTE",40,40,1,0,92,53,55.45,1.69,12,2126,2381.12,1295.97,830.03,14,"uhrazeno","dodano",false,"","utery",false,false,16,0,6,"kontrola mnozstvi pri prevzeti"
"TX-2025-000362","FV-2025-000362","ORD-2025-000362","2025-05-11T13:59:00","2025-05-14T07:42:00","2025-05-14","C001","LIDL Mock CR s.r.o.","retail_retezec","99910001","CZ99910001","Praha","Hlavni mesto Praha","15800",50.0525,14.3254,"EDI","platinum","P003","PEC-KAI-060","Kaiserka sezamova 60 g","bezne_pecivo","sezam","ks",35,2,"LOT-20250514-S001-413","S001","Pekarna Slunce s.r.o. (mock)","99820001","CZ","WH01","DC Praha-Jinonice (mock)","B-BEZNE","PRG-C001-STR",1610,1610,0,40,2775,1165,7.85,8.28,12,11592.03,12983.07,7120.31,4471.72,30,"uhrazeno","dodano",false,"","streda",false,false,13.3,0,-4,""
"TX-2025-000363","FV-2025-000363","ORD-2025-000363","2025-05-12T10:53:00","2025-05-14T04:26:00","2025-05-14","C004","TESCO Mock Stores CR a.s.","retail_retezec","99910004","CZ99910004","Ostrava","Moravskoslezsky kraj","70030",49.7854,18.2741,"EDI","gold","P005","PEC-CHL-750-ZIT","Chleb zitny kvaskovy 750 g","chleb","kvaskovy","ks",10,5,"LOT-20250514-S004-732","S004","Danube Bakery SK s.r.o. (mock)","99820004","SK","WH03","DC Ostrava-Hrabova (mock)","A-CHLEB","OVA-C004-STR",190,190,0,0,514,324,56.41,6.09,12,10065.18,11273,6343.34,3721.84,30,"uhrazeno","dodano",false,"","streda",false,false,12.6,0,12,""
"TX-2025-000364","FV-2025-000364","ORD-2025-000364","2025-05-12T15:02:00","2025-05-14T10:50:00","2025-05-14","C006","Rohlik.cz Mock a.s.","ecommerce","99910006","CZ99910006","Praha","Hlavni mesto Praha","18600",50.1008,14.4749,"API_B2B","platinum","P002","PEC-ROH-055-CZ","Rohlik celozrnny 55 g","bezne_pecivo","celozrnny","ks",40,2,"LOT-20250514-S001-609","S001","Pekarna Slunce s.r.o. (mock)","99820001","CZ","WH01","DC Praha-Jinonice (mock)","B-BEZNE","PRG-C006-STR",360,360,0,8,831,471,6.66,8.27,12,2199.32,2463.24,1363.91,835.41,14,"uhrazeno","dodano",false,"","streda",false,false,15.3,0,-15,""
"TX-2025-000365","FV-2025-000365","ORD-2025-000365","2025-05-13T10:33:00","2025-05-14T09:59:00","2025-05-14","C011","Fakultni nemocnice Demo (mock)","verejny_sektor","99910011","CZ99910011","Hradec Kralove","Kralovehradecky kraj","50005",50.1956,15.8328,"email","silver","P002","PEC-ROH-055-CZ","Rohlik celozrnny 55 g","bezne_pecivo","celozrnny","ks",40,2,"LOT-20250514-S001-486","S001","Pekarna Slunce s.r.o. (mock)","99820001","CZ","WH01","DC Praha-Jinonice (mock)","B-BEZNE","PRG-C011-STR",280,280,0,7,540,260,6.59,3.38,12,1782.83,1996.77,1059.23,723.6,30,"uhrazeno","dodano",false,"","streda",false,false,11.6,0,-13,""
"TX-2025-000366","FV-2025-000366","ORD-2025-000366","2025-05-12T15:33:00","2025-05-15T10:02:00","2025-05-15","C002","ALBERT Mock Retail s.r.o.","retail_retezec","99910002","CZ99910002","Praha","Hlavni mesto Praha","10000",50.0724,14.4907,"EDI","platinum","P002","PEC-ROH-055-CZ","Rohlik celozrnny 55 g","bezne_pecivo","celozrnny","ks",40,2,"LOT-20250515-S002-892","S002","Moravske pecivo a.s. (mock)","99820002","CZ","WH01","DC Praha-Jinonice (mock)","B-BEZNE","PRG-C002-CTV",1240,1240,25,12,2651,1436,6.59,9.13,12,7275.82,8148.92,4466.21,2809.61,30,"uhrazeno","dodano",false,"","ctvrtek",false,false,18.7,12.1,22,""
"TX-2025-000367","FV-2025-000367","ORD-2025-000367","2025-05-12T13:32:00","2025-05-15T06:00:00","2025-05-15","C003","KAUFLAND Mock CR v.o.s.","retail_retezec","99910003","CZ99910003","Brno","Jihomoravsky kraj","62700",49.1678,16.6827,"EDI","platinum","P004","PEC-CHL-500","Chleb konzumentni 500 g","chleb","psenicno-zitny","ks",12,4,"LOT-20250515-S001-640","S001","Pekarna Slunce s.r.o. (mock)","99820001","CZ","WH02","DC Brno-Slatina (mock)","A-CHLEB","BRN-C003-CTV",432,432,0,0,761,329,32.38,8.78,12,12760,14291.2,8762.46,3997.54,30,"uhrazeno","dodano",false,"","ctvrtek",false,false,20.7,0,8,""
"TX-2025-000368","FV-2025-000368","ORD-2025-000368","2025-05-14T14:32:00","2025-05-16T05:07:00","2025-05-16","C001","LIDL Mock CR s.r.o.","retail_retezec","99910001","CZ99910001","Praha","Hlavni mesto Praha","15800",50.0525,14.3254,"EDI","platinum","P001","PEC-ROH-043","Rohlik tukovy 43 g","bezne_pecivo","klasicky","ks",50,1,"LOT-20250516-S001-823","S001","Pekarna Slunce s.r.o. (mock)","99820001","CZ","WH01","DC Praha-Jinonice (mock)","B-BEZNE","PRG-C001-PAT",2350,2350,0,40,3391,1041,3.18,8.02,12,6873.67,7698.51,4395.17,2478.5,30,"uhrazeno","dodano",false,"","patek",false,false,12.4,10,3,""
"TX-2025-000369","FV-2025-000369","ORD-2025-000369","2025-05-14T13:26:00","2025-05-16T04:51:00","2025-05-16","C005","PENNY Mock Market s.r.o.","retail_retezec","99910005","CZ99910005","Radonice","Stredocesky kraj","25073",50.1437,14.6077,"EDI","gold","P001","PEC-ROH-043","Rohlik tukovy 43 g","bezne_pecivo","klasicky","ks",50,1,"LOT-20250516-S002-707","S002","Moravske pecivo a.s. (mock)","99820002","CZ","WH01","DC Praha-Jinonice (mock)","B-BEZNE","PRG-C005-PAT",1600,1600,0,19,2212,612,3.2,6.5,12,4787.2,5361.66,3010.24,1776.96,21,"uhrazeno","dodano",false,"","patek",false,false,10.8,2,-15,""
"TX-2025-000370","FV-2025-000370","ORD-2025-000370","2025-05-15T08:42:00","2025-05-16T09:36:00","2025-05-16","C006","Rohlik.cz Mock a.s.","ecommerce","99910006","CZ99910006","Praha","Hlavni mesto Praha","18600",50.1008,14.4749,"API_B2B","platinum","P009","PEC-VEC-360","Veka tukova 360 g","chleb","klasicka","ks",14,3,"LOT-20250516-S002-370","S002","Moravske pecivo a.s. (mock)","99820002","CZ","WH01","DC Praha-Jinonice (mock)","A-CHLEB","PRG-C006-PAT",98,98,0,0,210,112,29.61,8.6,12,2652.23,2970.5,1668.47,983.76,14,"uhrazeno","dodano",false,"","patek",false,false,18.8,0,13,""
"TX-2025-000371","FV-2025-000371","ORD-2025-000371","2025-05-13T12:15:00","2025-05-16T06:42:00","2025-05-16","C010","Kavarny KafeKruh s.r.o. (mock)","horeca","99910010","CZ99910010","Plzen","Plzensky kraj","30100",49.7384,13.3736,"B2B_eshop","silver","P012","PEC-DAL-070","Dalamanek grahamovy 70 g","bezne_pecivo","grahamovy","ks",32,2,"LOT-20250516-S002-750","S002","Moravske pecivo a.s. (mock)","99820002","CZ","WH01","DC Praha-Jinonice (mock)","B-BEZNE","PRG-C010-PAT",96,96,0,2,172,76,9.87,3.25,12,916.73,1026.74,508.66,408.07,14,"uhrazeno","dodano",false,"","patek",false,false,13.2,0,-15,""
"TX-2025-000372","FV-2025-000372","ORD-2025-000372","2025-05-14T12:24:00","2025-05-17T08:49:00","2025-05-17","C001","LIDL Mock CR s.r.o.","retail_retezec","99910001","CZ99910001","Praha","Hlavni mesto Praha","15800",50.0525,14.3254,"EDI","platinum","P003","PEC-KAI-060","Kaiserka sezamova 60 g","bezne_pecivo","sezam","ks",35,2,"LOT-20250517-S003-323","S003","Slezska pekarna s.r.o. (mock)","99820003","CZ","WH01","DC Praha-Jinonice (mock)","B-BEZNE","PRG-C001-SOB",1435,1435,18,0,2280,863,7.82,8.53,12,10135.74,11352.03,6373.05,3762.69,30,"uhrazeno","dodano",false,"","sobota",true,false,14.7,0,10,""
"TX-2025-000373","FV-2025-000373","ORD-2025-000373","2025-05-15T11:54:00","2025-05-17T09:43:00","2025-05-17","C004","TESCO Mock Stores CR a.s.","retail_retezec","99910004","CZ99910004","Ostrava","Moravskoslezsky kraj","70030",49.7854,18.2741,"EDI","gold","P006","PEC-BAG-110","Bageta bila 110 g","bezne_pecivo","bila","ks",25,2,"LOT-20250517-S003-847","S003","Slezska pekarna s.r.o. (mock)","99820003","CZ","WH03","DC Ostrava-Hrabova (mock)","B-BEZNE","OVA-C004-SOB",675,675,16,0,989,330,12.85,5.51,12,8001.55,8961.74,4716.42,3285.13,30,"uhrazeno","dodano",false,"","sobota",true,false,17.3,0,-3,""
"TX-2025-000374","FV-2025-000374","ORD-2025-000374","2025-05-17T08:22:00","2025-05-19T04:58:00","2025-05-19","C001","LIDL Mock CR s.r.o.","retail_retezec","99910001","CZ99910001","Praha","Hlavni mesto Praha","15800",50.0525,14.3254,"EDI","platinum","P001","PEC-ROH-043","Rohlik tukovy 43 g","bezne_pecivo","klasicky","ks",50,1,"LOT-20250519-S001-319","S001","Pekarna Slunce s.r.o. (mock)","99820001","CZ","WH01","DC Praha-Jinonice (mock)","B-BEZNE","PRG-C001-PON",2350,2350,0,0,5279,2929,3.26,17,12,6358.63,7121.67,4322.14,2036.49,30,"uhrazeno","dodano",true,"Vikendova akce","pondeli",false,false,10.6,4.1,10,"prioritni vykladka"
"TX-2025-000375","FV-2025-000375","ORD-2025-000375","2025-05-16T10:42:00","2025-05-19T06:34:00","2025-05-19","C003","KAUFLAND Mock CR v.o.s.","retail_retezec","99910003","CZ99910003","Brno","Jihomoravsky kraj","62700",49.1678,16.6827,"EDI","platinum","P001","PEC-ROH-043","Rohlik tukovy 43 g","bezne_pecivo","klasicky","ks",50,1,"LOT-20250519-S003-201","S003","Slezska pekarna s.r.o. (mock)","99820003","CZ","WH02","DC Brno-Slatina (mock)","B-BEZNE","BRN-C003-PON",2200,2200,0,0,3117,917,3.18,8.19,12,6423.03,7193.79,3996.93,2426.1,30,"uhrazeno","dodano",false,"","pondeli",false,false,13.5,0,13,""
"TX-2025-000376","FV-2025-000376","ORD-2025-000376","2025-05-18T16:16:00","2025-05-19T04:17:00","2025-05-19","C006","Rohlik.cz Mock a.s.","ecommerce","99910006","CZ99910006","Praha","Hlavni mesto Praha","18600",50.1008,14.4749,"API_B2B","platinum","P007","PEC-CRO-065","Croissant maslovy 65 g","jemne_pecivo","maslovy","ks",24,3,"LOT-20250519-S004-588","S004","Danube Bakery SK s.r.o. (mock)","99820004","SK","WH01","DC Praha-Jinonice (mock)","C-JEMNE","PRG-C006-PON",264,264,4,0,385,125,19.3,24.05,12,3811.17,4268.51,3234.87,576.3,14,"uhrazeno","dodano",true,"Akce pecivo -15 %","pondeli",false,false,12.9,0,-13,""
"TX-2025-000377","FV-2025-000377","ORD-2025-000377","2025-05-16T15:20:00","2025-05-19T06:56:00","2025-05-19","C007","MAKRO Mock Cash & Carry CR s.r.o.","velkoobchod","99910007","CZ99910007","Praha","Hlavni mesto Praha","25242",49.9971,14.4291,"EDI","gold","P003","PEC-KAI-060","Kaiserka sezamova 60 g","bezne_pecivo","sezam","ks",35,2,"LOT-20250519-S001-230","S001","Pekarna Slunce s.r.o. (mock)","99820001","CZ","WH01","DC Praha-Jinonice (mock)","B-BEZNE","PRG-C007-PON",700,700,0,0,961,261,8.12,5.75,12,5357.17,6000.03,3199.87,2157.3,21,"uhrazeno","dodano",false,"","pondeli",false,false,19.6,3.8,-13,""
"TX-2025-000378","FV-2025-000378","ORD-2025-000378","2025-05-17T17:03:00","2025-05-20T10:27:00","2025-05-20","C005","PENNY Mock Market s.r.o.","retail_retezec","99910005","CZ99910005","Radonice","Stredocesky kraj","25073",50.1437,14.6077,"EDI","gold","P006","PEC-BAG-110","Bageta bila 110 g","bezne_pecivo","bila","ks",25,2,"LOT-20250520-S001-470","S001","Pekarna Slunce s.r.o. (mock)","99820001","CZ","WH01","DC Praha-Jinonice (mock)","B-BEZNE","PRG-C005-UTE",475,475,0,0,1007,532,13.27,6.5,12,5893.54,6600.76,3420.44,2473.1,21,"uhrazeno","dodano",false,"","utery",false,false,11.8,0,-4,"kontrola mnozstvi pri prevzeti"
"TX-2025-000379","FV-2025-000379","ORD-2025-000379","2025-05-18T14:56:00","2025-05-20T10:25:00","2025-05-20","C009","Skolni jidelna Javor (mock)","verejny_sektor","99910009","CZ99910009","Olomouc","Olomoucky kraj","77900",49.5938,17.2509,"email","standard","P001","PEC-ROH-043","Rohlik tukovy 43 g","bezne_pecivo","klasicky","ks",50,1,"LOT-20250520-S001-925","S001","Pekarna Slunce s.r.o. (mock)","99820001","CZ","WH02","DC Brno-Slatina (mock)","B-BEZNE","BRN-C009-UTE",400,400,0,0,584,184,3.23,2.15,12,1264.22,1415.93,753.75,510.47,14,"uhrazeno","dodano",false,"","utery",false,false,14.4,0,-13,""
"TX-2025-000380","FV-2025-000380","ORD-2025-000380","2025-05-18T13:27:00","2025-05-21T09:26:00","2025-05-21","C001","LIDL Mock CR s.r.o.","retail_retezec","99910001","CZ99910001","Praha","Hlavni mesto Praha","15800",50.0525,14.3254,"EDI","platinum","P007","PEC-CRO-065","Croissant maslovy 65 g","jemne_pecivo","maslovy","ks",24,3,"LOT-20250521-S002-894","S002","Moravske pecivo a.s. (mock)","99820002","CZ","WH01","DC Praha-Jinonice (mock)","C-JEMNE","PRG-C001-STR",864,864,0,13,2043,1179,18.69,8.72,12,14740.04,16508.84,9974.71,4765.33,30,"uhrazeno","dodano",false,"","streda",false,false,10.6,9.1,4,""
"TX-2025-000381","FV-2025-000381","ORD-2025-000381","2025-05-19T16:22:00","2025-05-21T05:09:00","2025-05-21","C004","TESCO Mock Stores CR a.s.","retail_retezec","99910004","CZ99910004","Ostrava","Moravskoslezsky kraj","70030",49.7854,18.2741,"EDI","gold","P003","PEC-KAI-060","Kaiserka sezamova 60 g","bezne_pecivo","sezam","ks",35,2,"LOT-20250521-S001-279","S001","Pekarna Slunce s.r.o. (mock)","99820001","CZ","WH03","DC Ostrava-Hrabova (mock)","B-BEZNE","OVA-C004-STR",1050,1050,0,0,2328,1278,8.05,13.82,12,7284.36,8158.48,4912.24,2372.12,30,"uhrazeno","dodano",true,"Vikendova akce","streda",false,false,10.1,3.5,-15,""
"TX-2025-000382","FV-2025-000382","ORD-2025-000382","2025-05-20T12:53:00","2025-05-21T10:12:00","2025-05-21","C006","Rohlik.cz Mock a.s.","ecommerce","99910006","CZ99910006","Praha","Hlavni mesto Praha","18600",50.1008,14.4749,"API_B2B","platinum","P005","PEC-CHL-750-ZIT","Chleb zitny kvaskovy 750 g","chleb","kvaskovy","ks",10,5,"LOT-20250521-S002-663","S002","Moravske pecivo a.s. (mock)","99820002","CZ","WH01","DC Praha-Jinonice (mock)","A-CHLEB","PRG-C006-STR",50,50,0,1,103,53,54.85,8.53,12,2508.56,2809.59,1575.93,932.63,14,"uhrazeno","dodano",false,"","streda",false,false,14.9,0,-14,""
"TX-2025-000383","FV-2025-000383","ORD-2025-000383","2025-05-19T13:12:00","2025-05-21T10:08:00","2025-05-21","C011","Fakultni nemocnice Demo (mock)","verejny_sektor","99910011","CZ99910011","Hradec Kralove","Kralovehradecky kraj","50005",50.1956,15.8328,"email","silver","P005","PEC-CHL-750-ZIT","Chleb zitny kvaskovy 750 g","chleb","kvaskovy","ks",10,5,"LOT-20250521-S004-427","S004","Danube Bakery SK s.r.o. (mock)","99820004","SK","WH01","DC Praha-Jinonice (mock)","A-CHLEB","PRG-C011-STR",80,80,0,0,106,26,55.42,3.29,12,4287.73,4802.26,2682.74,1604.99,30,"uhrazeno","dodano",false,"","streda",false,false,16.7,0,-6,"vratne prepravky"
"TX-2025-000384","FV-2025-000384","ORD-2025-000384","2025-05-19T13:11:00","2025-05-22T05:43:00","2025-05-22","C002","ALBERT Mock Retail s.r.o.","retail_retezec","99910002","CZ99910002","Praha","Hlavni mesto Praha","10000",50.0724,14.4907,"EDI","platinum","P005","PEC-CHL-750-ZIT","Chleb zitny kvaskovy 750 g","chleb","kvaskovy","ks",10,5,"LOT-20250522-S002-966","S002","Moravske pecivo a.s. (mock)","99820002","CZ","WH01","DC Praha-Jinonice (mock)","A-CHLEB","PRG-C002-CTV",200,200,0,4,315,115,56.06,8.4,12,10270.19,11502.61,6528.25,3741.94,30,"uhrazeno","dodano",false,"","ctvrtek",false,false,16.5,11.5,0,"kontrola mnozstvi pri prevzeti"
"TX-2025-000385","FV-2025-000385","ORD-2025-000385","2025-05-19T14:17:00","2025-05-22T07:46:00","2025-05-22","C003","KAUFLAND Mock CR v.o.s.","retail_retezec","99910003","CZ99910003","Brno","Jihomoravsky kraj","62700",49.1678,16.6827,"EDI","platinum","P002","PEC-ROH-055-CZ","Rohlik celozrnny 55 g","bezne_pecivo","celozrnny","ks",40,2,"LOT-20250522-S002-445","S002","Moravske pecivo a.s. (mock)","99820002","CZ","WH02","DC Brno-Slatina (mock)","B-BEZNE","BRN-C003-CTV",1240,1240,0,33,3049,1809,6.45,9.13,12,7267.78,8139.91,4422.2,2845.58,30,"uhrazeno","dodano",false,"","ctvrtek",false,false,12.9,0,13,""
"TX-2025-000386","FV-2025-000386","ORD-2025-000386","2025-05-19T15:43:00","2025-05-22T07:56:00","2025-05-22","C008","BILLA Mock, spol. s r.o.","retail_retezec","99910008","CZ99910008","Modletice","Stredocesky kraj","25101",49.9708,14.5852,"EDI","gold","P001","PEC-ROH-043","Rohlik tukovy 43 g","bezne_pecivo","klasicky","ks",50,1,"LOT-20250522-S003-954","S003","Slezska pekarna s.r.o. (mock)","99820003","CZ","WH01","DC Praha-Jinonice (mock)","B-BEZNE","PRG-C008-CTV",1200,1200,0,0,2118,918,3.18,6.14,12,3581.7,4011.5,2172.01,1409.69,30,"uhrazeno","dodano",false,"","ctvrtek",false,false,13.5,0,0,"vratne prepravky"
"TX-2025-000387","FV-2025-000387","ORD-2025-000387","2025-05-20T14:24:00","2025-05-23T08:36:00","2025-05-23","C001","LIDL Mock CR s.r.o.","retail_retezec","99910001","CZ99910001","Praha","Hlavni mesto Praha","15800",50.0525,14.3254,"EDI","platinum","P002","PEC-ROH-055-CZ","Rohlik celozrnny 55 g","bezne_pecivo","celozrnny","ks",40,2,"LOT-20250523-S001-350","S001","Pekarna Slunce s.r.o. (mock)","99820001","CZ","WH01","DC Praha-Jinonice (mock)","B-BEZNE","PRG-C001-PAT",1880,1880,0,0,4140,2260,6.54,8.81,12,11211.99,12557.43,6821.85,4390.14,30,"uhrazeno","dodano",false,"","patek",false,false,10.9,0,9,""
"TX-2025-000388","FV-2025-000388","ORD-2025-000388","2025-05-20T13:35:00","2025-05-23T10:35:00","2025-05-23","C005","PENNY Mock Market s.r.o.","retail_retezec","99910005","CZ99910005","Radonice","Stredocesky kraj","25073",50.1437,14.6077,"EDI","gold","P008","PEC-KOB-060","Kobliha s marmeladou 60 g","jemne_pecivo","merunkova","ks",30,2,"LOT-20250523-S003-596","S003","Slezska pekarna s.r.o. (mock)","99820003","CZ","WH01","DC Praha-Jinonice (mock)","C-JEMNE","PRG-C005-PAT",450,450,0,7,661,211,15.83,5.91,12,6702.5,7506.8,4147.3,2555.2,21,"uhrazeno","dodano",false,"","patek",false,false,18.3,0,-3,"prioritni vykladka"
"TX-2025-000389","FV-2025-000389","ORD-2025-000389","2025-05-21T16:12:00","2025-05-23T04:51:00","2025-05-23","C006","Rohlik.cz Mock a.s.","ecommerce","99910006","CZ99910006","Praha","Hlavni mesto Praha","18600",50.1008,14.4749,"API_B2B","platinum","P007","PEC-CRO-065","Croissant maslovy 65 g","jemne_pecivo","maslovy","ks",24,3,"LOT-20250523-S004-456","S004","Danube Bakery SK s.r.o. (mock)","99820004","SK","WH01","DC Praha-Jinonice (mock)","C-JEMNE","PRG-C006-PAT",168,168,0,0,294,126,18.97,8.36,12,2920.53,3270.99,2018.4,902.13,14,"uhrazeno","dodano",false,"","patek",false,false,13.1,10.1,5,""
"TX-2025-000390","FV-2025-000390","ORD-2025-000390","2025-05-21T15:59:00","2025-05-23T10:27:00","2025-05-23","C010","Kavarny KafeKruh s.r.o. (mock)","horeca","99910010","CZ99910010","Plzen","Plzensky kraj","30100",49.7384,13.3736,"B2B_eshop","silver","P005","PEC-CHL-750-ZIT","Chleb zitny kvaskovy 750 g","chleb","kvaskovy","ks",10,5,"LOT-20250523-S004-486","S004","Danube Bakery SK s.r.o. (mock)","99820004","SK","WH01","DC Praha-Jinonice (mock)","A-CHLEB","PRG-C010-PAT",30,26,0,0,44,18,54.51,3.13,12,1372.9,1537.65,847.15,525.75,14,"uhrazeno","castecne_dodano",false,"","patek",false,false,10.9,0,7,""
"TX-2025-000391","FV-2025-000391","ORD-2025-000391","2025-05-21T14:34:00","2025-05-24T09:22:00","2025-05-24","C001","LIDL Mock CR s.r.o.","retail_retezec","99910001","CZ99910001","Praha","Hlavni mesto Praha","15800",50.0525,14.3254,"EDI","platinum","P006","PEC-BAG-110","Bageta bila 110 g","bezne_pecivo","bila","ks",25,2,"LOT-20250524-S001-743","S001","Pekarna Slunce s.r.o. (mock)","99820001","CZ","WH01","DC Praha-Jinonice (mock)","B-BEZNE","PRG-C001-SOB",900,900,0,9,2446,1546,13.14,8.74,12,10792.41,12087.5,6342,4450.41,30,"uhrazeno","dodano",false,"","sobota",true,false,18.8,8.1,2,""
"TX-2025-000392","FV-2025-000392","ORD-2025-000392","2025-05-22T11:29:00","2025-05-24T08:19:00","2025-05-24","C004","TESCO Mock Stores CR a.s.","retail_retezec","99910004","CZ99910004","Ostrava","Moravskoslezsky kraj","70030",49.7854,18.2741,"EDI","gold","P008","PEC-KOB-060","Kobliha s marmeladou 60 g","jemne_pecivo","merunkova","ks",30,2,"LOT-20250524-S001-249","S001","Pekarna Slunce s.r.o. (mock)","99820001","CZ","WH03","DC Ostrava-Hrabova (mock)","C-JEMNE","OVA-C004-SOB",480,480,0,0,1136,656,15.53,6.26,12,6987.75,7826.28,4256.4,2731.35,30,"uhrazeno","dodano",false,"","sobota",true,false,14.4,5.1,1,""
"TX-2025-000393","FV-2025-000393","ORD-2025-000393","2025-05-23T11:16:00","2025-05-24T08:50:00","2025-05-24","C012","Restaurace U Tri pecnu s.r.o. (mock)","horeca","99910012","CZ99910012","Ceske Budejovice","Jihocesky kraj","37001",48.9745,14.4743,"obchodni_zastupce","standard","P003","PEC-KAI-060","Kaiserka sezamova 60 g","bezne_pecivo","sezam","ks",35,2,"LOT-20250524-S003-683","S003","Slezska pekarna s.r.o. (mock)","99820003","CZ","WH01","DC Praha-Jinonice (mock)","B-BEZNE","PRG-C012-SOB",175,175,2,2,334,161,7.99,1.69,12,1358.91,1521.98,802.89,556.02,14,"uhrazeno","dodano",false,"","sobota",true,false,11.1,17.9,10,""
"TX-2025-000394","FV-2025-000394","ORD-2025-000394","2025-05-24T10:02:00","2025-05-26T10:49:00","2025-05-26","C001","LIDL Mock CR s.r.o.","retail_retezec","99910001","CZ99910001","Praha","Hlavni mesto Praha","15800",50.0525,14.3254,"EDI","platinum","P001","PEC-ROH-043","Rohlik tukovy 43 g","bezne_pecivo","klasicky","ks",50,1,"LOT-20250526-S003-407","S003","Slezska pekarna s.r.o. (mock)","99820003","CZ","WH01","DC Praha-Jinonice (mock)","B-BEZNE","PRG-C001-PON",2100,2100,0,8,3658,1558,3.18,8.32,12,6122.39,6857.08,3832.59,2289.8,30,"uhrazeno","dodano",false,"","pondeli",false,false,10.8,0,7,""
"TX-2025-000395","FV-2025-000395","ORD-2025-000395","2025-05-23T16:14:00","2025-05-26T08:09:00","2025-05-26","C003","KAUFLAND Mock CR v.o.s.","retail_retezec","99910003","CZ99910003","Brno","Jihomoravsky kraj","62700",49.1678,16.6827,"EDI","platinum","P001","PEC-ROH-043","Rohlik tukovy 43 g","bezne_pecivo","klasicky","ks",50,1,"LOT-20250526-S001-439","S001","Pekarna Slunce s.r.o. (mock)","99820001","CZ","WH02","DC Brno-Slatina (mock)","B-BEZNE","BRN-C003-PON",1800,1800,0,38,3653,1853,3.27,8.09,12,5409.82,6059,3344.26,2065.56,30,"uhrazeno","dodano",false,"","pondeli",false,false,11.5,0,-15,""
"TX-2025-000396","FV-2025-000396","ORD-2025-000396","2025-05-25T14:57:00","2025-05-26T10:30:00","2025-05-26","C006","Rohlik.cz Mock a.s.","ecommerce","99910006","CZ99910006","Praha","Hlavni mesto Praha","18600",50.1008,14.4749,"API_B2B","platinum","P002","PEC-ROH-055-CZ","Rohlik celozrnny 55 g","bezne_pecivo","celozrnny","ks",40,2,"LOT-20250526-S002-606","S002","Moravske pecivo a.s. (mock)","99820002","CZ","WH01","DC Praha-Jinonice (mock)","B-BEZNE","PRG-C006-PON",320,320,5,3,636,321,6.44,8.98,12,1846.43,2068,1109.59,736.84,14,"uhrazeno","dodano",false,"","pondeli",false,false,16.6,0,-15,""
"TX-2025-000397","FV-2025-000397","ORD-2025-000397","2025-05-24T16:50:00","2025-05-26T05:26:00","2025-05-26","C007","MAKRO Mock Cash & Carry CR s.r.o.","velkoobchod","99910007","CZ99910007","Praha","Hlavni mesto Praha","25242",49.9971,14.4291,"EDI","gold","P011","PEC-HOU-060","Houska psenicna 60 g","bezne_pecivo","klasicka","ks",40,2,"LOT-20250526-S002-921","S002","Moravske pecivo a.s. (mock)","99820002","CZ","WH01","DC Praha-Jinonice (mock)","B-BEZNE","PRG-C007-PON",720,720,11,0,1872,1163,5.44,6.32,12,3613.2,4046.78,2119.07,1494.13,21,"uhrazeno","dodano",false,"","pondeli",false,false,10.9,5.6,-7,""
"TX-2025-000398","FV-2025-000398","ORD-2025-000398","2025-05-24T13:28:00","2025-05-27T08:42:00","2025-05-27","C002","ALBERT Mock Retail s.r.o.","retail_retezec","99910002","CZ99910002","Praha","Hlavni mesto Praha","10000",50.0724,14.4907,"EDI","platinum","P004","PEC-CHL-500","Chleb konzumentni 500 g","chleb","psenicno-zitny","ks",12,4,"LOT-20250527-S001-139","S001","Pekarna Slunce s.r.o. (mock)","99820001","CZ","WH01","DC Praha-Jinonice (mock)","A-CHLEB","PRG-C002-UTE",336,336,0,0,628,292,32.59,8.84,12,9982.24,11180.11,6663.3,3318.94,30,"uhrazeno","dodano",false,"","utery",false,false,17.8,0,7,"vratne prepravky"
"TX-2025-000399","FV-2025-000399","ORD-2025-000399","2025-05-25T12:37:00","2025-05-27T09:15:00","2025-05-27","C005","PENNY Mock Market s.r.o.","retail_retezec","99910005","CZ99910005","Radonice","Stredocesky kraj","25073",50.1437,14.6077,"EDI","gold","P001","PEC-ROH-043","Rohlik tukovy 43 g","bezne_pecivo","klasicky","ks",50,1,"LOT-20250527-S001-524","S001","Pekarna Slunce s.r.o. (mock)","99820001","CZ","WH01","DC Praha-Jinonice (mock)","B-BEZNE","PRG-C005-UTE",1350,1350,6,0,3051,1707,3.23,6.28,12,4068.5,4556.72,2590.62,1477.88,21,"uhrazeno","dodano",false,"","utery",false,false,19.9,0,4,""
"TX-2025-000400","FV-2025-000400","ORD-2025-000400","2025-05-24T08:50:00","2025-05-27T07:08:00","2025-05-27","C009","Skolni jidelna Javor (mock)","verejny_sektor","99910009","CZ99910009","Olomouc","Olomoucky kraj","77900",49.5938,17.2509,"email","standard","P001","PEC-ROH-043","Rohlik tukovy 43 g","bezne_pecivo","klasicky","ks",50,1,"LOT-20250527-S003-587","S003","Slezska pekarna s.r.o. (mock)","99820003","CZ","WH02","DC Brno-Slatina (mock)","B-BEZNE","BRN-C009-UTE",350,350,4,0,814,468,3.22,2.37,12,1087.72,1218.25,631.03,456.69,14,"uhrazeno","dodano",false,"","utery",false,false,18.3,5.7,-10,""
"TX-2025-000401","FV-2025-000401","ORD-2025-000401","2025-05-25T12:31:00","2025-05-28T05:17:00","2025-05-28","C001","LIDL Mock CR s.r.o.","retail_retezec","99910001","CZ99910001","Praha","Hlavni mesto Praha","15800",50.0525,14.3254,"EDI","platinum","P001","PEC-ROH-043","Rohlik tukovy 43 g","bezne_pecivo","klasicky","ks",50,1,"LOT-20250528-S002-126","S002","Moravske pecivo a.s. (mock)","99820002","CZ","WH01","DC Praha-Jinonice (mock)","B-BEZNE","PRG-C001-STR",2850,2850,0,0,4792,1942,3.26,9.07,12,8448.31,9462.11,5286.66,3161.65,30,"uhrazeno","dodano",false,"","streda",false,false,13,0,5,""
"TX-2025-000402","FV-2025-000402","ORD-2025-000402","2025-05-25T10:53:00","2025-05-28T05:08:00","2025-05-28","C004","TESCO Mock Stores CR a.s.","retail_retezec","99910004","CZ99910004","Ostrava","Moravskoslezsky kraj","70030",49.7854,18.2741,"EDI","gold","P001","PEC-ROH-043","Rohlik tukovy 43 g","bezne_pecivo","klasicky","ks",50,1,"LOT-20250528-S001-878","S001","Pekarna Slunce s.r.o. (mock)","99820001","CZ","WH03","DC Ostrava-Hrabova (mock)","B-BEZNE","OVA-C004-STR",1450,1450,0,0,2190,740,3.24,6.67,12,4384.64,4910.8,2761.2,1623.44,30,"uhrazeno","dodano",false,"","streda",false,false,12.1,0,-15,""
"TX-2025-000403","FV-2025-000403","ORD-2025-000403","2025-05-27T12:16:00","2025-05-28T08:46:00","2025-05-28","C006","Rohlik.cz Mock a.s.","ecommerce","99910006","CZ99910006","Praha","Hlavni mesto Praha","18600",50.1008,14.4749,"API_B2B","platinum","P005","PEC-CHL-750-ZIT","Chleb zitny kvaskovy 750 g","chleb","kvaskovy","ks",10,5,"LOT-20250528-S004-997","S004","Danube Bakery SK s.r.o. (mock)","99820004","SK","WH01","DC Praha-Jinonice (mock)","A-CHLEB","PRG-C006-STR",80,80,0,0,126,46,55.86,23.03,12,3439.64,3852.4,2637.74,801.9,14,"uhrazeno","dodano",true,"Akce pecivo -15 %","streda",false,false,18.1,0,-14,""
"TX-2025-000404","FV-2025-000404","ORD-2025-000404","2025-05-27T10:07:00","2025-05-28T09:26:00","2025-05-28","C011","Fakultni nemocnice Demo (mock)","verejny_sektor","99910011","CZ99910011","Hradec Kralove","Kralovehradecky kraj","50005",50.1956,15.8328,"email","silver","P009","PEC-VEC-360","Veka tukova 360 g","chleb","klasicka","ks",14,3,"LOT-20250528-S001-243","S001","Pekarna Slunce s.r.o. (mock)","99820001","CZ","WH01","DC Praha-Jinonice (mock)","A-CHLEB","PRG-C011-STR",84,84,0,2,156,72,30.76,3.18,12,2501.67,2801.87,1458.7,1042.97,30,"uhrazeno","dodano",false,"","streda",false,false,18.8,0,-3,""
"TX-2025-000405","FV-2025-000405","ORD-2025-000405","2025-05-26T15:10:00","2025-05-29T09:45:00","2025-05-29","C003","KAUFLAND Mock CR v.o.s.","retail_retezec","99910003","CZ99910003","Brno","Jihomoravsky kraj","62700",49.1678,16.6827,"EDI","platinum","P001","PEC-ROH-043","Rohlik tukovy 43 g","bezne_pecivo","klasicky","ks",50,1,"LOT-20250529-S003-642","S003","Slezska pekarna s.r.o. (mock)","99820003","CZ","WH02","DC Brno-Slatina (mock)","B-BEZNE","BRN-C003-CTV",2050,2050,0,0,3230,1180,3.28,23.41,12,5149.91,5767.9,3900.2,1249.71,30,"uhrazeno","dodano",true,"Akce pecivo -15 %","ctvrtek",false,false,20,0,9,"prioritni vykladka"
"TX-2025-000406","FV-2025-000406","ORD-2025-000406","2025-05-27T14:31:00","2025-05-29T09:32:00","2025-05-29","C008","BILLA Mock, spol. s r.o.","retail_retezec","99910008","CZ99910008","Modletice","Stredocesky kraj","25101",49.9708,14.5852,"EDI","gold","P003","PEC-KAI-060","Kaiserka sezamova 60 g","bezne_pecivo","sezam","ks",35,2,"LOT-20250529-S003-715","S003","Slezska pekarna s.r.o. (mock)","99820003","CZ","WH01","DC Praha-Jinonice (mock)","B-BEZNE","PRG-C008-CTV",630,630,0,14,1050,420,8.1,6.58,12,4767.22,5339.29,2918.98,1848.24,30,"uhrazeno","dodano",false,"","ctvrtek",false,false,15.6,0,10,""
"TX-2025-000407","FV-2025-000407","ORD-2025-000407","2025-05-28T08:11:00","2025-05-30T09:10:00","2025-05-30","C001","LIDL Mock CR s.r.o.","retail_retezec","99910001","CZ99910001","Praha","Hlavni mesto Praha","15800",50.0525,14.3254,"EDI","platinum","P001","PEC-ROH-043","Rohlik tukovy 43 g","bezne_pecivo","klasicky","ks",50,1,"LOT-20250530-S001-299","S001","Pekarna Slunce s.r.o. (mock)","99820001","CZ","WH01","DC Praha-Jinonice (mock)","B-BEZNE","PRG-C001-PAT",2950,2950,0,0,6625,3675,3.19,8.01,12,8656.72,9695.53,5401.71,3255.01,30,"uhrazeno","dodano",false,"","patek",false,false,10.3,6.8,-5,""
"TX-2025-000408","FV-2025-000408","ORD-2025-000408","2025-05-28T17:29:00","2025-05-30T09:15:00","2025-05-30","C005","PENNY Mock Market s.r.o.","retail_retezec","99910005","CZ99910005","Radonice","Stredocesky kraj","25073",50.1437,14.6077,"EDI","gold","P003","PEC-KAI-060","Kaiserka sezamova 60 g","bezne_pecivo","sezam","ks",35,2,"LOT-20250530-S001-331","S001","Pekarna Slunce s.r.o. (mock)","99820001","CZ","WH01","DC Praha-Jinonice (mock)","B-BEZNE","PRG-C005-PAT",630,630,0,0,1971,1341,8.09,5.89,12,4796.5,5372.08,2909.54,1886.96,21,"uhrazeno","dodano",false,"","patek",false,false,13.9,4.3,11,""
"TX-2025-000409","FV-2025-000409","ORD-2025-000409","2025-05-29T09:42:00","2025-05-30T10:27:00","2025-05-30","C006","Rohlik.cz Mock a.s.","ecommerce","99910006","CZ99910006","Praha","Hlavni mesto Praha","18600",50.1008,14.4749,"API_B2B","platinum","P010","PEC-SNE-090","Snek skorice 90 g","jemne_pecivo","skoricovy","ks",20,3,"LOT-20250530-S004-943","S004","Danube Bakery SK s.r.o. (mock)","99820004","SK","WH01","DC Praha-Jinonice (mock)","C-JEMNE","PRG-C006-PAT",120,120,0,0,312,192,23.56,8.77,12,2579.25,2888.76,1697.17,882.08,14,"uhrazeno","dodano",false,"","patek",false,false,20,0,-7,"vratne prepravky"
"TX-2025-000410","FV-2025-000410","ORD-2025-000410","2025-05-29T17:20:00","2025-05-30T08:40:00","2025-05-30","C010","Kavarny KafeKruh s.r.o. (mock)","horeca","99910010","CZ99910010","Plzen","Plzensky kraj","30100",49.7384,13.3736,"B2B_eshop","silver","P007","PEC-CRO-065","Croissant maslovy 65 g","jemne_pecivo","maslovy","ks",24,3,"LOT-20250530-S002-796","S002","Moravske pecivo a.s. (mock)","99820002","CZ","WH01","DC Praha-Jinonice (mock)","C-JEMNE","PRG-C010-PAT",48,48,0,0,97,49,19.39,3.51,12,898.05,1005.82,599.4,298.65,14,"uhrazeno","dodano",false,"","patek",false,false,17.4,0,-15,""
"TX-2025-000411","FV-2025-000411","ORD-2025-000411","2025-05-29T12:10:00","2025-05-31T04:09:00","2025-05-31","C001","LIDL Mock CR s.r.o.","retail_retezec","99910001","CZ99910001","Praha","Hlavni mesto Praha","15800",50.0525,14.3254,"EDI","platinum","P007","PEC-CRO-065","Croissant maslovy 65 g","jemne_pecivo","maslovy","ks",24,3,"LOT-20250531-S002-719","S002","Moravske pecivo a.s. (mock)","99820002","CZ","WH01","DC Praha-Jinonice (mock)","C-JEMNE","PRG-C001-SOB",864,864,0,0,1929,1065,19.23,16.92,12,13803.51,15459.93,10614.72,3188.79,30,"uhrazeno","dodano",true,"Vikendova akce","sobota",true,false,14.4,0,5,""
"TX-2025-000412","FV-2025-000412","ORD-2025-000412","2025-05-29T15:17:00","2025-05-31T08:08:00","2025-05-31","C004","TESCO Mock Stores CR a.s.","retail_retezec","99910004","CZ99910004","Ostrava","Moravskoslezsky kraj","70030",49.7854,18.2741,"EDI","gold","P008","PEC-KOB-060","Kobliha s marmeladou 60 g","jemne_pecivo","merunkova","ks",30,2,"LOT-20250531-S001-486","S001","Pekarna Slunce s.r.o. (mock)","99820001","CZ","WH03","DC Ostrava-Hrabova (mock)","C-JEMNE","OVA-C004-SOB",540,540,0,14,1220,680,15.55,5.69,12,7919.21,8869.52,4985.75,2933.46,30,"uhrazeno","dodano",false,"","sobota",true,false,17.1,10.3,-12,""
"TX-2025-000413","FV-2025-000413","ORD-2025-000413","2025-05-30T15:38:00","2025-05-31T09:16:00","2025-05-31","C012","Restaurace U Tri pecnu s.r.o. (mock)","horeca","99910012","CZ99910012","Ceske Budejovice","Jihocesky kraj","37001",48.9745,14.4743,"obchodni_zastupce","standard","P003","PEC-KAI-060","Kaiserka sezamova 60 g","bezne_pecivo","sezam","ks",35,2,"LOT-20250531-S003-601","S003","Slezska pekarna s.r.o. (mock)","99820003","CZ","WH01","DC Praha-Jinonice (mock)","B-BEZNE","PRG-C012-SOB",140,140,0,0,249,109,7.94,2,12,1089.37,1220.09,648.08,441.29,14,"uhrazeno","dodano",false,"","sobota",true,false,14.1,0,-3,"vratne prepravky"
"TX-2025-000414","FV-2025-000414","ORD-2025-000414","2025-05-31T15:49:00","2025-06-02T05:35:00","2025-06-02","C001","LIDL Mock CR s.r.o.","retail_retezec","99910001","CZ99910001","Praha","Hlavni mesto Praha","15800",50.0525,14.3254,"EDI","platinum","P002","PEC-ROH-055-CZ","Rohlik celozrnny 55 g","bezne_pecivo","celozrnny","ks",40,2,"LOT-20250602-S001-161","S001","Pekarna Slunce s.r.o. (mock)","99820001","CZ","WH01","DC Praha-Jinonice (mock)","B-BEZNE","PRG-C001-PON",1880,1670,0,5,3378,1708,6.62,8.51,12,10114.59,11328.34,6109.78,4004.81,30,"uhrazeno","castecne_dodano",false,"","pondeli",false,false,14.9,0,14,""
"TX-2025-000415","FV-2025-000415","ORD-2025-000415","2025-05-31T17:21:00","2025-06-02T07:34:00","2025-06-02","C003","KAUFLAND Mock CR v.o.s.","retail_retezec","99910003","CZ99910003","Brno","Jihomoravsky kraj","62700",49.1678,16.6827,"EDI","platinum","P001","PEC-ROH-043","Rohlik tukovy 43 g","bezne_pecivo","klasicky","ks",50,1,"LOT-20250602-S003-768","S003","Slezska pekarna s.r.o. (mock)","99820003","CZ","WH02","DC Brno-Slatina (mock)","B-BEZNE","BRN-C003-PON",2100,2100,2,45,3324,1226,3.21,24.18,12,5106.16,5718.9,3855.93,1250.23,30,"po_splatnosti","dodano",true,"Akce pecivo -15 %","pondeli",false,false,19.4,0,10,"kontrola mnozstvi pri prevzeti"
"TX-2025-000416","FV-2025-000416","ORD-2025-000416","2025-05-31T10:44:00","2025-06-02T08:07:00","2025-06-02","C006","Rohlik.cz Mock a.s.","ecommerce","99910006","CZ99910006","Praha","Hlavni mesto Praha","18600",50.1008,14.4749,"API_B2B","platinum","P009","PEC-VEC-360","Veka tukova 360 g","chleb","klasicka","ks",14,3,"LOT-20250602-S002-635","S002","Moravske pecivo a.s. (mock)","99820002","CZ","WH01","DC Praha-Jinonice (mock)","A-CHLEB","PRG-C006-PON",84,84,0,0,205,121,30.02,8.54,12,2306.33,2583.09,1440.07,866.26,14,"uhrazeno","dodano",false,"","pondeli",false,false,14.2,0,-15,"kontrola mnozstvi pri prevzeti"
"TX-2025-000417","FV-2025-000417","ORD-2025-000417","2025-05-31T13:36:00","2025-06-02T06:10:00","2025-06-02","C007","MAKRO Mock Cash & Carry CR s.r.o.","velkoobchod","99910007","CZ99910007","Praha","Hlavni mesto Praha","25242",49.9971,14.4291,"EDI","gold","P001","PEC-ROH-043","Rohlik tukovy 43 g","bezne_pecivo","klasicky","ks",50,1,"LOT-20250602-S002-519","S002","Moravske pecivo a.s. (mock)","99820002","CZ","WH01","DC Praha-Jinonice (mock)","B-BEZNE","PRG-C007-PON",1050,1050,0,3,1769,719,3.2,5.94,12,3160.42,3539.67,1896.41,1264.01,21,"uhrazeno","dodano",false,"","pondeli",false,false,21.9,0,-4,"vratne prepravky"
"TX-2025-000418","FV-2025-000418","ORD-2025-000418","2025-06-01T11:19:00","2025-06-03T08:35:00","2025-06-03","C002","ALBERT Mock Retail s.r.o.","retail_retezec","99910002","CZ99910002","Praha","Hlavni mesto Praha","10000",50.0724,14.4907,"EDI","platinum","P003","PEC-KAI-060","Kaiserka sezamova 60 g","bezne_pecivo","sezam","ks",35,2,"LOT-20250603-S001-400","S001","Pekarna Slunce s.r.o. (mock)","99820001","CZ","WH01","DC Praha-Jinonice (mock)","B-BEZNE","PRG-C002-UTE",1680,1680,0,38,2340,660,8.02,23.85,12,10260.15,11491.37,7625.05,2635.1,30,"uhrazeno","dodano",true,"Akce pecivo -15 %","utery",false,false,14,0.5,-10,""
"TX-2025-000419","FV-2025-000419","ORD-2025-000419","2025-05-31T11:54:00","2025-06-03T09:43:00","2025-06-03","C009","Skolni jidelna Javor (mock)","verejny_sektor","99910009","CZ99910009","Olomouc","Olomoucky kraj","77900",49.5938,17.2509,"email","standard","P012","PEC-DAL-070","Dalamanek grahamovy 70 g","bezne_pecivo","grahamovy","ks",32,2,"LOT-20250603-S003-514","S003","Slezska pekarna s.r.o. (mock)","99820003","CZ","WH02","DC Brno-Slatina (mock)","B-BEZNE","BRN-C009-UTE",160,160,0,0,262,102,10.21,2.64,12,1590.47,1781.33,880.86,709.61,14,"uhrazeno","dodano",false,"","utery",false,false,17.5,1.3,-15,""
"TX-2025-000420","FV-2025-000420","ORD-2025-000420","2025-06-02T15:32:00","2025-06-04T08:27:00","2025-06-04","C001","LIDL Mock CR s.r.o.","retail_retezec","99910001","CZ99910001","Praha","Hlavni mesto Praha","15800",50.0525,14.3254,"EDI","platinum","P006","PEC-BAG-110","Bageta bila 110 g","bezne_pecivo","bila","ks",25,2,"LOT-20250604-S001-830","S001","Pekarna Slunce s.r.o. (mock)","99820001","CZ","WH01","DC Praha-Jinonice (mock)","B-BEZNE","PRG-C001-STR",950,950,0,17,1454,504,13.01,8.53,12,11305.23,12661.86,6961.21,4344.02,30,"uhrazeno","dodano",false,"","streda",false,false,19,0,-1,""
"TX-2025-000421","FV-2025-000421","ORD-2025-000421","2025-06-01T14:58:00","2025-06-04T08:20:00","2025-06-04","C004","TESCO Mock Stores CR a.s.","retail_retezec","99910004","CZ99910004","Ostrava","Moravskoslezsky kraj","70030",49.7854,18.2741,"EDI","gold","P008","PEC-KOB-060","Kobliha s marmeladou 60 g","jemne_pecivo","merunkova","ks",30,2,"LOT-20250604-S003-961","S003","Slezska pekarna s.r.o. (mock)","99820003","CZ","WH03","DC Ostrava-Hrabova (mock)","C-JEMNE","OVA-C004-STR",510,454,9,10,1375,930,15.86,5.69,12,6656.12,7454.85,4033.76,2622.36,30,"uhrazeno","castecne_dodano",false,"","streda",false,false,14.4,0.7,-15,""
"TX-2025-000422","FV-2025-000422","ORD-2025-000422","2025-06-03T08:32:00","2025-06-04T09:15:00","2025-06-04","C006","Rohlik.cz Mock a.s.","ecommerce","99910006","CZ99910006","Praha","Hlavni mesto Praha","18600",50.1008,14.4749,"API_B2B","platinum","P010","PEC-SNE-090","Snek skorice 90 g","jemne_pecivo","skoricovy","ks",20,3,"LOT-20250604-S002-642","S002","Moravske pecivo a.s. (mock)","99820002","CZ","WH01","DC Praha-Jinonice (mock)","C-JEMNE","PRG-C006-STR",140,140,0,4,314,174,23.15,9.04,12,2948.01,3301.77,1957.25,990.76,14,"uhrazeno","dodano",false,"","streda",false,false,13.7,0,-15,"vratne prepravky"
"TX-2025-000423","FV-2025-000423","ORD-2025-000423","2025-06-02T08:41:00","2025-06-04T06:34:00","2025-06-04","C011","Fakultni nemocnice Demo (mock)","verejny_sektor","99910011","CZ99910011","Hradec Kralove","Kralovehradecky kraj","50005",50.1956,15.8328,"email","silver","P001","PEC-ROH-043","Rohlik tukovy 43 g","bezne_pecivo","klasicky","ks",50,1,"LOT-20250604-S001-130","S001","Pekarna Slunce s.r.o. (mock)","99820001","CZ","WH01","DC Praha-Jinonice (mock)","B-BEZNE","PRG-C011-STR",400,400,0,0,875,475,3.23,3.72,12,1243.94,1393.21,747.83,496.11,30,"uhrazeno","dodano",false,"","streda",false,false,13.4,0,-5,""
"TX-2025-000424","FV-2025-000424","ORD-2025-000424","2025-06-03T17:07:00","2025-06-05T07:56:00","2025-06-05","C002","ALBERT Mock Retail s.r.o.","retail_retezec","99910002","CZ99910002","Praha","Hlavni mesto Praha","10000",50.0724,14.4907,"EDI","platinum","P002","PEC-ROH-055-CZ","Rohlik celozrnny 55 g","bezne_pecivo","celozrnny","ks",40,2,"LOT-20250605-S002-865","S002","Moravske pecivo a.s. (mock)","99820002","CZ","WH01","DC Praha-Jinonice (mock)","B-BEZNE","PRG-C002-CTV",1280,1280,0,31,2532,1252,6.54,8.08,12,7694.81,8618.19,4810.64,2884.17,30,"uhrazeno","dodano",false,"","ctvrtek",false,false,21.2,0,-5,""
"TX-2025-000425","FV-2025-000425","ORD-2025-000425","2025-06-03T08:41:00","2025-06-05T09:15:00","2025-06-05","C003","KAUFLAND Mock CR v.o.s.","retail_retezec","99910003","CZ99910003","Brno","Jihomoravsky kraj","62700",49.1678,16.6827,"EDI","platinum","P002","PEC-ROH-055-CZ","Rohlik celozrnny 55 g","bezne_pecivo","celozrnny","ks",40,2,"LOT-20250605-S002-517","S002","Moravske pecivo a.s. (mock)","99820002","CZ","WH02","DC Brno-Slatina (mock)","B-BEZNE","BRN-C003-CTV",1040,1040,0,0,2383,1343,6.66,8.71,12,6323.11,7081.88,3987.08,2336.03,30,"uhrazeno","dodano",false,"","ctvrtek",false,false,21.5,0,-15,""
"TX-2025-000426","FV-2025-000426","ORD-2025-000426","2025-06-02T12:05:00","2025-06-05T07:57:00","2025-06-05","C008","BILLA Mock, spol. s r.o.","retail_retezec","99910008","CZ99910008","Modletice","Stredocesky kraj","25101",49.9708,14.5852,"EDI","gold","P003","PEC-KAI-060","Kaiserka sezamova 60 g","bezne_pecivo","sezam","ks",35,2,"LOT-20250605-S001-267","S001","Pekarna Slunce s.r.o. (mock)","99820001","CZ","WH01","DC Praha-Jinonice (mock)","B-BEZNE","PRG-C008-CTV",490,490,6,5,1410,926,7.89,5.76,12,3598.8,4030.66,2230.35,1368.45,30,"uhrazeno","dodano",false,"","ctvrtek",false,false,20.4,6.4,-11,""
"TX-2025-000427","FV-2025-000427","ORD-2025-000427","2025-06-04T10:13:00","2025-06-06T06:05:00","2025-06-06","C001","LIDL Mock CR s.r.o.","retail_retezec","99910001","CZ99910001","Praha","Hlavni mesto Praha","15800",50.0525,14.3254,"EDI","platinum","P001","PEC-ROH-043","Rohlik tukovy 43 g","bezne_pecivo","klasicky","ks",50,1,"LOT-20250606-S001-938","S001","Pekarna Slunce s.r.o. (mock)","99820001","CZ","WH01","DC Praha-Jinonice (mock)","B-BEZNE","PRG-C001-PAT",3050,3050,0,0,5940,2890,3.23,8.4,12,9023.97,10106.85,5777.53,3246.44,30,"uhrazeno","dodano",false,"","patek",false,false,13.2,0,11,""
"TX-2025-000428","FV-2025-000428","ORD-2025-000428","2025-06-03T14:49:00","2025-06-06T09:15:00","2025-06-06","C005","PENNY Mock Market s.r.o.","retail_retezec","99910005","CZ99910005","Radonice","Stredocesky kraj","25073",50.1437,14.6077,"EDI","gold","P008","PEC-KOB-060","Kobliha s marmeladou 60 g","jemne_pecivo","merunkova","ks",30,2,"LOT-20250606-S003-970","S003","Slezska pekarna s.r.o. (mock)","99820003","CZ","WH01","DC Praha-Jinonice (mock)","C-JEMNE","PRG-C005-PAT",690,690,10,1,1465,785,15.91,14.48,12,9252.24,10362.51,6162.96,3089.28,21,"uhrazeno","dodano",true,"Vikendova akce","patek",false,false,24.1,13.2,25,""
"TX-2025-000429","FV-2025-000429","ORD-2025-000429","2025-06-03T16:30:00","2025-06-06T09:51:00","2025-06-06","C006","Rohlik.cz Mock a.s.","ecommerce","99910006","CZ99910006","Praha","Hlavni mesto Praha","18600",50.1008,14.4749,"API_B2B","platinum","P005","PEC-CHL-750-ZIT","Chleb zitny kvaskovy 750 g","chleb","kvaskovy","ks",10,5,"LOT-20250606-S004-200","S004","Danube Bakery SK s.r.o. (mock)","99820004","SK","WH01","DC Praha-Jinonice (mock)","A-CHLEB","PRG-C006-PAT",60,60,0,0,155,95,54.91,8.1,12,3027.74,3391.07,1981.39,1046.35,14,"uhrazeno","dodano",false,"","patek",false,false,21.4,0,-1,"prioritni vykladka"
"TX-2025-000430","FV-2025-000430","ORD-2025-000430","2025-06-05T13:59:00","2025-06-07T04:43:00","2025-06-07","C004","TESCO Mock Stores CR a.s.","retail_retezec","99910004","CZ99910004","Ostrava","Moravskoslezsky kraj","70030",49.7854,18.2741,"EDI","gold","P011","PEC-HOU-060","Houska psenicna 60 g","bezne_pecivo","klasicka","ks",40,2,"LOT-20250607-S001-310","S001","Pekarna Slunce s.r.o. (mock)","99820001","CZ","WH03","DC Ostrava-Hrabova (mock)","B-BEZNE","OVA-C004-SOB",1240,1240,0,0,2117,877,5.53,5.98,12,6447.14,7220.8,3896.41,2550.73,30,"uhrazeno","dodano",false,"","sobota",true,false,16.2,1,3,""
"TX-2025-000431","FV-2025-000431","ORD-2025-000431","2025-06-04T09:31:00","2025-06-07T09:06:00","2025-06-07","C012","Restaurace U Tri pecnu s.r.o. (mock)","horeca","99910012","CZ99910012","Ceske Budejovice","Jihocesky kraj","37001",48.9745,14.4743,"obchodni_zastupce","standard","P006","PEC-BAG-110","Bageta bila 110 g","bezne_pecivo","bila","ks",25,2,"LOT-20250607-S001-486","S001","Pekarna Slunce s.r.o. (mock)","99820001","CZ","WH01","DC Praha-Jinonice (mock)","B-BEZNE","PRG-C012-SOB",100,100,0,0,242,142,13.09,2.15,12,1280.86,1434.56,703.45,577.41,14,"uhrazeno","dodano",false,"","sobota",true,false,14.2,0,13,""
"TX-2025-000432","FV-2025-000432","ORD-2025-000432","2025-06-07T10:34:00","2025-06-09T04:38:00","2025-06-09","C001","LIDL Mock CR s.r.o.","retail_retezec","99910001","CZ99910001","Praha","Hlavni mesto Praha","15800",50.0525,14.3254,"EDI","platinum","P001","PEC-ROH-043","Rohlik tukovy 43 g","bezne_pecivo","klasicky","ks",50,1,"LOT-20250609-S002-265","S002","Moravske pecivo a.s. (mock)","99820002","CZ","WH01","DC Praha-Jinonice (mock)","B-BEZNE","PRG-C001-PON",3050,3050,0,10,4129,1079,3.2,8.28,12,8951.87,10026.09,5645.47,3306.4,30,"uhrazeno","dodano",false,"","pondeli",false,false,21.9,0,-9,""
"TX-2025-000433","FV-2025-000433","ORD-2025-000433","2025-06-07T09:57:00","2025-06-09T06:25:00","2025-06-09","C003","KAUFLAND Mock CR v.o.s.","retail_retezec","99910003","CZ99910003","Brno","Jihomoravsky kraj","62700",49.1678,16.6827,"EDI","platinum","P004","PEC-CHL-500","Chleb konzumentni 500 g","chleb","psenicno-zitny","ks",12,4,"LOT-20250609-S003-685","S003","Slezska pekarna s.r.o. (mock)","99820003","CZ","WH02","DC Brno-Slatina (mock)","A-CHLEB","BRN-C003-PON",336,336,4,0,910,578,31.65,23.28,12,8061.58,9028.97,6295.72,1765.86,30,"uhrazeno","dodano",true,"Akce pecivo -15 %","pondeli",false,false,23,0,-15,""
"TX-2025-000434","FV-2025-000434","ORD-2025-000434","2025-06-07T10:47:00","2025-06-09T10:56:00","2025-06-09","C006","Rohlik.cz Mock a.s.","ecommerce","99910006","CZ99910006","Praha","Hlavni mesto Praha","18600",50.1008,14.4749,"API_B2B","platinum","P005","PEC-CHL-750-ZIT","Chleb zitny kvaskovy 750 g","chleb","kvaskovy","ks",10,5,"LOT-20250609-S004-942","S004","Danube Bakery SK s.r.o. (mock)","99820004","SK","WH01","DC Praha-Jinonice (mock)","A-CHLEB","PRG-C006-PON",50,50,0,0,126,76,56.24,9.11,12,2555.83,2862.53,1694.39,861.44,14,"uhrazeno","dodano",false,"","pondeli",false,false,16.1,0,-14,""
"TX-2025-000435","FV-2025-000435","ORD-2025-000435","2025-06-06T12:38:00","2025-06-09T07:23:00","2025-06-09","C007","MAKRO Mock Cash & Carry CR s.r.o.","velkoobchod","99910007","CZ99910007","Praha","Hlavni mesto Praha","25242",49.9971,14.4291,"EDI","gold","P011","PEC-HOU-060","Houska psenicna 60 g","bezne_pecivo","klasicka","ks",40,2,"LOT-20250609-S001-306","S001","Pekarna Slunce s.r.o. (mock)","99820001","CZ","WH01","DC Praha-Jinonice (mock)","B-BEZNE","PRG-C007-PON",920,920,0,22,1337,417,5.47,6.59,12,4700.76,5264.85,2870.13,1830.63,21,"uhrazeno","dodano",false,"","pondeli",false,false,23,6,10,""
"TX-2025-000436","FV-2025-000436","ORD-2025-000436","2025-06-08T10:08:00","2025-06-10T07:25:00","2025-06-10","C002","ALBERT Mock Retail s.r.o.","retail_retezec","99910002","CZ99910002","Praha","Hlavni mesto Praha","10000",50.0724,14.4907,"EDI","platinum","P001","PEC-ROH-043","Rohlik tukovy 43 g","bezne_pecivo","klasicky","ks",50,1,"LOT-20250610-S002-977","S002","Moravske pecivo a.s. (mock)","99820002","CZ","WH01","DC Praha-Jinonice (mock)","B-BEZNE","PRG-C002-UTE",1900,1900,0,0,3183,1283,3.28,8.04,12,5730.95,6418.66,3538.62,2192.33,30,"uhrazeno","dodano",false,"","utery",false,false,14.1,3.1,14,""
"TX-2025-000437","FV-2025-000437","ORD-2025-000437","2025-06-08T14:37:00","2025-06-10T06:25:00","2025-06-10","C005","PENNY Mock Market s.r.o.","retail_retezec","99910005","CZ99910005","Radonice","Stredocesky kraj","25073",50.1437,14.6077,"EDI","gold","P008","PEC-KOB-060","Kobliha s marmeladou 60 g","jemne_pecivo","merunkova","ks",30,2,"LOT-20250610-S003-370","S003","Slezska pekarna s.r.o. (mock)","99820003","CZ","WH01","DC Praha-Jinonice (mock)","C-JEMNE","PRG-C005-UTE",510,510,8,0,1322,820,15.53,5.87,12,7338.43,8219.04,4419.32,2919.11,21,"uhrazeno","dodano",false,"","utery",false,false,20.2,0,-10,"vratne prepravky"
"TX-2025-000438","FV-2025-000438","ORD-2025-000438","2025-06-08T15:14:00","2025-06-10T08:57:00","2025-06-10","C009","Skolni jidelna Javor (mock)","verejny_sektor","99910009","CZ99910009","Olomouc","Olomoucky kraj","77900",49.5938,17.2509,"email","standard","P004","PEC-CHL-500","Chleb konzumentni 500 g","chleb","psenicno-zitny","ks",12,4,"LOT-20250610-S002-666","S002","Moravske pecivo a.s. (mock)","99820002","CZ","WH02","DC Brno-Slatina (mock)","A-CHLEB","BRN-C009-UTE",72,72,2,1,132,62,31.96,2.4,12,2183.51,2445.53,1323.94,859.57,14,"uhrazeno","dodano",false,"","utery",false,false,16.9,4.9,-15,""
"TX-2025-000439","FV-2025-000439","ORD-2025-000439","2025-06-08T14:42:00","2025-06-11T08:29:00","2025-06-11","C001","LIDL Mock CR s.r.o.","retail_retezec","99910001","CZ99910001","Praha","Hlavni mesto Praha","15800",50.0525,14.3254,"EDI","platinum","P006","PEC-BAG-110","Bageta bila 110 g","bezne_pecivo","bila","ks",25,2,"LOT-20250611-S001-460","S001","Pekarna Slunce s.r.o. (mock)","99820001","CZ","WH01","DC Praha-Jinonice (mock)","B-BEZNE","PRG-C001-STR",950,950,23,0,1973,1046,12.85,8.07,12,10950.66,12264.74,6512.72,4437.94,30,"uhrazeno","dodano",false,"","streda",false,false,17.8,0,1,""
"TX-2025-000440","FV-2025-000440","ORD-2025-000440","2025-06-09T09:30:00","2025-06-11T06:51:00","2025-06-11","C004","TESCO Mock Stores CR a.s.","retail_retezec","99910004","CZ99910004","Ostrava","Moravskoslezsky kraj","70030",49.7854,18.2741,"EDI","gold","P004","PEC-CHL-500","Chleb konzumentni 500 g","chleb","psenicno-zitny","ks",12,4,"LOT-20250611-S003-481","S003","Slezska pekarna s.r.o. (mock)","99820003","CZ","WH03","DC Ostrava-Hrabova (mock)","A-CHLEB","OVA-C004-STR",252,252,0,1,537,285,31.75,5.81,12,7536.14,8440.48,4996.18,2539.96,30,"uhrazeno","dodano",false,"","streda",false,false,23,0,14,""
"TX-2025-000441","FV-2025-000441","ORD-2025-000441","2025-06-10T17:29:00","2025-06-11T09:28:00","2025-06-11","C006","Rohlik.cz Mock a.s.","ecommerce","99910006","CZ99910006","Praha","Hlavni mesto Praha","18600",50.1008,14.4749,"API_B2B","platinum","P007","PEC-CRO-065","Croissant maslovy 65 g","jemne_pecivo","maslovy","ks",24,3,"LOT-20250611-S002-470","S002","Moravske pecivo a.s. (mock)","99820002","CZ","WH01","DC Praha-Jinonice (mock)","C-JEMNE","PRG-C006-STR",192,192,0,0,402,210,19.1,8.33,12,3361.72,3765.13,2369.71,992.01,14,"po_splatnosti","dodano",false,"","streda",false,false,24,0,-15,""
"TX-2025-000442","FV-2025-000442","ORD-2025-000442","2025-06-10T16:37:00","2025-06-11T06:20:00","2025-06-11","C011","Fakultni nemocnice Demo (mock)","verejny_sektor","99910011","CZ99910011","Hradec Kralove","Kralovehradecky kraj","50005",50.1956,15.8328,"email","silver","P011","PEC-HOU-060","Houska psenicna 60 g","bezne_pecivo","klasicka","ks",40,2,"LOT-20250611-S002-301","S002","Moravske pecivo a.s. (mock)","99820002","CZ","WH01","DC Praha-Jinonice (mock)","B-BEZNE","PRG-C011-STR",400,400,0,0,729,329,5.53,4.16,12,2119.98,2374.38,1220.17,899.81,30,"uhrazeno","dodano",false,"","streda",false,false,17,0,12,""
"TX-2025-000443","FV-2025-000443","ORD-2025-000443","2025-06-09T08:59:00","2025-06-12T10:05:00","2025-06-12","C003","KAUFLAND Mock CR v.o.s.","retail_retezec","99910003","CZ99910003","Brno","Jihomoravsky kraj","62700",49.1678,16.6827,"EDI","platinum","P004","PEC-CHL-500","Chleb konzumentni 500 g","chleb","psenicno-zitny","ks",12,4,"LOT-20250612-S002-176","S002","Moravske pecivo a.s. (mock)","99820002","CZ","WH02","DC Brno-Slatina (mock)","A-CHLEB","BRN-C003-CTV",336,336,3,4,817,484,32.6,9.18,12,9859.24,11042.35,6697.64,3161.6,30,"uhrazeno","dodano",false,"","ctvrtek",false,false,23.9,0,8,""
"TX-2025-000444","FV-2025-000444","ORD-2025-000444","2025-06-10T08:19:00","2025-06-12T05:07:00","2025-06-12","C008","BILLA Mock, spol. s r.o.","retail_retezec","99910008","CZ99910008","Modletice","Stredocesky kraj","25101",49.9708,14.5852,"EDI","gold","P001","PEC-ROH-043","Rohlik tukovy 43 g","bezne_pecivo","klasicky","ks",50,1,"LOT-20250612-S001-665","S001","Pekarna Slunce s.r.o. (mock)","99820001","CZ","WH01","DC Praha-Jinonice (mock)","B-BEZNE","PRG-C008-CTV",1150,1150,0,0,2840,1690,3.24,6.15,12,3496.85,3916.47,2205.15,1291.7,30,"uhrazeno","dodano",false,"","ctvrtek",false,false,21.8,0.9,15,"vratne prepravky"
"TX-2025-000445","FV-2025-000445","ORD-2025-000445","2025-06-10T15:20:00","2025-06-13T08:05:00","2025-06-13","C001","LIDL Mock CR s.r.o.","retail_retezec","99910001","CZ99910001","Praha","Hlavni mesto Praha","15800",50.0525,14.3254,"EDI","platinum","P007","PEC-CRO-065","Croissant maslovy 65 g","jemne_pecivo","maslovy","ks",24,3,"LOT-20250613-S002-139","S002","Moravske pecivo a.s. (mock)","99820002","CZ","WH01","DC Praha-Jinonice (mock)","C-JEMNE","PRG-C001-PAT",840,840,0,22,1134,294,19.23,8.48,12,14783.41,16557.42,9977.12,4806.29,30,"uhrazeno","dodano",false,"","patek",false,false,17.4,0,13,"vratne prepravky"
"TX-2025-000446","FV-2025-000446","ORD-2025-000446","2025-06-10T12:31:00","2025-06-13T09:41:00","2025-06-13","C005","PENNY Mock Market s.r.o.","retail_retezec","99910005","CZ99910005","Radonice","Stredocesky kraj","25073",50.1437,14.6077,"EDI","gold","P003","PEC-KAI-060","Kaiserka sezamova 60 g","bezne_pecivo","sezam","ks",35,2,"LOT-20250613-S003-394","S003","Slezska pekarna s.r.o. (mock)","99820003","CZ","WH01","DC Praha-Jinonice (mock)","B-BEZNE","PRG-C005-PAT",630,630,0,0,1620,990,8.13,6.26,12,4801.27,5377.42,2935.49,1865.78,21,"uhrazeno","dodano",false,"","patek",false,false,16.2,0,-15,""
"TX-2025-000447","FV-2025-000447","ORD-2025-000447","2025-06-11T13:38:00","2025-06-13T09:01:00","2025-06-13","C010","Kavarny KafeKruh s.r.o. (mock)","horeca","99910010","CZ99910010","Plzen","Plzensky kraj","30100",49.7384,13.3736,"B2B_eshop","silver","P007","PEC-CRO-065","Croissant maslovy 65 g","jemne_pecivo","maslovy","ks",24,3,"LOT-20250613-S004-162","S004","Danube Bakery SK s.r.o. (mock)","99820004","SK","WH01","DC Praha-Jinonice (mock)","C-JEMNE","PRG-C010-PAT",48,48,0,0,76,28,18.78,3.56,12,869.35,973.67,570.18,299.17,14,"uhrazeno","dodano",false,"","patek",false,false,13.9,0,-6,""
"TX-2025-000448","FV-2025-000448","ORD-2025-000448","2025-06-12T12:34:00","2025-06-14T10:36:00","2025-06-14","C001","LIDL Mock CR s.r.o.","retail_retezec","99910001","CZ99910001","Praha","Hlavni mesto Praha","15800",50.0525,14.3254,"EDI","platinum","P002","PEC-ROH-055-CZ","Rohlik celozrnny 55 g","bezne_pecivo","celozrnny","ks",40,2,"LOT-20250614-S001-298","S001","Pekarna Slunce s.r.o. (mock)","99820001","CZ","WH01","DC Praha-Jinonice (mock)","B-BEZNE","PRG-C001-SOB",1400,1400,0,23,2453,1053,6.54,8.26,12,8399.71,9407.68,5252,3147.71,30,"uhrazeno","dodano",false,"","sobota",true,false,21.5,0,-3,""
"TX-2025-000449","FV-2025-000449","ORD-2025-000449","2025-06-11T15:16:00","2025-06-14T06:34:00","2025-06-14","C004","TESCO Mock Stores CR a.s.","retail_retezec","99910004","CZ99910004","Ostrava","Moravskoslezsky kraj","70030",49.7854,18.2741,"EDI","gold","P005","PEC-CHL-750-ZIT","Chleb zitny kvaskovy 750 g","chleb","kvaskovy","ks",10,5,"LOT-20250614-S004-589","S004","Danube Bakery SK s.r.o. (mock)","99820004","SK","WH03","DC Ostrava-Hrabova (mock)","A-CHLEB","OVA-C004-SOB",170,170,0,0,301,131,55.25,5.97,12,8831.77,9891.58,5592.04,3239.73,30,"uhrazeno","dodano",false,"","sobota",true,false,16.4,0,-1,""
"TX-2025-000450","FV-2025-000450","ORD-2025-000450","2025-06-13T15:42:00","2025-06-14T07:30:00","2025-06-14","C012","Restaurace U Tri pecnu s.r.o. (mock)","horeca","99910012","CZ99910012","Ceske Budejovice","Jihocesky kraj","37001",48.9745,14.4743,"obchodni_zastupce","standard","P006","PEC-BAG-110","Bageta bila 110 g","bezne_pecivo","bila","ks",25,2,"LOT-20250614-S003-299","S003","Slezska pekarna s.r.o. (mock)","99820003","CZ","WH01","DC Praha-Jinonice (mock)","B-BEZNE","PRG-C012-SOB",100,100,0,1,147,47,13.1,2.5,12,1277.25,1430.52,705.83,571.42,14,"uhrazeno","dodano",false,"","sobota",true,false,16.1,0,6,""
"TX-2025-000451","FV-2025-000451","ORD-2025-000451","2025-06-13T15:23:00","2025-06-16T07:56:00","2025-06-16","C001","LIDL Mock CR s.r.o.","retail_retezec","99910001","CZ99910001","Praha","Hlavni mesto Praha","15800",50.0525,14.3254,"EDI","platinum","P004","PEC-CHL-500","Chleb konzumentni 500 g","chleb","psenicno-zitny","ks",12,4,"LOT-20250616-S002-539","S002","Moravske pecivo a.s. (mock)","99820002","CZ","WH01","DC Praha-Jinonice (mock)","A-CHLEB","PRG-C001-PON",444,444,0,0,643,199,31.87,9.08,12,12865.43,14409.28,8749.33,4116.1,30,"uhrazeno","dodano",false,"","pondeli",false,false,20.2,3.2,-3,""
"TX-2025-000452","FV-2025-000452","ORD-2025-000452","2025-06-14T08:24:00","2025-06-16T08:11:00","2025-06-16","C003","KAUFLAND Mock CR v.o.s.","retail_retezec","99910003","CZ99910003","Brno","Jihomoravsky kraj","62700",49.1678,16.6827,"EDI","platinum","P007","PEC-CRO-065","Croissant maslovy 65 g","jemne_pecivo","maslovy","ks",24,3,"LOT-20250616-S002-211","S002","Moravske pecivo a.s. (mock)","99820002","CZ","WH02","DC Brno-Slatina (mock)","C-JEMNE","BRN-C003-PON",528,528,1,0,1292,765,18.9,8.4,12,9123.63,10218.47,6245.23,2878.4,30,"uhrazeno","dodano",false,"","pondeli",false,false,17.7,0,-1,""
"TX-2025-000453","FV-2025-000453","ORD-2025-000453","2025-06-14T14:25:00","2025-06-16T08:42:00","2025-06-16","C006","Rohlik.cz Mock a.s.","ecommerce","99910006","CZ99910006","Praha","Hlavni mesto Praha","18600",50.1008,14.4749,"API_B2B","platinum","P005","PEC-CHL-750-ZIT","Chleb zitny kvaskovy 750 g","chleb","kvaskovy","ks",10,5,"LOT-20250616-S002-293","S002","Moravske pecivo a.s. (mock)","99820002","CZ","WH01","DC Praha-Jinonice (mock)","A-CHLEB","PRG-C006-PON",60,60,0,1,94,34,55.24,8.08,12,3046.6,3412.19,1919.48,1127.12,14,"uhrazeno","dodano",false,"","pondeli",false,false,16.1,0,-1,""
"TX-2025-000454","FV-2025-000454","ORD-2025-000454","2025-06-15T11:15:00","2025-06-17T08:31:00","2025-06-17","C002","ALBERT Mock Retail s.r.o.","retail_retezec","99910002","CZ99910002","Praha","Hlavni mesto Praha","10000",50.0724,14.4907,"EDI","platinum","P007","PEC-CRO-065","Croissant maslovy 65 g","jemne_pecivo","maslovy","ks",24,3,"LOT-20250617-S004-302","S004","Danube Bakery SK s.r.o. (mock)","99820004","SK","WH01","DC Praha-Jinonice (mock)","C-JEMNE","PRG-C002-UTE",672,672,0,16,1623,951,19.2,8.74,12,11774.73,13187.7,8153.08,3621.65,30,"uhrazeno","dodano",false,"","utery",false,false,22.1,1.1,10,""
"TX-2025-000455","FV-2025-000455","ORD-2025-000455","2025-06-14T15:51:00","2025-06-17T10:29:00","2025-06-17","C005","PENNY Mock Market s.r.o.","retail_retezec","99910005","CZ99910005","Radonice","Stredocesky kraj","25073",50.1437,14.6077,"EDI","gold","P003","PEC-KAI-060","Kaiserka sezamova 60 g","bezne_pecivo","sezam","ks",35,2,"LOT-20250617-S003-910","S003","Slezska pekarna s.r.o. (mock)","99820003","CZ","WH01","DC Praha-Jinonice (mock)","B-BEZNE","PRG-C005-UTE",665,665,0,0,987,322,7.95,6.66,12,4934.65,5526.81,3082.64,1852.01,21,"uhrazeno","dodano",false,"","utery",false,false,19.9,0,13,"prioritni vykladka"
"TX-2025-000456","FV-2025-000456","ORD-2025-000456","2025-06-16T15:52:00","2025-06-17T09:49:00","2025-06-17","C009","Skolni jidelna Javor (mock)","verejny_sektor","99910009","CZ99910009","Olomouc","Olomoucky kraj","77900",49.5938,17.2509,"email","standard","P004","PEC-CHL-500","Chleb konzumentni 500 g","chleb","psenicno-zitny","ks",12,4,"LOT-20250617-S001-350","S001","Pekarna Slunce s.r.o. (mock)","99820001","CZ","WH02","DC Brno-Slatina (mock)","A-CHLEB","BRN-C009-UTE",72,72,0,2,166,94,32.09,1.66,12,2272.13,2544.79,1392.7,879.43,14,"uhrazeno","dodano",false,"","utery",false,false,21,19,41,""
"TX-2025-000457","FV-2025-000457","ORD-2025-000457","2025-06-16T16:26:00","2025-06-18T07:01:00","2025-06-18","C001","LIDL Mock CR s.r.o.","retail_retezec","99910001","CZ99910001","Praha","Hlavni mesto Praha","15800",50.0525,14.3254,"EDI","platinum","P001","PEC-ROH-043","Rohlik tukovy 43 g","bezne_pecivo","klasicky","ks",50,1,"LOT-20250618-S003-652","S003","Slezska pekarna s.r.o. (mock)","99820003","CZ","WH01","DC Praha-Jinonice (mock)","B-BEZNE","PRG-C001-STR",2750,2750,0,19,6920,4170,3.28,23.28,12,6920.14,7750.56,5301.86,1618.28,30,"uhrazeno","dodano",true,"Akce pecivo -15 %","streda",false,false,16.2,0,-15,"kontrola mnozstvi pri prevzeti"
"TX-2025-000458","FV-2025-000458","ORD-2025-000458","2025-06-16T12:02:00","2025-06-18T07:27:00","2025-06-18","C004","TESCO Mock Stores CR a.s.","retail_retezec","99910004","CZ99910004","Ostrava","Moravskoslezsky kraj","70030",49.7854,18.2741,"EDI","gold","P004","PEC-CHL-500","Chleb konzumentni 500 g","chleb","psenicno-zitny","ks",12,4,"LOT-20250618-S003-861","S003","Slezska pekarna s.r.o. (mock)","99820003","CZ","WH03","DC Ostrava-Hrabova (mock)","A-CHLEB","OVA-C004-STR",408,408,7,0,818,417,31.88,14.64,12,10912.32,12221.8,7994.92,2917.4,30,"uhrazeno","dodano",true,"Vikendova akce","streda",false,false,18.4,1.2,-11,""
"TX-2025-000459","FV-2025-000459","ORD-2025-000459","2025-06-15T11:00:00","2025-06-18T04:28:00","2025-06-18","C006","Rohlik.cz Mock a.s.","ecommerce","99910006","CZ99910006","Praha","Hlavni mesto Praha","18600",50.1008,14.4749,"API_B2B","platinum","P011","PEC-HOU-060","Houska psenicna 60 g","bezne_pecivo","klasicka","ks",40,2,"LOT-20250618-S002-493","S002","Moravske pecivo a.s. (mock)","99820002","CZ","WH01","DC Praha-Jinonice (mock)","B-BEZNE","PRG-C006-STR",440,440,0,0,1023,583,5.43,8.63,12,2183.01,2444.97,1375.04,807.97,14,"po_splatnosti","dodano",false,"","streda",false,false,20.4,0,6,""
"TX-2025-000460","FV-2025-000460","ORD-2025-000460","2025-06-17T13:27:00","2025-06-18T10:47:00","2025-06-18","C011","Fakultni nemocnice Demo (mock)","verejny_sektor","99910011","CZ99910011","Hradec Kralove","Kralovehradecky kraj","50005",50.1956,15.8328,"email","silver","P005","PEC-CHL-750-ZIT","Chleb zitny kvaskovy 750 g","chleb","kvaskovy","ks",10,5,"LOT-20250618-S004-455","S004","Danube Bakery SK s.r.o. (mock)","99820004","SK","WH01","DC Praha-Jinonice (mock)","A-CHLEB","PRG-C011-STR",50,50,0,0,156,106,55.66,3.21,12,2693.67,3016.91,1633.7,1059.97,30,"uhrazeno","dodano",false,"","streda",false,false,17.4,3,-1,""
"TX-2025-000461","FV-2025-000461","ORD-2025-000461","2025-06-17T13:10:00","2025-06-19T09:52:00","2025-06-19","C002","ALBERT Mock Retail s.r.o.","retail_retezec","99910002","CZ99910002","Praha","Hlavni mesto Praha","10000",50.0724,14.4907,"EDI","platinum","P005","PEC-CHL-750-ZIT","Chleb zitny kvaskovy 750 g","chleb","kvaskovy","ks",10,5,"LOT-20250619-S002-394","S002","Moravske pecivo a.s. (mock)","99820002","CZ","WH01","DC Praha-Jinonice (mock)","A-CHLEB","PRG-C002-CTV",190,190,0,0,374,184,54.62,8.9,12,9454.18,10588.68,5977.12,3477.06,30,"uhrazeno","dodano",false,"","ctvrtek",false,false,13.5,0,6,"kontrola mnozstvi pri prevzeti"
"TX-2025-000462","FV-2025-000462","ORD-2025-000462","2025-06-16T15:24:00","2025-06-19T04:16:00","2025-06-19","C003","KAUFLAND Mock CR v.o.s.","retail_retezec","99910003","CZ99910003","Brno","Jihomoravsky kraj","62700",49.1678,16.6827,"EDI","platinum","P002","PEC-ROH-055-CZ","Rohlik celozrnny 55 g","bezne_pecivo","celozrnny","ks",40,2,"LOT-20250619-S002-685","S002","Moravske pecivo a.s. (mock)","99820002","CZ","WH02","DC Brno-Slatina (mock)","B-BEZNE","BRN-C003-CTV",1120,1120,16,1,1850,746,6.47,16.72,12,5948.59,6662.42,4055.83,1892.76,30,"uhrazeno","dodano",true,"Vikendova akce","ctvrtek",false,false,16.9,0,-11,"synteticky testovaci zaznam"
"TX-2025-000463","FV-2025-000463","ORD-2025-000463","2025-06-17T14:45:00","2025-06-19T04:57:00","2025-06-19","C008","BILLA Mock, spol. s r.o.","retail_retezec","99910008","CZ99910008","Modletice","Stredocesky kraj","25101",49.9708,14.5852,"EDI","gold","P001","PEC-ROH-043","Rohlik tukovy 43 g","bezne_pecivo","klasicky","ks",50,1,"LOT-20250619-S002-364","S002","Moravske pecivo a.s. (mock)","99820002","CZ","WH01","DC Praha-Jinonice (mock)","B-BEZNE","PRG-C008-CTV",1300,1300,0,0,1920,620,3.2,5.81,12,3918.3,4388.5,2442.21,1476.09,30,"uhrazeno","dodano",false,"","ctvrtek",false,false,14.3,0,-15,""
"TX-2025-000464","FV-2025-000464","ORD-2025-000464","2025-06-18T16:10:00","2025-06-20T10:54:00","2025-06-20","C001","LIDL Mock CR s.r.o.","retail_retezec","99910001","CZ99910001","Praha","Hlavni mesto Praha","15800",50.0525,14.3254,"EDI","platinum","P002","PEC-ROH-055-CZ","Rohlik celozrnny 55 g","bezne_pecivo","celozrnny","ks",40,2,"LOT-20250620-S001-923","S001","Pekarna Slunce s.r.o. (mock)","99820001","CZ","WH01","DC Praha-Jinonice (mock)","B-BEZNE","PRG-C001-PAT",1600,1600,0,0,2440,840,6.7,8.24,12,9836.67,11017.07,5842.61,3994.06,30,"uhrazeno","dodano",false,"","patek",false,false,18.6,0,11,""
"TX-2025-000465","FV-2025-000465","ORD-2025-000465","2025-06-18T11:09:00","2025-06-20T06:23:00","2025-06-20","C005","PENNY Mock Market s.r.o.","retail_retezec","99910005","CZ99910005","Radonice","Stredocesky kraj","25073",50.1437,14.6077,"EDI","gold","P001","PEC-ROH-043","Rohlik tukovy 43 g","bezne_pecivo","klasicky","ks",50,1,"LOT-20250620-S002-840","S002","Moravske pecivo a.s. (mock)","99820002","CZ","WH01","DC Praha-Jinonice (mock)","B-BEZNE","PRG-C005-PAT",1250,1250,0,0,2467,1217,3.18,5.7,12,3748.43,4198.24,2246.58,1501.85,21,"po_splatnosti","dodano",false,"","patek",false,false,16.2,0,-14,"kontrola mnozstvi pri prevzeti"
"TX-2025-000466","FV-2025-000466","ORD-2025-000466","2025-06-17T11:34:00","2025-06-20T04:46:00","2025-06-20","C006","Rohlik.cz Mock a.s.","ecommerce","99910006","CZ99910006","Praha","Hlavni mesto Praha","18600",50.1008,14.4749,"API_B2B","platinum","P002","PEC-ROH-055-CZ","Rohlik celozrnny 55 g","bezne_pecivo","celozrnny","ks",40,2,"LOT-20250620-S001-121","S001","Pekarna Slunce s.r.o. (mock)","99820001","CZ","WH01","DC Praha-Jinonice (mock)","B-BEZNE","PRG-C006-PAT",320,320,6,0,726,412,6.53,8.55,12,1875.11,2100.12,1139.12,735.99,14,"uhrazeno","dodano",false,"","patek",false,false,20.1,0,-15,""
"TX-2025-000467","FV-2025-000467","ORD-2025-000467","2025-06-18T08:25:00","2025-06-20T04:23:00","2025-06-20","C010","Kavarny KafeKruh s.r.o. (mock)","horeca","99910010","CZ99910010","Plzen","Plzensky kraj","30100",49.7384,13.3736,"B2B_eshop","silver","P005","PEC-CHL-750-ZIT","Chleb zitny kvaskovy 750 g","chleb","kvaskovy","ks",10,5,"LOT-20250620-S002-290","S002","Moravske pecivo a.s. (mock)","99820002","CZ","WH01","DC Praha-Jinonice (mock)","A-CHLEB","PRG-C010-PAT",20,20,0,0,40,20,56.3,3.57,12,1085.8,1216.1,665.04,420.76,14,"uhrazeno","dodano",false,"","patek",false,false,19.5,0,-15,""
"TX-2025-000468","FV-2025-000468","ORD-2025-000468","2025-06-18T10:05:00","2025-06-21T08:59:00","2025-06-21","C001","LIDL Mock CR s.r.o.","retail_retezec","99910001","CZ99910001","Praha","Hlavni mesto Praha","15800",50.0525,14.3254,"EDI","platinum","P008","PEC-KOB-060","Kobliha s marmeladou 60 g","jemne_pecivo","merunkova","ks",30,2,"LOT-20250621-S003-107","S003","Slezska pekarna s.r.o. (mock)","99820003","CZ","WH01","DC Praha-Jinonice (mock)","C-JEMNE","PRG-C001-SOB",690,690,0,8,1969,1279,15.58,8.78,12,9806.33,10983.09,6368.51,3437.82,30,"uhrazeno","dodano",false,"","sobota",true,false,20.3,4.8,-2,""
"TX-2025-000469","FV-2025-000469","ORD-2025-000469","2025-06-18T17:38:00","2025-06-21T07:10:00","2025-06-21","C004","TESCO Mock Stores CR a.s.","retail_retezec","99910004","CZ99910004","Ostrava","Moravskoslezsky kraj","70030",49.7854,18.2741,"EDI","gold","P002","PEC-ROH-055-CZ","Rohlik celozrnny 55 g","bezne_pecivo","celozrnny","ks",40,2,"LOT-20250621-S001-283","S001","Pekarna Slunce s.r.o. (mock)","99820001","CZ","WH03","DC Ostrava-Hrabova (mock)","B-BEZNE","OVA-C004-SOB",1000,1000,0,0,2312,1312,6.5,6.05,12,6106.75,6839.56,3730.4,2376.35,30,"uhrazeno","dodano",false,"","sobota",true,false,19.2,0,-15,""
"TX-2025-000470","FV-2025-000470","ORD-2025-000470","2025-06-20T10:28:00","2025-06-21T05:19:00","2025-06-21","C012","Restaurace U Tri pecnu s.r.o. (mock)","horeca","99910012","CZ99910012","Ceske Budejovice","Jihocesky kraj","37001",48.9745,14.4743,"obchodni_zastupce","standard","P005","PEC-CHL-750-ZIT","Chleb zitny kvaskovy 750 g","chleb","kvaskovy","ks",10,5,"LOT-20250621-S004-692","S004","Danube Bakery SK s.r.o. (mock)","99820004","SK","WH01","DC Praha-Jinonice (mock)","A-CHLEB","PRG-C012-SOB",30,22,0,0,69,47,55.98,2.19,12,1204.59,1349.14,723.73,480.86,14,"uhrazeno","castecne_dodano",false,"","sobota",true,false,20.4,2.5,14,""
"TX-2025-000471","FV-2025-000471","ORD-2025-000471","2025-06-21T10:09:00","2025-06-23T07:08:00","2025-06-23","C001","LIDL Mock CR s.r.o.","retail_retezec","99910001","CZ99910001","Praha","Hlavni mesto Praha","15800",50.0525,14.3254,"EDI","platinum","P001","PEC-ROH-043","Rohlik tukovy 43 g","bezne_pecivo","klasicky","ks",50,1,"LOT-20250623-S003-857","S003","Slezska pekarna s.r.o. (mock)","99820003","CZ","WH01","DC Praha-Jinonice (mock)","B-BEZNE","PRG-C001-PON",2600,2600,31,5,4512,1943,3.17,8.02,12,7490.6,8389.47,4787.89,2702.71,30,"uhrazeno","dodano",false,"","pondeli",false,false,15.3,0,1,""
"TX-2025-000472","FV-2025-000472","ORD-2025-000472","2025-06-21T14:44:00","2025-06-23T05:09:00","2025-06-23","C003","KAUFLAND Mock CR v.o.s.","retail_retezec","99910003","CZ99910003","Brno","Jihomoravsky kraj","62700",49.1678,16.6827,"EDI","platinum","P002","PEC-ROH-055-CZ","Rohlik celozrnny 55 g","bezne_pecivo","celozrnny","ks",40,2,"LOT-20250623-S001-346","S001","Pekarna Slunce s.r.o. (mock)","99820001","CZ","WH02","DC Brno-Slatina (mock)","B-BEZNE","BRN-C003-PON",1280,1280,0,0,2416,1136,6.68,8.54,12,7820.2,8758.62,4831.9,2988.3,30,"uhrazeno","dodano",false,"","pondeli",false,false,14.6,0,3,""
"TX-2025-000473","FV-2025-000473","ORD-2025-000473","2025-06-22T11:23:00","2025-06-23T05:06:00","2025-06-23","C006","Rohlik.cz Mock a.s.","ecommerce","99910006","CZ99910006","Praha","Hlavni mesto Praha","18600",50.1008,14.4749,"API_B2B","platinum","P001","PEC-ROH-043","Rohlik tukovy 43 g","bezne_pecivo","klasicky","ks",50,1,"LOT-20250623-S002-215","S002","Moravske pecivo a.s. (mock)","99820002","CZ","WH01","DC Praha-Jinonice (mock)","B-BEZNE","PRG-C006-PON",600,600,0,0,1357,757,3.24,8.36,12,1781.48,1995.26,1127.52,653.96,14,"uhrazeno","dodano",false,"","pondeli",false,false,13.6,0,-6,"kontrola mnozstvi pri prevzeti"
"TX-2025-000474","FV-2025-000474","ORD-2025-000474","2025-06-21T13:32:00","2025-06-23T05:09:00","2025-06-23","C007","MAKRO Mock Cash & Carry CR s.r.o.","velkoobchod","99910007","CZ99910007","Praha","Hlavni mesto Praha","25242",49.9971,14.4291,"EDI","gold","P002","PEC-ROH-055-CZ","Rohlik celozrnny 55 g","bezne_pecivo","celozrnny","ks",40,2,"LOT-20250623-S001-778","S001","Pekarna Slunce s.r.o. (mock)","99820001","CZ","WH01","DC Praha-Jinonice (mock)","B-BEZNE","PRG-C007-PON",800,800,2,4,1649,851,6.59,5.57,12,4965.9,5561.81,2930.85,2035.05,21,"uhrazeno","dodano",false,"","pondeli",false,false,21,1.2,-15,""
"TX-2025-000475","FV-2025-000475","ORD-2025-000475","2025-06-21T12:05:00","2025-06-24T04:54:00","2025-06-24","C002","ALBERT Mock Retail s.r.o.","retail_retezec","99910002","CZ99910002","Praha","Hlavni mesto Praha","10000",50.0724,14.4907,"EDI","platinum","P001","PEC-ROH-043","Rohlik tukovy 43 g","bezne_pecivo","klasicky","ks",50,1,"LOT-20250624-S001-526","S001","Pekarna Slunce s.r.o. (mock)","99820001","CZ","WH01","DC Praha-Jinonice (mock)","B-BEZNE","PRG-C002-UTE",1500,1500,0,41,3427,1927,3.22,8.81,12,4404.48,4933.02,2855.63,1548.85,30,"uhrazeno","dodano",false,"","utery",false,false,23.2,6.1,7,""
"TX-2025-000476","FV-2025-000476","ORD-2025-000476","2025-06-21T13:16:00","2025-06-24T05:27:00","2025-06-24","C005","PENNY Mock Market s.r.o.","retail_retezec","99910005","CZ99910005","Radonice","Stredocesky kraj","25073",50.1437,14.6077,"EDI","gold","P001","PEC-ROH-043","Rohlik tukovy 43 g","bezne_pecivo","klasicky","ks",50,1,"LOT-20250624-S002-924","S002","Moravske pecivo a.s. (mock)","99820002","CZ","WH01","DC Praha-Jinonice (mock)","B-BEZNE","PRG-C005-UTE",1300,1300,0,4,3066,1766,3.21,6.45,12,3903.84,4372.3,2436.11,1467.73,21,"uhrazeno","dodano",false,"","utery",false,false,19.2,0.9,-4,""
"TX-2025-000477","FV-2025-000477","ORD-2025-000477","2025-06-23T12:19:00","2025-06-24T08:39:00","2025-06-24","C009","Skolni jidelna Javor (mock)","verejny_sektor","99910009","CZ99910009","Olomouc","Olomoucky kraj","77900",49.5938,17.2509,"email","standard","P002","PEC-ROH-055-CZ","Rohlik celozrnny 55 g","bezne_pecivo","celozrnny","ks",40,2,"LOT-20250624-S002-946","S002","Moravske pecivo a.s. (mock)","99820002","CZ","WH02","DC Brno-Slatina (mock)","B-BEZNE","BRN-C009-UTE",240,240,0,0,335,95,6.5,1.75,12,1532.7,1716.62,869.46,663.24,14,"uhrazeno","dodano",false,"","utery",false,false,16.3,4.8,-1,""
"TX-2025-000478","FV-2025-000478","ORD-2025-000478","2025-06-23T16:57:00","2025-06-25T09:54:00","2025-06-25","C001","LIDL Mock CR s.r.o.","retail_retezec","99910001","CZ99910001","Praha","Hlavni mesto Praha","15800",50.0525,14.3254,"EDI","platinum","P003","PEC-KAI-060","Kaiserka sezamova 60 g","bezne_pecivo","sezam","ks",35,2,"LOT-20250625-S003-242","S003","Slezska pekarna s.r.o. (mock)","99820003","CZ","WH01","DC Praha-Jinonice (mock)","B-BEZNE","PRG-C001-STR",1505,1505,15,8,3152,1662,7.85,16.09,12,9814.53,10992.27,6585.43,3229.1,30,"uhrazeno","dodano",true,"Vikendova akce","streda",false,false,23.5,0,-3,""
"TX-2025-000479","FV-2025-000479","ORD-2025-000479","2025-06-22T17:17:00","2025-06-25T06:12:00","2025-06-25","C004","TESCO Mock Stores CR a.s.","retail_retezec","99910004","CZ99910004","Ostrava","Moravskoslezsky kraj","70030",49.7854,18.2741,"EDI","gold","P004","PEC-CHL-500","Chleb konzumentni 500 g","chleb","psenicno-zitny","ks",12,4,"LOT-20250625-S003-433","S003","Slezska pekarna s.r.o. (mock)","99820003","CZ","WH03","DC Ostrava-Hrabova (mock)","A-CHLEB","OVA-C004-STR",468,468,0,0,776,308,32.25,21.02,12,11920.45,13350.9,9421.75,2498.7,30,"uhrazeno","dodano",true,"Akce pecivo -15 %","streda",false,false,17.6,0,-15,""
"TX-2025-000480","FV-2025-000480","ORD-2025-000480","2025-06-23T14:33:00","2025-06-25T09:09:00","2025-06-25","C006","Rohlik.cz Mock a.s.","ecommerce","99910006","CZ99910006","Praha","Hlavni mesto Praha","18600",50.1008,14.4749,"API_B2B","platinum","P002","PEC-ROH-055-CZ","Rohlik celozrnny 55 g","bezne_pecivo","celozrnny","ks",40,2,"LOT-20250625-S002-349","S002","Moravske pecivo a.s. (mock)","99820002","CZ","WH01","DC Praha-Jinonice (mock)","B-BEZNE","PRG-C006-STR",440,440,0,0,973,533,6.63,23.96,12,2218.24,2484.43,1637.11,581.13,14,"uhrazeno","dodano",true,"Akce pecivo -15 %","streda",false,false,21.7,0,-15,""
"TX-2025-000481","FV-2025-000481","ORD-2025-000481","2025-06-23T17:15:00","2025-06-25T07:13:00","2025-06-25","C011","Fakultni nemocnice Demo (mock)","verejny_sektor","99910011","CZ99910011","Hradec Kralove","Kralovehradecky kraj","50005",50.1956,15.8328,"email","silver","P001","PEC-ROH-043","Rohlik tukovy 43 g","bezne_pecivo","klasicky","ks",50,1,"LOT-20250625-S002-582","S002","Moravske pecivo a.s. (mock)","99820002","CZ","WH01","DC Praha-Jinonice (mock)","B-BEZNE","PRG-C011-STR",450,450,0,11,969,519,3.27,3.4,12,1421.47,1592.05,850.17,571.3,30,"uhrazeno","dodano",false,"","streda",false,false,23.6,0,4,""
"TX-2025-000482","FV-2025-000482","ORD-2025-000482","2025-06-24T08:29:00","2025-06-26T05:36:00","2025-06-26","C002","ALBERT Mock Retail s.r.o.","retail_retezec","99910002","CZ99910002","Praha","Hlavni mesto Praha","10000",50.0724,14.4907,"EDI","platinum","P001","PEC-ROH-043","Rohlik tukovy 43 g","bezne_pecivo","klasicky","ks",50,1,"LOT-20250626-S002-777","S002","Moravske pecivo a.s. (mock)","99820002","CZ","WH01","DC Praha-Jinonice (mock)","B-BEZNE","PRG-C002-CTV",2200,2200,0,0,3186,986,3.18,23.53,12,5349.84,5991.82,3997.95,1351.89,30,"uhrazeno","dodano",true,"Akce pecivo -15 %","ctvrtek",false,false,17.6,0,2,"vratne prepravky"
"TX-2025-000483","FV-2025-000483","ORD-2025-000483","2025-06-24T15:33:00","2025-06-26T08:57:00","2025-06-26","C003","KAUFLAND Mock CR v.o.s.","retail_retezec","99910003","CZ99910003","Brno","Jihomoravsky kraj","62700",49.1678,16.6827,"EDI","platinum","P009","PEC-VEC-360","Veka tukova 360 g","chleb","klasicka","ks",14,3,"LOT-20250626-S002-851","S002","Moravske pecivo a.s. (mock)","99820002","CZ","WH02","DC Brno-Slatina (mock)","A-CHLEB","BRN-C003-CTV",252,252,0,0,703,451,29.97,8.79,12,6888.58,7715.21,4209.72,2678.86,30,"uhrazeno","dodano",false,"","ctvrtek",false,false,20.9,0,-10,""
"TX-2025-000484","FV-2025-000484","ORD-2025-000484","2025-06-24T17:06:00","2025-06-26T07:54:00","2025-06-26","C008","BILLA Mock, spol. s r.o.","retail_retezec","99910008","CZ99910008","Modletice","Stredocesky kraj","25101",49.9708,14.5852,"EDI","gold","P001","PEC-ROH-043","Rohlik tukovy 43 g","bezne_pecivo","klasicky","ks",50,1,"LOT-20250626-S001-638","S001","Pekarna Slunce s.r.o. (mock)","99820001","CZ","WH01","DC Praha-Jinonice (mock)","B-BEZNE","PRG-C008-CTV",1050,1050,14,0,2396,1360,3.26,14.3,12,2894.4,3241.73,1928.56,965.84,30,"uhrazeno","dodano",true,"Vikendova akce","ctvrtek",false,false,15.6,1.2,14,"vratne prepravky"
"TX-2025-000485","FV-2025-000485","ORD-2025-000485","2025-06-25T10:54:00","2025-06-27T08:47:00","2025-06-27","C001","LIDL Mock CR s.r.o.","retail_retezec","99910001","CZ99910001","Praha","Hlavni mesto Praha","15800",50.0525,14.3254,"EDI","platinum","P006","PEC-BAG-110","Bageta bila 110 g","bezne_pecivo","bila","ks",25,2,"LOT-20250627-S001-941","S001","Pekarna Slunce s.r.o. (mock)","99820001","CZ","WH01","DC Praha-Jinonice (mock)","B-BEZNE","PRG-C001-PAT",1100,1100,0,0,2354,1254,13.17,8.26,12,13290.37,14885.21,7748.3,5542.07,30,"uhrazeno","dodano",false,"","patek",false,false,13.8,0,-15,""
"TX-2025-000486","FV-2025-000486","ORD-2025-000486","2025-06-24T17:23:00","2025-06-27T09:08:00","2025-06-27","C005","PENNY Mock Market s.r.o.","retail_retezec","99910005","CZ99910005","Radonice","Stredocesky kraj","25073",50.1437,14.6077,"EDI","gold","P008","PEC-KOB-060","Kobliha s marmeladou 60 g","jemne_pecivo","merunkova","ks",30,2,"LOT-20250627-S001-624","S001","Pekarna Slunce s.r.o. (mock)","99820001","CZ","WH01","DC Praha-Jinonice (mock)","C-JEMNE","PRG-C005-PAT",510,438,0,6,1041,603,15.51,6.44,12,6355.89,7118.6,3925.27,2430.62,21,"uhrazeno","castecne_dodano",false,"","patek",false,false,17.2,0,12,""
"TX-2025-000487","FV-2025-000487","ORD-2025-000487","2025-06-25T10:29:00","2025-06-27T07:04:00","2025-06-27","C006","Rohlik.cz Mock a.s.","ecommerce","99910006","CZ99910006","Praha","Hlavni mesto Praha","18600",50.1008,14.4749,"API_B2B","platinum","P009","PEC-VEC-360","Veka tukova 360 g","chleb","klasicka","ks",14,3,"LOT-20250627-S001-862","S001","Pekarna Slunce s.r.o. (mock)","99820001","CZ","WH01","DC Praha-Jinonice (mock)","A-CHLEB","PRG-C006-PAT",84,84,0,1,177,93,30.48,8.53,12,2341.92,2622.95,1445.83,896.09,14,"uhrazeno","dodano",false,"","patek",false,false,20.4,0,9,""
"TX-2025-000488","FV-2025-000488","ORD-2025-000488","2025-06-26T13:54:00","2025-06-27T05:38:00","2025-06-27","C010","Kavarny KafeKruh s.r.o. (mock)","horeca","99910010","CZ99910010","Plzen","Plzensky kraj","30100",49.7384,13.3736,"B2B_eshop","silver","P003","PEC-KAI-060","Kaiserka sezamova 60 g","bezne_pecivo","sezam","ks",35,2,"LOT-20250627-S003-105","S003","Slezska pekarna s.r.o. (mock)","99820003","CZ","WH01","DC Praha-Jinonice (mock)","B-BEZNE","PRG-C010-PAT",105,105,0,0,217,112,8.05,3.73,12,813.72,911.37,481.47,332.25,14,"uhrazeno","dodano",false,"","patek",false,false,18.3,0,-4,""
"TX-2025-000489","FV-2025-000489","ORD-2025-000489","2025-06-25T17:00:00","2025-06-28T05:59:00","2025-06-28","C004","TESCO Mock Stores CR a.s.","retail_retezec","99910004","CZ99910004","Ostrava","Moravskoslezsky kraj","70030",49.7854,18.2741,"EDI","gold","P004","PEC-CHL-500","Chleb konzumentni 500 g","chleb","psenicno-zitny","ks",12,4,"LOT-20250628-S002-391","S002","Moravske pecivo a.s. (mock)","99820002","CZ","WH03","DC Ostrava-Hrabova (mock)","A-CHLEB","OVA-C004-SOB",312,312,1,0,809,498,32.08,6.1,12,9368.29,10492.48,6189.22,3179.07,30,"uhrazeno","dodano",false,"","sobota",true,false,19.5,0,14,""
"TX-2025-000490","FV-2025-000490","ORD-2025-000490","2025-06-25T16:20:00","2025-06-28T04:37:00","2025-06-28","C012","Restaurace U Tri pecnu s.r.o. (mock)","horeca","99910012","CZ99910012","Ceske Budejovice","Jihocesky kraj","37001",48.9745,14.4743,"obchodni_zastupce","standard","P002","PEC-ROH-055-CZ","Rohlik celozrnny 55 g","bezne_pecivo","celozrnny","ks",40,2,"LOT-20250628-S002-546","S002","Moravske pecivo a.s. (mock)","99820002","CZ","WH01","DC Praha-Jinonice (mock)","B-BEZNE","PRG-C012-SOB",120,120,0,0,334,214,6.63,2.34,12,776.98,870.22,447.98,329,14,"uhrazeno","dodano",false,"","sobota",true,false,14,0,-15,""
"TX-2025-000491","FV-2025-000491","ORD-2025-000491","2025-06-28T14:44:00","2025-06-30T07:43:00","2025-06-30","C001","LIDL Mock CR s.r.o.","retail_retezec","99910001","CZ99910001","Praha","Hlavni mesto Praha","15800",50.0525,14.3254,"EDI","platinum","P002","PEC-ROH-055-CZ","Rohlik celozrnny 55 g","bezne_pecivo","celozrnny","ks",40,2,"LOT-20250630-S001-466","S001","Pekarna Slunce s.r.o. (mock)","99820001","CZ","WH01","DC Praha-Jinonice (mock)","B-BEZNE","PRG-C001-PON",1240,1240,0,0,2053,813,6.58,8.79,12,7442.01,8335.05,4498.82,2943.19,30,"uhrazeno","dodano",false,"","pondeli",false,false,21.7,0,-15,""
"TX-2025-000492","FV-2025-000492","ORD-2025-000492","2025-06-27T15:55:00","2025-06-30T04:18:00","2025-06-30","C003","KAUFLAND Mock CR v.o.s.","retail_retezec","99910003","CZ99910003","Brno","Jihomoravsky kraj","62700",49.1678,16.6827,"EDI","platinum","P009","PEC-VEC-360","Veka tukova 360 g","chleb","klasicka","ks",14,3,"LOT-20250630-S002-325","S002","Moravske pecivo a.s. (mock)","99820002","CZ","WH02","DC Brno-Slatina (mock)","A-CHLEB","BRN-C003-PON",308,308,6,8,685,383,30.72,8.7,12,8470.3,9486.74,5225.81,3244.49,30,"uhrazeno","dodano",false,"","pondeli",false,false,15,0,15,""
"TX-2025-000493","FV-2025-000493","ORD-2025-000493","2025-06-27T08:00:00","2025-06-30T04:57:00","2025-06-30","C006","Rohlik.cz Mock a.s.","ecommerce","99910006","CZ99910006","Praha","Hlavni mesto Praha","18600",50.1008,14.4749,"API_B2B","platinum","P001","PEC-ROH-043","Rohlik tukovy 43 g","bezne_pecivo","klasicky","ks",50,1,"LOT-20250630-S001-357","S001","Pekarna Slunce s.r.o. (mock)","99820001","CZ","WH01","DC Praha-Jinonice (mock)","B-BEZNE","PRG-C006-PON",550,550,0,0,1180,630,3.21,8.68,12,1612.25,1805.72,1022.92,589.33,14,"uhrazeno","dodano",false,"","pondeli",false,false,23.1,2.7,-8,""
"TX-2025-000494","FV-2025-000494","ORD-2025-000494","2025-06-27T13:12:00","2025-06-30T09:39:00","2025-06-30","C007","MAKRO Mock Cash & Carry CR s.r.o.","velkoobchod","99910007","CZ99910007","Praha","Hlavni mesto Praha","25242",49.9971,14.4291,"EDI","gold","P009","PEC-VEC-360","Veka tukova 360 g","chleb","klasicka","ks",14,3,"LOT-20250630-S001-341","S001","Pekarna Slunce s.r.o. (mock)","99820001","CZ","WH01","DC Praha-Jinonice (mock)","A-CHLEB","PRG-C007-PON",154,125,0,0,389,264,30.81,6.46,12,3602.46,4034.76,2232.68,1369.78,21,"uhrazeno","castecne_dodano",false,"","pondeli",false,false,21.8,0,-1,""
"TX-2025-000495","FV-2025-000495","ORD-2025-000495","2025-06-29T17:17:00","2025-07-01T04:24:00","2025-07-01","C002","ALBERT Mock Retail s.r.o.","retail_retezec","99910002","CZ99910002","Praha","Hlavni mesto Praha","10000",50.0724,14.4907,"EDI","platinum","P008","PEC-KOB-060","Kobliha s marmeladou 60 g","jemne_pecivo","merunkova","ks",30,2,"LOT-20250701-S003-113","S003","Slezska pekarna s.r.o. (mock)","99820003","CZ","WH01","DC Praha-Jinonice (mock)","C-JEMNE","PRG-C002-UTE",570,570,0,0,1379,809,15.63,8.21,12,8177.66,9158.98,5243.48,2934.18,30,"uhrazeno","dodano",false,"","utery",false,false,22.1,0.8,-15,""
"TX-2025-000496","FV-2025-000496","ORD-2025-000496","2025-06-29T12:37:00","2025-07-01T04:01:00","2025-07-01","C009","Skolni jidelna Javor (mock)","verejny_sektor","99910009","CZ99910009","Olomouc","Olomoucky kraj","77900",49.5938,17.2509,"email","standard","P011","PEC-HOU-060","Houska psenicna 60 g","bezne_pecivo","klasicka","ks",40,2,"LOT-20250701-S002-225","S002","Moravske pecivo a.s. (mock)","99820002","CZ","WH02","DC Brno-Slatina (mock)","B-BEZNE","BRN-C009-UTE",40,40,0,0,142,102,5.46,1.51,12,215.1,240.91,125.79,89.31,14,"uhrazeno","dodano",false,"","utery",false,false,20.4,2.7,-4,""
"TX-2025-000497","FV-2025-000497","ORD-2025-000497","2025-06-30T13:21:00","2025-07-02T04:16:00","2025-07-02","C001","LIDL Mock CR s.r.o.","retail_retezec","99910001","CZ99910001","Praha","Hlavni mesto Praha","15800",50.0525,14.3254,"EDI","platinum","P006","PEC-BAG-110","Bageta bila 110 g","bezne_pecivo","bila","ks",25,2,"LOT-20250702-S001-251","S001","Pekarna Slunce s.r.o. (mock)","99820001","CZ","WH01","DC Praha-Jinonice (mock)","B-BEZNE","PRG-C001-STR",1425,1425,0,29,2961,1536,13.01,23.79,12,14128.76,15824.21,10330.72,3798.04,30,"uhrazeno","dodano",true,"Akce pecivo -15 %","streda",false,false,19.6,2.1,10,"kontrola mnozstvi pri prevzeti"
"TX-2025-000498","FV-2025-000498","ORD-2025-000498","2025-06-30T15:15:00","2025-07-02T08:23:00","2025-07-02","C004","TESCO Mock Stores CR a.s.","retail_retezec","99910004","CZ99910004","Ostrava","Moravskoslezsky kraj","70030",49.7854,18.2741,"EDI","gold","P004","PEC-CHL-500","Chleb konzumentni 500 g","chleb","psenicno-zitny","ks",12,4,"LOT-20250702-S001-747","S001","Pekarna Slunce s.r.o. (mock)","99820001","CZ","WH03","DC Ostrava-Hrabova (mock)","A-CHLEB","OVA-C004-STR",444,444,0,3,625,181,31.9,20.71,12,11230.32,12577.96,8764.2,2466.12,30,"uhrazeno","dodano",true,"Akce pecivo -15 %","streda",false,false,18.7,18,25,""
"TX-2025-000499","FV-2025-000499","ORD-2025-000499","2025-06-29T16:52:00","2025-07-02T05:26:00","2025-07-02","C006","Rohlik.cz Mock a.s.","ecommerce","99910006","CZ99910006","Praha","Hlavni mesto Praha","18600",50.1008,14.4749,"API_B2B","platinum","P003","PEC-KAI-060","Kaiserka sezamova 60 g","bezne_pecivo","sezam","ks",35,2,"LOT-20250702-S003-285","S003","Slezska pekarna s.r.o. (mock)","99820003","CZ","WH01","DC Praha-Jinonice (mock)","B-BEZNE","PRG-C006-STR",350,350,7,0,541,198,8.02,8.87,12,2506.86,2807.68,1603.94,902.92,14,"uhrazeno","dodano",false,"","streda",false,false,16.3,0,4,"kontrola mnozstvi pri prevzeti"
"TX-2025-000500","FV-2025-000500","ORD-2025-000500","2025-07-01T16:33:00","2025-07-02T08:35:00","2025-07-02","C011","Fakultni nemocnice Demo (mock)","verejny_sektor","99910011","CZ99910011","Hradec Kralove","Kralovehradecky kraj","50005",50.1956,15.8328,"email","silver","P009","PEC-VEC-360","Veka tukova 360 g","chleb","klasicka","ks",14,3,"LOT-20250702-S002-360","S002","Moravske pecivo a.s. (mock)","99820002","CZ","WH01","DC Praha-Jinonice (mock)","A-CHLEB","PRG-C011-STR",84,84,1,0,163,80,30.54,3.24,12,2452.69,2747.01,1409.93,1042.76,30,"uhrazeno","dodano",false,"","streda",false,false,20.7,0,12,""
"TX-2025-000501","FV-2025-000501","ORD-2025-000501","2025-06-30T08:34:00","2025-07-03T09:36:00","2025-07-03","C002","ALBERT Mock Retail s.r.o.","retail_retezec","99910002","CZ99910002","Praha","Hlavni mesto Praha","10000",50.0724,14.4907,"EDI","platinum","P001","PEC-ROH-043","Rohlik tukovy 43 g","bezne_pecivo","klasicky","ks",50,1,"LOT-20250703-S003-751","S003","Slezska pekarna s.r.o. (mock)","99820003","CZ","WH01","DC Praha-Jinonice (mock)","B-BEZNE","PRG-C002-CTV",2150,1839,0,0,2732,893,3.24,23.79,12,4540.87,5085.77,3412.56,1128.31,30,"uhrazeno","castecne_dodano",true,"Akce pecivo -15 %","ctvrtek",false,false,24,0,15,"kontrola mnozstvi pri prevzeti"
"TX-2025-000502","FV-2025-000502","ORD-2025-000502","2025-07-01T14:25:00","2025-07-03T07:56:00","2025-07-03","C003","KAUFLAND Mock CR v.o.s.","retail_retezec","99910003","CZ99910003","Brno","Jihomoravsky kraj","62700",49.1678,16.6827,"EDI","platinum","P007","PEC-CRO-065","Croissant maslovy 65 g","jemne_pecivo","maslovy","ks",24,3,"LOT-20250703-S002-946","S002","Moravske pecivo a.s. (mock)","99820002","CZ","WH02","DC Brno-Slatina (mock)","C-JEMNE","BRN-C003-CTV",624,624,0,0,1435,811,19.15,9.03,12,10870.55,12175.02,7541.2,3329.35,30,"uhrazeno","dodano",false,"","ctvrtek",false,false,25.7,0,3,""
"TX-2025-000503","FV-2025-000503","ORD-2025-000503","2025-07-01T16:17:00","2025-07-03T05:39:00","2025-07-03","C008","BILLA Mock, spol. s r.o.","retail_retezec","99910008","CZ99910008","Modletice","Stredocesky kraj","25101",49.9708,14.5852,"EDI","gold","P007","PEC-CRO-065","Croissant maslovy 65 g","jemne_pecivo","maslovy","ks",24,3,"LOT-20250703-S002-243","S002","Moravske pecivo a.s. (mock)","99820002","CZ","WH01","DC Praha-Jinonice (mock)","C-JEMNE","PRG-C008-CTV",360,360,0,10,805,445,18.86,5.69,12,6403.27,7171.66,4164.96,2238.31,30,"uhrazeno","dodano",false,"","ctvrtek",false,false,21.3,0,-15,"prioritni vykladka"
"TX-2025-000504","FV-2025-000504","ORD-2025-000504","2025-07-01T17:45:00","2025-07-04T08:33:00","2025-07-04","C001","LIDL Mock CR s.r.o.","retail_retezec","99910001","CZ99910001","Praha","Hlavni mesto Praha","15800",50.0525,14.3254,"EDI","platinum","P003","PEC-KAI-060","Kaiserka sezamova 60 g","bezne_pecivo","sezam","ks",35,2,"LOT-20250704-S001-549","S001","Pekarna Slunce s.r.o. (mock)","99820001","CZ","WH01","DC Praha-Jinonice (mock)","B-BEZNE","PRG-C001-PAT",1470,1247,0,33,2568,1321,7.9,8.9,12,8974.53,10051.47,5465.14,3509.39,30,"uhrazeno","castecne_dodano",false,"","patek",false,false,24.9,0,13,""
"TX-2025-000505","FV-2025-000505","ORD-2025-000505","2025-07-01T14:22:00","2025-07-04T06:28:00","2025-07-04","C006","Rohlik.cz Mock a.s.","ecommerce","99910006","CZ99910006","Praha","Hlavni mesto Praha","18600",50.1008,14.4749,"API_B2B","platinum","P007","PEC-CRO-065","Croissant maslovy 65 g","jemne_pecivo","maslovy","ks",24,3,"LOT-20250704-S004-628","S004","Danube Bakery SK s.r.o. (mock)","99820004","SK","WH01","DC Praha-Jinonice (mock)","C-JEMNE","PRG-C006-PAT",144,144,0,1,278,134,19.46,8.89,12,2553.12,2859.49,1809.24,743.88,14,"uhrazeno","dodano",false,"","patek",false,false,15.8,0,-7,""
"TX-2025-000506","FV-2025-000506","ORD-2025-000506","2025-07-02T17:45:00","2025-07-04T04:16:00","2025-07-04","C010","Kavarny KafeKruh s.r.o. (mock)","horeca","99910010","CZ99910010","Plzen","Plzensky kraj","30100",49.7384,13.3736,"B2B_eshop","silver","P007","PEC-CRO-065","Croissant maslovy 65 g","jemne_pecivo","maslovy","ks",24,3,"LOT-20250704-S002-934","S002","Moravske pecivo a.s. (mock)","99820002","CZ","WH01","DC Praha-Jinonice (mock)","C-JEMNE","PRG-C010-PAT",48,48,0,1,143,95,19.31,3.08,12,898.33,1006.13,592.74,305.59,14,"uhrazeno","dodano",false,"","patek",false,false,25.3,0,15,""
"TX-2025-000507","FV-2025-000507","ORD-2025-000507","2025-07-03T17:57:00","2025-07-05T05:48:00","2025-07-05","C001","LIDL Mock CR s.r.o.","retail_retezec","99910001","CZ99910001","Praha","Hlavni mesto Praha","15800",50.0525,14.3254,"EDI","platinum","P006","PEC-BAG-110","Bageta bila 110 g","bezne_pecivo","bila","ks",25,2,"LOT-20250705-S003-490","S003","Slezska pekarna s.r.o. (mock)","99820003","CZ","WH01","DC Praha-Jinonice (mock)","B-BEZNE","PRG-C001-SOB",1250,1250,0,0,2173,923,13.05,8.62,12,14906.36,16695.12,8783.57,6122.79,30,"uhrazeno","dodano",false,"","sobota",true,true,16.5,0,-15,""
"TX-2025-000508","FV-2025-000508","ORD-2025-000508","2025-07-02T09:38:00","2025-07-05T08:59:00","2025-07-05","C004","TESCO Mock Stores CR a.s.","retail_retezec","99910004","CZ99910004","Ostrava","Moravskoslezsky kraj","70030",49.7854,18.2741,"EDI","gold","P003","PEC-KAI-060","Kaiserka sezamova 60 g","bezne_pecivo","sezam","ks",35,2,"LOT-20250705-S003-105","S003","Slezska pekarna s.r.o. (mock)","99820003","CZ","WH03","DC Ostrava-Hrabova (mock)","B-BEZNE","OVA-C004-SOB",1225,1225,4,14,2145,924,8.05,5.67,12,9271.74,10384.35,5607.88,3663.86,30,"uhrazeno","dodano",false,"","sobota",true,true,26.1,9.8,-13,""
"TX-2025-000509","FV-2025-000509","ORD-2025-000509","2025-07-03T16:07:00","2025-07-05T07:40:00","2025-07-05","C012","Restaurace U Tri pecnu s.r.o. (mock)","horeca","99910012","CZ99910012","Ceske Budejovice","Jihocesky kraj","37001",48.9745,14.4743,"obchodni_zastupce","standard","P007","PEC-CRO-065","Croissant maslovy 65 g","jemne_pecivo","maslovy","ks",24,3,"LOT-20250705-S002-460","S002","Moravske pecivo a.s. (mock)","99820002","CZ","WH01","DC Praha-Jinonice (mock)","C-JEMNE","PRG-C012-SOB",72,72,0,0,122,50,19.01,2.63,12,1332.72,1492.65,880.67,452.05,14,"uhrazeno","dodano",false,"","sobota",true,true,16.5,6.3,-15,""
"TX-2025-000510","FV-2025-000510","ORD-2025-000510","2025-07-04T16:55:00","2025-07-07T10:17:00","2025-07-07","C001","LIDL Mock CR s.r.o.","retail_retezec","99910001","CZ99910001","Praha","Hlavni mesto Praha","15800",50.0525,14.3254,"EDI","platinum","P001","PEC-ROH-043","Rohlik tukovy 43 g","bezne_pecivo","klasicky","ks",50,1,"LOT-20250707-S002-475","S002","Moravske pecivo a.s. (mock)","99820002","CZ","WH01","DC Praha-Jinonice (mock)","B-BEZNE","PRG-C001-PON",2350,2350,0,0,4796,2446,3.19,8.78,12,6838.31,7658.91,4447.35,2390.96,30,"uhrazeno","dodano",false,"","pondeli",false,false,19.4,0,-11,"synteticky testovaci zaznam"
"TX-2025-000511","FV-2025-000511","ORD-2025-000511","2025-07-04T14:01:00","2025-07-07T07:41:00","2025-07-07","C003","KAUFLAND Mock CR v.o.s.","retail_retezec","99910003","CZ99910003","Brno","Jihomoravsky kraj","62700",49.1678,16.6827,"EDI","platinum","P004","PEC-CHL-500","Chleb konzumentni 500 g","chleb","psenicno-zitny","ks",12,4,"LOT-20250707-S002-881","S002","Moravske pecivo a.s. (mock)","99820002","CZ","WH02","DC Brno-Slatina (mock)","A-CHLEB","BRN-C003-PON",444,444,0,8,663,219,32.24,23.45,12,10957.8,12272.74,8607.05,2350.75,30,"uhrazeno","dodano",true,"Akce pecivo -15 %","pondeli",false,false,20,0,-15,""
"TX-2025-000512","FV-2025-000512","ORD-2025-000512","2025-07-06T12:05:00","2025-07-07T10:58:00","2025-07-07","C006","Rohlik.cz Mock a.s.","ecommerce","99910006","CZ99910006","Praha","Hlavni mesto Praha","18600",50.1008,14.4749,"API_B2B","platinum","P001","PEC-ROH-043","Rohlik tukovy 43 g","bezne_pecivo","klasicky","ks",50,1,"LOT-20250707-S003-472","S003","Slezska pekarna s.r.o. (mock)","99820003","CZ","WH01","DC Praha-Jinonice (mock)","B-BEZNE","PRG-C006-PON",550,550,0,0,909,359,3.3,8.39,12,1662.72,1862.25,1021.82,640.9,14,"uhrazeno","dodano",false,"","pondeli",false,false,19.2,0,-15,""
"TX-2025-000513","FV-2025-000513","ORD-2025-000513","2025-07-05T14:28:00","2025-07-08T08:01:00","2025-07-08","C002","ALBERT Mock Retail s.r.o.","retail_retezec","99910002","CZ99910002","Praha","Hlavni mesto Praha","10000",50.0724,14.4907,"EDI","platinum","P003","PEC-KAI-060","Kaiserka sezamova 60 g","bezne_pecivo","sezam","ks",35,2,"LOT-20250708-S003-909","S003","Slezska pekarna s.r.o. (mock)","99820003","CZ","WH01","DC Praha-Jinonice (mock)","B-BEZNE","PRG-C002-UTE",1085,1085,0,0,1735,650,7.99,8.65,12,7919.27,8869.58,5058.56,2860.71,30,"uhrazeno","dodano",false,"","utery",false,false,21.3,2.9,-15,""
"TX-2025-000514","FV-2025-000514","ORD-2025-000514","2025-07-05T08:45:00","2025-07-08T04:52:00","2025-07-08","C005","PENNY Mock Market s.r.o.","retail_retezec","99910005","CZ99910005","Radonice","Stredocesky kraj","25073",50.1437,14.6077,"EDI","gold","P006","PEC-BAG-110","Bageta bila 110 g","bezne_pecivo","bila","ks",25,2,"LOT-20250708-S003-731","S003","Slezska pekarna s.r.o. (mock)","99820003","CZ","WH01","DC Praha-Jinonice (mock)","B-BEZNE","PRG-C005-UTE",500,500,0,0,1158,658,13.19,6.36,12,6175.56,6916.63,3685.01,2490.55,21,"uhrazeno","dodano",false,"","utery",false,false,24.9,2.1,13,""
"TX-2025-000515","FV-2025-000515","ORD-2025-000515","2025-07-06T17:35:00","2025-07-08T05:04:00","2025-07-08","C009","Skolni jidelna Javor (mock)","verejny_sektor","99910009","CZ99910009","Olomouc","Olomoucky kraj","77900",49.5938,17.2509,"email","standard","P012","PEC-DAL-070","Dalamanek grahamovy 70 g","bezne_pecivo","grahamovy","ks",32,2,"LOT-20250708-S003-738","S003","Slezska pekarna s.r.o. (mock)","99820003","CZ","WH02","DC Brno-Slatina (mock)","B-BEZNE","BRN-C009-UTE",32,32,1,0,274,243,10.09,1.76,12,307.28,344.15,172.71,134.57,14,"uhrazeno","dodano",false,"","utery",false,false,23.1,0,7,""
"TX-2025-000516","FV-2025-000516","ORD-2025-000516","2025-07-06T12:50:00","2025-07-09T06:15:00","2025-07-09","C001","LIDL Mock CR s.r.o.","retail_retezec","99910001","CZ99910001","Praha","Hlavni mesto Praha","15800",50.0525,14.3254,"EDI","platinum","P002","PEC-ROH-055-CZ","Rohlik celozrnny 55 g","bezne_pecivo","celozrnny","ks",40,2,"LOT-20250709-S001-746","S001","Pekarna Slunce s.r.o. (mock)","99820001","CZ","WH01","DC Praha-Jinonice (mock)","B-BEZNE","PRG-C001-STR",2480,1801,0,0,2587,786,6.63,23.77,12,9102.34,10194.62,6693.7,2408.64,30,"uhrazeno","castecne_dodano",true,"Akce pecivo -15 %","streda",false,false,17.5,7.5,-4,"vratne prepravky"
"TX-2025-000517","FV-2025-000517","ORD-2025-000517","2025-07-07T11:05:00","2025-07-09T07:35:00","2025-07-09","C004","TESCO Mock Stores CR a.s.","retail_retezec","99910004","CZ99910004","Ostrava","Moravskoslezsky kraj","70030",49.7854,18.2741,"EDI","gold","P003","PEC-KAI-060","Kaiserka sezamova 60 g","bezne_pecivo","sezam","ks",35,2,"LOT-20250709-S003-973","S003","Slezska pekarna s.r.o. (mock)","99820003","CZ","WH03","DC Ostrava-Hrabova (mock)","B-BEZNE","OVA-C004-STR",735,735,0,0,1215,480,8.01,6.67,12,5494.66,6154.02,3449.31,2045.35,30,"po_splatnosti","dodano",false,"","streda",false,false,15.9,0,-1,""
"TX-2025-000518","FV-2025-000518","ORD-2025-000518","2025-07-08T14:46:00","2025-07-09T08:01:00","2025-07-09","C006","Rohlik.cz Mock a.s.","ecommerce","99910006","CZ99910006","Praha","Hlavni mesto Praha","18600",50.1008,14.4749,"API_B2B","platinum","P007","PEC-CRO-065","Croissant maslovy 65 g","jemne_pecivo","maslovy","ks",24,3,"LOT-20250709-S004-724","S004","Danube Bakery SK s.r.o. (mock)","99820004","SK","WH01","DC Praha-Jinonice (mock)","C-JEMNE","PRG-C006-STR",192,192,0,0,401,209,19.16,8.69,12,3359.04,3762.12,2321.57,1037.47,14,"uhrazeno","dodano",false,"","streda",false,false,26,0,-15,""
"TX-2025-000519","FV-2025-000519","ORD-2025-000519","2025-07-07T17:34:00","2025-07-09T10:53:00","2025-07-09","C011","Fakultni nemocnice Demo (mock)","verejny_sektor","99910011","CZ99910011","Hradec Kralove","Kralovehradecky kraj","50005",50.1956,15.8328,"email","silver","P009","PEC-VEC-360","Veka tukova 360 g","chleb","klasicka","ks",14,3,"LOT-20250709-S002-761","S002","Moravske pecivo a.s. (mock)","99820002","CZ","WH01","DC Praha-Jinonice (mock)","A-CHLEB","PRG-C011-STR",70,70,0,0,186,116,30.18,3.38,12,2041.19,2286.13,1186.45,854.74,30,"uhrazeno","dodano",false,"","streda",false,false,15.7,5.5,-15,""
"TX-2025-000520","FV-2025-000520","ORD-2025-000520","2025-07-08T10:14:00","2025-07-10T07:42:00","2025-07-10","C002","ALBERT Mock Retail s.r.o.","retail_retezec","99910002","CZ99910002","Praha","Hlavni mesto Praha","10000",50.0724,14.4907,"EDI","platinum","P007","PEC-CRO-065","Croissant maslovy 65 g","jemne_pecivo","maslovy","ks",24,3,"LOT-20250710-S004-254","S004","Danube Bakery SK s.r.o. (mock)","99820004","SK","WH01","DC Praha-Jinonice (mock)","C-JEMNE","PRG-C002-CTV",552,552,13,0,766,227,19.21,9.04,12,9418.17,10548.35,6386.08,3032.09,30,"uhrazeno","dodano",false,"","ctvrtek",false,false,16.5,0,4,""
"TX-2025-000521","FV-2025-000521","ORD-2025-000521","2025-07-07T15:36:00","2025-07-10T05:05:00","2025-07-10","C003","KAUFLAND Mock CR v.o.s.","retail_retezec","99910003","CZ99910003","Brno","Jihomoravsky kraj","62700",49.1678,16.6827,"EDI","platinum","P007","PEC-CRO-065","Croissant maslovy 65 g","jemne_pecivo","maslovy","ks",24,3,"LOT-20250710-S004-608","S004","Danube Bakery SK s.r.o. (mock)","99820004","SK","WH02","DC Brno-Slatina (mock)","C-JEMNE","BRN-C003-CTV",504,504,0,14,1242,738,18.86,9.05,12,8645.2,9682.62,5962.29,2682.91,30,"uhrazeno","dodano",false,"","ctvrtek",false,false,22.6,0,-14,""
"TX-2025-000522","FV-2025-000522","ORD-2025-000522","2025-07-08T16:48:00","2025-07-10T05:16:00","2025-07-10","C008","BILLA Mock, spol. s r.o.","retail_retezec","99910008","CZ99910008","Modletice","Stredocesky kraj","25101",49.9708,14.5852,"EDI","gold","P001","PEC-ROH-043","Rohlik tukovy 43 g","bezne_pecivo","klasicky","ks",50,1,"LOT-20250710-S001-698","S001","Pekarna Slunce s.r.o. (mock)","99820001","CZ","WH01","DC Praha-Jinonice (mock)","B-BEZNE","PRG-C008-CTV",1200,1200,0,21,1720,520,3.28,6.29,12,3688.43,4131.04,2264.45,1423.98,30,"uhrazeno","dodano",false,"","ctvrtek",false,false,25.5,3.1,15,""
"TX-2025-000523","FV-2025-000523","ORD-2025-000523","2025-07-08T12:38:00","2025-07-11T06:19:00","2025-07-11","C005","PENNY Mock Market s.r.o.","retail_retezec","99910005","CZ99910005","Radonice","Stredocesky kraj","25073",50.1437,14.6077,"EDI","gold","P001","PEC-ROH-043","Rohlik tukovy 43 g","bezne_pecivo","klasicky","ks",50,1,"LOT-20250711-S003-488","S003","Slezska pekarna s.r.o. (mock)","99820003","CZ","WH01","DC Praha-Jinonice (mock)","B-BEZNE","PRG-C005-PAT",1450,1450,26,16,3519,2095,3.31,6.13,12,4424.51,4955.45,2726.87,1697.64,21,"uhrazeno","dodano",false,"","patek",false,false,23.4,6.4,-15,""
"TX-2025-000524","FV-2025-000524","ORD-2025-000524","2025-07-10T14:35:00","2025-07-11T09:10:00","2025-07-11","C006","Rohlik.cz Mock a.s.","ecommerce","99910006","CZ99910006","Praha","Hlavni mesto Praha","18600",50.1008,14.4749,"API_B2B","platinum","P005","PEC-CHL-750-ZIT","Chleb zitny kvaskovy 750 g","chleb","kvaskovy","ks",10,5,"LOT-20250711-S004-353","S004","Danube Bakery SK s.r.o. (mock)","99820004","SK","WH01","DC Praha-Jinonice (mock)","A-CHLEB","PRG-C006-PAT",60,60,0,0,136,76,56.72,8.28,12,3121.42,3495.99,2023.23,1098.19,14,"uhrazeno","dodano",false,"","patek",false,false,16.9,1.3,-2,""
"TX-2025-000525","FV-2025-000525","ORD-2025-000525","2025-07-09T13:24:00","2025-07-11T08:05:00","2025-07-11","C010","Kavarny KafeKruh s.r.o. (mock)","horeca","99910010","CZ99910010","Plzen","Plzensky kraj","30100",49.7384,13.3736,"B2B_eshop","silver","P010","PEC-SNE-090","Snek skorice 90 g","jemne_pecivo","skoricovy","ks",20,3,"LOT-20250711-S004-565","S004","Danube Bakery SK s.r.o. (mock)","99820004","SK","WH01","DC Praha-Jinonice (mock)","C-JEMNE","PRG-C010-PAT",40,40,0,1,106,66,23,3.81,12,884.95,991.14,564.64,320.31,14,"uhrazeno","dodano",false,"","patek",false,false,23.4,0,-9,"kontrola mnozstvi pri prevzeti"
"TX-2025-000526","FV-2025-000526","ORD-2025-000526","2025-07-09T10:03:00","2025-07-12T10:36:00","2025-07-12","C001","LIDL Mock CR s.r.o.","retail_retezec","99910001","CZ99910001","Praha","Hlavni mesto Praha","15800",50.0525,14.3254,"EDI","platinum","P001","PEC-ROH-043","Rohlik tukovy 43 g","bezne_pecivo","klasicky","ks",50,1,"LOT-20250712-S002-713","S002","Moravske pecivo a.s. (mock)","99820002","CZ","WH01","DC Praha-Jinonice (mock)","B-BEZNE","PRG-C001-SOB",2050,2050,6,0,4271,2227,3.18,8.89,12,5922.08,6632.73,3676.18,2245.9,30,"uhrazeno","dodano",false,"","sobota",true,false,18.5,0,-15,""
"TX-2025-000527","FV-2025-000527","ORD-2025-000527","2025-07-10T13:46:00","2025-07-12T06:16:00","2025-07-12","C004","TESCO Mock Stores CR a.s.","retail_retezec","99910004","CZ99910004","Ostrava","Moravskoslezsky kraj","70030",49.7854,18.2741,"EDI","gold","P005","PEC-CHL-750-ZIT","Chleb zitny kvaskovy 750 g","chleb","kvaskovy","ks",10,5,"LOT-20250712-S002-184","S002","Moravske pecivo a.s. (mock)","99820002","CZ","WH03","DC Ostrava-Hrabova (mock)","A-CHLEB","OVA-C004-SOB",180,180,3,2,525,348,56.16,6.69,12,9275.31,10388.35,5974.77,3300.54,30,"uhrazeno","dodano",false,"","sobota",true,false,21.5,0,-15,"kontrola mnozstvi pri prevzeti"
"TX-2025-000528","FV-2025-000528","ORD-2025-000528","2025-07-10T13:35:00","2025-07-12T06:19:00","2025-07-12","C012","Restaurace U Tri pecnu s.r.o. (mock)","horeca","99910012","CZ99910012","Ceske Budejovice","Jihocesky kraj","37001",48.9745,14.4743,"obchodni_zastupce","standard","P011","PEC-HOU-060","Houska psenicna 60 g","bezne_pecivo","klasicka","ks",40,2,"LOT-20250712-S001-483","S001","Pekarna Slunce s.r.o. (mock)","99820001","CZ","WH01","DC Praha-Jinonice (mock)","B-BEZNE","PRG-C012-SOB",160,160,0,3,384,224,5.45,2.66,12,848.8,950.66,479.03,369.77,14,"uhrazeno","dodano",false,"","sobota",true,false,19.1,0,7,""
"TX-2025-000529","FV-2025-000529","ORD-2025-000529","2025-07-11T15:34:00","2025-07-14T07:53:00","2025-07-14","C001","LIDL Mock CR s.r.o.","retail_retezec","99910001","CZ99910001","Praha","Hlavni mesto Praha","15800",50.0525,14.3254,"EDI","platinum","P001","PEC-ROH-043","Rohlik tukovy 43 g","bezne_pecivo","klasicky","ks",50,1,"LOT-20250714-S001-786","S001","Pekarna Slunce s.r.o. (mock)","99820001","CZ","WH01","DC Praha-Jinonice (mock)","B-BEZNE","PRG-C001-PON",2650,2650,52,0,6301,3703,3.23,8.03,12,7717.7,8643.82,4938.84,2778.86,30,"uhrazeno","dodano",false,"","pondeli",false,false,24.5,0,-6,"prioritni vykladka"
"TX-2025-000530","FV-2025-000530","ORD-2025-000530","2025-07-12T17:09:00","2025-07-14T06:48:00","2025-07-14","C003","KAUFLAND Mock CR v.o.s.","retail_retezec","99910003","CZ99910003","Brno","Jihomoravsky kraj","62700",49.1678,16.6827,"EDI","platinum","P003","PEC-KAI-060","Kaiserka sezamova 60 g","bezne_pecivo","sezam","ks",35,2,"LOT-20250714-S001-242","S001","Pekarna Slunce s.r.o. (mock)","99820001","CZ","WH02","DC Brno-Slatina (mock)","B-BEZNE","BRN-C003-PON",910,910,4,3,1766,860,8.08,8.29,12,6713.61,7519.24,4162.02,2551.59,30,"uhrazeno","dodano",false,"","pondeli",false,false,21.2,0,8,""
"TX-2025-000531","FV-2025-000531","ORD-2025-000531","2025-07-13T08:32:00","2025-07-14T07:55:00","2025-07-14","C006","Rohlik.cz Mock a.s.","ecommerce","99910006","CZ99910006","Praha","Hlavni mesto Praha","18600",50.1008,14.4749,"API_B2B","platinum","P007","PEC-CRO-065","Croissant maslovy 65 g","jemne_pecivo","maslovy","ks",24,3,"LOT-20250714-S004-985","S004","Danube Bakery SK s.r.o. (mock)","99820004","SK","WH01","DC Praha-Jinonice (mock)","C-JEMNE","PRG-C006-PON",192,192,2,2,268,78,19.3,8.27,12,3363.74,3767.39,2261.5,1102.24,14,"uhrazeno","dodano",false,"","pondeli",false,false,22.7,0,-7,""
"TX-2025-000532","FV-2025-000532","ORD-2025-000532","2025-07-11T08:18:00","2025-07-14T04:47:00","2025-07-14","C007","MAKRO Mock Cash & Carry CR s.r.o.","velkoobchod","99910007","CZ99910007","Praha","Hlavni mesto Praha","25242",49.9971,14.4291,"EDI","gold","P001","PEC-ROH-043","Rohlik tukovy 43 g","bezne_pecivo","klasicky","ks",50,1,"LOT-20250714-S003-421","S003","Slezska pekarna s.r.o. (mock)","99820003","CZ","WH01","DC Praha-Jinonice (mock)","B-BEZNE","PRG-C007-PON",950,950,0,20,1564,614,3.25,5.51,12,2917.38,3267.47,1765.98,1151.4,21,"uhrazeno","dodano",false,"","pondeli",false,false,25.7,0,-15,""
"TX-2025-000533","FV-2025-000533","ORD-2025-000533","2025-07-13T09:19:00","2025-07-15T08:40:00","2025-07-15","C009","Skolni jidelna Javor (mock)","verejny_sektor","99910009","CZ99910009","Olomouc","Olomoucky kraj","77900",49.5938,17.2509,"email","standard","P004","PEC-CHL-500","Chleb konzumentni 500 g","chleb","psenicno-zitny","ks",12,4,"LOT-20250715-S001-442","S001","Pekarna Slunce s.r.o. (mock)","99820001","CZ","WH02","DC Brno-Slatina (mock)","A-CHLEB","BRN-C009-UTE",12,12,0,0,87,75,32.16,2.24,12,377.28,422.55,229.01,148.27,14,"uhrazeno","dodano",false,"","utery",false,false,24,0,9,"prioritni vykladka"
"TX-2025-000534","FV-2025-000534","ORD-2025-000534","2025-07-14T09:40:00","2025-07-16T07:44:00","2025-07-16","C001","LIDL Mock CR s.r.o.","retail_retezec","99910001","CZ99910001","Praha","Hlavni mesto Praha","15800",50.0525,14.3254,"EDI","platinum","P004","PEC-CHL-500","Chleb konzumentni 500 g","chleb","psenicno-zitny","ks",12,4,"LOT-20250716-S003-303","S003","Slezska pekarna s.r.o. (mock)","99820003","CZ","WH01","DC Praha-Jinonice (mock)","A-CHLEB","PRG-C001-STR",576,576,0,3,1212,636,32.61,16.99,12,15592.07,17463.12,11522.23,4069.84,30,"uhrazeno","dodano",true,"Vikendova akce","streda",false,false,17.4,11.7,-3,""
"TX-2025-000535","FV-2025-000535","ORD-2025-000535","2025-07-14T17:22:00","2025-07-16T09:34:00","2025-07-16","C004","TESCO Mock Stores CR a.s.","retail_retezec","99910004","CZ99910004","Ostrava","Moravskoslezsky kraj","70030",49.7854,18.2741,"EDI","gold","P001","PEC-ROH-043","Rohlik tukovy 43 g","bezne_pecivo","klasicky","ks",50,1,"LOT-20250716-S001-504","S001","Pekarna Slunce s.r.o. (mock)","99820001","CZ","WH03","DC Ostrava-Hrabova (mock)","B-BEZNE","OVA-C004-STR",1450,1339,0,1,2990,1651,3.2,5.66,12,4042.28,4527.35,2426.14,1616.14,30,"uhrazeno","castecne_dodano",false,"","streda",false,false,18,0,0,""
"TX-2025-000536","FV-2025-000536","ORD-2025-000536","2025-07-15T10:31:00","2025-07-16T04:14:00","2025-07-16","C006","Rohlik.cz Mock a.s.","ecommerce","99910006","CZ99910006","Praha","Hlavni mesto Praha","18600",50.1008,14.4749,"API_B2B","platinum","P007","PEC-CRO-065","Croissant maslovy 65 g","jemne_pecivo","maslovy","ks",24,3,"LOT-20250716-S004-302","S004","Danube Bakery SK s.r.o. (mock)","99820004","SK","WH01","DC Praha-Jinonice (mock)","C-JEMNE","PRG-C006-STR",192,192,3,0,284,95,19.11,8.47,12,3305.87,3702.57,2251.85,1054.02,14,"uhrazeno","dodano",false,"","streda",false,false,24.3,1.8,-15,""
"TX-2025-000537","FV-2025-000537","ORD-2025-000537","2025-07-13T11:48:00","2025-07-16T07:54:00","2025-07-16","C011","Fakultni nemocnice Demo (mock)","verejny_sektor","99910011","CZ99910011","Hradec Kralove","Kralovehradecky kraj","50005",50.1956,15.8328,"email","silver","P004","PEC-CHL-500","Chleb konzumentni 500 g","chleb","psenicno-zitny","ks",12,4,"LOT-20250716-S001-425","S001","Pekarna Slunce s.r.o. (mock)","99820001","CZ","WH01","DC Praha-Jinonice (mock)","A-CHLEB","PRG-C011-STR",72,72,0,1,187,115,32.11,4.14,12,2216.21,2482.16,1436.87,779.34,30,"uhrazeno","dodano",false,"","streda",false,false,25.3,2.1,-15,""
"TX-2025-000538","FV-2025-000538","ORD-2025-000538","2025-07-15T10:02:00","2025-07-17T09:06:00","2025-07-17","C002","ALBERT Mock Retail s.r.o.","retail_retezec","99910002","CZ99910002","Praha","Hlavni mesto Praha","10000",50.0724,14.4907,"EDI","platinum","P008","PEC-KOB-060","Kobliha s marmeladou 60 g","jemne_pecivo","merunkova","ks",30,2,"LOT-20250717-S003-672","S003","Slezska pekarna s.r.o. (mock)","99820003","CZ","WH01","DC Praha-Jinonice (mock)","C-JEMNE","PRG-C002-CTV",660,660,0,6,891,231,15.43,8.96,12,9271.33,10383.89,5907,3364.33,30,"uhrazeno","dodano",false,"","ctvrtek",false,false,18.1,0,1,""
"TX-2025-000539","FV-2025-000539","ORD-2025-000539","2025-07-14T09:29:00","2025-07-17T10:47:00","2025-07-17","C003","KAUFLAND Mock CR v.o.s.","retail_retezec","99910003","CZ99910003","Brno","Jihomoravsky kraj","62700",49.1678,16.6827,"EDI","platinum","P007","PEC-CRO-065","Croissant maslovy 65 g","jemne_pecivo","maslovy","ks",24,3,"LOT-20250717-S004-195","S004","Danube Bakery SK s.r.o. (mock)","99820004","SK","WH02","DC Brno-Slatina (mock)","C-JEMNE","BRN-C003-CTV",648,648,0,0,1436,788,18.98,23.74,12,9379.25,10504.76,7639.08,1740.17,30,"uhrazeno","dodano",true,"Akce pecivo -15 %","ctvrtek",false,false,22.1,0.4,3,""
"TX-2025-000540","FV-2025-000540","ORD-2025-000540","2025-07-14T12:56:00","2025-07-17T05:21:00","2025-07-17","C008","BILLA Mock, spol. s r.o.","retail_retezec","99910008","CZ99910008","Modletice","Stredocesky kraj","25101",49.9708,14.5852,"EDI","gold","P008","PEC-KOB-060","Kobliha s marmeladou 60 g","jemne_pecivo","merunkova","ks",30,2,"LOT-20250717-S001-937","S001","Pekarna Slunce s.r.o. (mock)","99820001","CZ","WH01","DC Praha-Jinonice (mock)","C-JEMNE","PRG-C008-CTV",510,510,0,0,654,144,15.66,20.71,12,6332.58,7092.49,4706.93,1625.65,30,"uhrazeno","dodano",true,"Akce pecivo -15 %","ctvrtek",false,false,23.4,2.1,-15,""
"TX-2025-000541","FV-2025-000541","ORD-2025-000541","2025-07-15T08:18:00","2025-07-18T06:54:00","2025-07-18","C001","LIDL Mock CR s.r.o.","retail_retezec","99910001","CZ99910001","Praha","Hlavni mesto Praha","15800",50.0525,14.3254,"EDI","platinum","P001","PEC-ROH-043","Rohlik tukovy 43 g","bezne_pecivo","klasicky","ks",50,1,"LOT-20250718-S001-525","S001","Pekarna Slunce s.r.o. (mock)","99820001","CZ","WH01","DC Praha-Jinonice (mock)","B-BEZNE","PRG-C001-PAT",2300,2300,0,41,5985,3685,3.24,8.31,12,6832.74,7652.67,4246.26,2586.48,30,"uhrazeno","dodano",false,"","patek",false,false,25.6,0,-15,""
"TX-2025-000542","FV-2025-000542","ORD-2025-000542","2025-07-16T12:15:00","2025-07-18T05:17:00","2025-07-18","C005","PENNY Mock Market s.r.o.","retail_retezec","99910005","CZ99910005","Radonice","Stredocesky kraj","25073",50.1437,14.6077,"EDI","gold","P003","PEC-KAI-060","Kaiserka sezamova 60 g","bezne_pecivo","sezam","ks",35,2,"LOT-20250718-S003-340","S003","Slezska pekarna s.r.o. (mock)","99820003","CZ","WH01","DC Praha-Jinonice (mock)","B-BEZNE","PRG-C005-PAT",875,875,0,6,1620,745,7.92,6.3,12,6493.41,7272.62,4044.48,2448.93,21,"uhrazeno","dodano",false,"","patek",false,false,21.2,0,9,""
"TX-2025-000543","FV-2025-000543","ORD-2025-000543","2025-07-17T16:48:00","2025-07-18T09:43:00","2025-07-18","C006","Rohlik.cz Mock a.s.","ecommerce","99910006","CZ99910006","Praha","Hlavni mesto Praha","18600",50.1008,14.4749,"API_B2B","platinum","P002","PEC-ROH-055-CZ","Rohlik celozrnny 55 g","bezne_pecivo","celozrnny","ks",40,2,"LOT-20250718-S002-460","S002","Moravske pecivo a.s. (mock)","99820002","CZ","WH01","DC Praha-Jinonice (mock)","B-BEZNE","PRG-C006-PAT",280,280,2,0,599,321,6.68,8.18,12,1705.13,1909.75,1027.86,677.27,14,"uhrazeno","dodano",false,"","patek",false,false,18.2,0,13,""
"TX-2025-000544","FV-2025-000544","ORD-2025-000544","2025-07-17T13:16:00","2025-07-18T04:03:00","2025-07-18","C010","Kavarny KafeKruh s.r.o. (mock)","horeca","99910010","CZ99910010","Plzen","Plzensky kraj","30100",49.7384,13.3736,"B2B_eshop","silver","P005","PEC-CHL-750-ZIT","Chleb zitny kvaskovy 750 g","chleb","kvaskovy","ks",10,5,"LOT-20250718-S004-118","S004","Danube Bakery SK s.r.o. (mock)","99820004","SK","WH01","DC Praha-Jinonice (mock)","A-CHLEB","PRG-C010-PAT",30,30,1,1,62,33,55.2,3.92,12,1538.05,1722.62,925.32,612.73,14,"uhrazeno","dodano",false,"","patek",false,false,22,0,3,""
"TX-2025-000545","FV-2025-000545","ORD-2025-000545","2025-07-17T17:02:00","2025-07-19T06:45:00","2025-07-19","C001","LIDL Mock CR s.r.o.","retail_retezec","99910001","CZ99910001","Praha","Hlavni mesto Praha","15800",50.0525,14.3254,"EDI","platinum","P001","PEC-ROH-043","Rohlik tukovy 43 g","bezne_pecivo","klasicky","ks",50,1,"LOT-20250719-S003-809","S003","Slezska pekarna s.r.o. (mock)","99820003","CZ","WH01","DC Praha-Jinonice (mock)","B-BEZNE","PRG-C001-SOB",2350,2350,20,3,5892,3562,3.23,16.29,12,6299.93,7055.92,4271.37,2028.56,30,"uhrazeno","dodano",true,"Vikendova akce","sobota",true,false,20.9,0,4,""
"TX-2025-000546","FV-2025-000546","ORD-2025-000546","2025-07-17T11:23:00","2025-07-19T06:42:00","2025-07-19","C004","TESCO Mock Stores CR a.s.","retail_retezec","99910004","CZ99910004","Ostrava","Moravskoslezsky kraj","70030",49.7854,18.2741,"EDI","gold","P011","PEC-HOU-060","Houska psenicna 60 g","bezne_pecivo","klasicka","ks",40,2,"LOT-20250719-S003-166","S003","Slezska pekarna s.r.o. (mock)","99820003","CZ","WH03","DC Ostrava-Hrabova (mock)","B-BEZNE","OVA-C004-SOB",1280,1280,0,0,1980,700,5.48,6.51,12,6557.76,7344.69,3927.46,2630.3,30,"uhrazeno","dodano",false,"","sobota",true,false,18.9,6.4,-8,""
"TX-2025-000547","FV-2025-000547","ORD-2025-000547","2025-07-17T11:38:00","2025-07-19T05:13:00","2025-07-19","C012","Restaurace U Tri pecnu s.r.o. (mock)","horeca","99910012","CZ99910012","Ceske Budejovice","Jihocesky kraj","37001",48.9745,14.4743,"obchodni_zastupce","standard","P001","PEC-ROH-043","Rohlik tukovy 43 g","bezne_pecivo","klasicky","ks",50,1,"LOT-20250719-S003-361","S003","Slezska pekarna s.r.o. (mock)","99820003","CZ","WH01","DC Praha-Jinonice (mock)","B-BEZNE","PRG-C012-SOB",200,200,1,4,548,349,3.3,2.35,12,641.27,718.22,385.48,255.79,14,"uhrazeno","dodano",false,"","sobota",true,false,24.5,0,1,""
"TX-2025-000548","FV-2025-000548","ORD-2025-000548","2025-07-19T14:07:00","2025-07-21T07:01:00","2025-07-21","C001","LIDL Mock CR s.r.o.","retail_retezec","99910001","CZ99910001","Praha","Hlavni mesto Praha","15800",50.0525,14.3254,"EDI","platinum","P003","PEC-KAI-060","Kaiserka sezamova 60 g","bezne_pecivo","sezam","ks",35,2,"LOT-20250721-S001-847","S001","Pekarna Slunce s.r.o. (mock)","99820001","CZ","WH01","DC Praha-Jinonice (mock)","B-BEZNE","PRG-C001-PON",1645,1645,0,19,2189,544,8.01,8.61,12,12041.96,13487,7379.67,4662.29,30,"uhrazeno","dodano",false,"","pondeli",false,false,25.3,1.4,2,""
"TX-2025-000549","FV-2025-000549","ORD-2025-000549","2025-07-19T10:00:00","2025-07-21T07:11:00","2025-07-21","C003","KAUFLAND Mock CR v.o.s.","retail_retezec","99910003","CZ99910003","Brno","Jihomoravsky kraj","62700",49.1678,16.6827,"EDI","platinum","P007","PEC-CRO-065","Croissant maslovy 65 g","jemne_pecivo","maslovy","ks",24,3,"LOT-20250721-S002-803","S002","Moravske pecivo a.s. (mock)","99820002","CZ","WH02","DC Brno-Slatina (mock)","C-JEMNE","BRN-C003-PON",456,456,10,0,1159,713,19.37,9.16,12,7847.69,8789.41,5595.7,2251.99,30,"uhrazeno","dodano",false,"","pondeli",false,false,15.7,0,12,""
"TX-2025-000550","FV-2025-000550","ORD-2025-000550","2025-07-18T17:56:00","2025-07-21T10:30:00","2025-07-21","C006","Rohlik.cz Mock a.s.","ecommerce","99910006","CZ99910006","Praha","Hlavni mesto Praha","18600",50.1008,14.4749,"API_B2B","platinum","P007","PEC-CRO-065","Croissant maslovy 65 g","jemne_pecivo","maslovy","ks",24,3,"LOT-20250721-S002-614","S002","Moravske pecivo a.s. (mock)","99820002","CZ","WH01","DC Praha-Jinonice (mock)","C-JEMNE","PRG-C006-PON",192,192,0,0,350,158,18.9,8.89,12,3306.2,3702.94,2343.97,962.23,14,"uhrazeno","dodano",false,"","pondeli",false,false,23.5,0.2,-7,""
"TX-2025-000551","FV-2025-000551","ORD-2025-000551","2025-07-18T13:45:00","2025-07-21T07:00:00","2025-07-21","C007","MAKRO Mock Cash & Carry CR s.r.o.","velkoobchod","99910007","CZ99910007","Praha","Hlavni mesto Praha","25242",49.9971,14.4291,"EDI","gold","P009","PEC-VEC-360","Veka tukova 360 g","chleb","klasicka","ks",14,3,"LOT-20250721-S001-806","S001","Pekarna Slunce s.r.o. (mock)","99820001","CZ","WH01","DC Praha-Jinonice (mock)","A-CHLEB","PRG-C007-PON",196,196,0,4,453,257,30.07,5.75,12,5554.83,6221.41,3447.93,2106.9,21,"uhrazeno","dodano",false,"","pondeli",false,false,15.4,2.4,-15,""
"TX-2025-000552","FV-2025-000552","ORD-2025-000552","2025-07-19T15:40:00","2025-07-22T08:14:00","2025-07-22","C002","ALBERT Mock Retail s.r.o.","retail_retezec","99910002","CZ99910002","Praha","Hlavni mesto Praha","10000",50.0724,14.4907,"EDI","platinum","P005","PEC-CHL-750-ZIT","Chleb zitny kvaskovy 750 g","chleb","kvaskovy","ks",10,5,"LOT-20250722-S004-679","S004","Danube Bakery SK s.r.o. (mock)","99820004","SK","WH01","DC Praha-Jinonice (mock)","A-CHLEB","PRG-C002-UTE",260,260,2,3,357,99,56.4,23.24,12,11169.5,12509.84,8762.16,2407.34,30,"uhrazeno","dodano",true,"Akce pecivo -15 %","utery",false,false,15.9,0,14,""
"TX-2025-000553","FV-2025-000553","ORD-2025-000553","2025-07-19T10:25:00","2025-07-22T05:01:00","2025-07-22","C005","PENNY Mock Market s.r.o.","retail_retezec","99910005","CZ99910005","Radonice","Stredocesky kraj","25073",50.1437,14.6077,"EDI","gold","P002","PEC-ROH-055-CZ","Rohlik celozrnny 55 g","bezne_pecivo","celozrnny","ks",40,2,"LOT-20250722-S002-219","S002","Moravske pecivo a.s. (mock)","99820002","CZ","WH01","DC Praha-Jinonice (mock)","B-BEZNE","PRG-C005-UTE",720,720,11,0,1686,977,6.72,6.27,12,4465.75,5001.64,2724.13,1741.62,21,"uhrazeno","dodano",false,"","utery",false,false,21,0,-2,""
"TX-2025-000554","FV-2025-000554","ORD-2025-000554","2025-07-21T14:33:00","2025-07-22T09:23:00","2025-07-22","C009","Skolni jidelna Javor (mock)","verejny_sektor","99910009","CZ99910009","Olomouc","Olomoucky kraj","77900",49.5938,17.2509,"email","standard","P001","PEC-ROH-043","Rohlik tukovy 43 g","bezne_pecivo","klasicky","ks",50,1,"LOT-20250722-S001-949","S001","Pekarna Slunce s.r.o. (mock)","99820001","CZ","WH02","DC Brno-Slatina (mock)","B-BEZNE","BRN-C009-UTE",50,50,0,0,526,476,3.18,2.6,12,154.87,173.45,92.8,62.07,14,"uhrazeno","dodano",false,"","utery",false,false,24.1,0,-3,""
"TX-2025-000555","FV-2025-000555","ORD-2025-000555","2025-07-21T17:24:00","2025-07-23T06:04:00","2025-07-23","C001","LIDL Mock CR s.r.o.","retail_retezec","99910001","CZ99910001","Praha","Hlavni mesto Praha","15800",50.0525,14.3254,"EDI","platinum","P006","PEC-BAG-110","Bageta bila 110 g","bezne_pecivo","bila","ks",25,2,"LOT-20250723-S003-738","S003","Slezska pekarna s.r.o. (mock)","99820003","CZ","WH01","DC Praha-Jinonice (mock)","B-BEZNE","PRG-C001-STR",950,950,0,0,2314,1364,13.23,8,12,11563.02,12950.58,6998.18,4564.84,30,"uhrazeno","dodano",false,"","streda",false,false,23,0,6,"prioritni vykladka"
"TX-2025-000556","FV-2025-000556","ORD-2025-000556","2025-07-21T15:00:00","2025-07-23T07:35:00","2025-07-23","C004","TESCO Mock Stores CR a.s.","retail_retezec","99910004","CZ99910004","Ostrava","Moravskoslezsky kraj","70030",49.7854,18.2741,"EDI","gold","P003","PEC-KAI-060","Kaiserka sezamova 60 g","bezne_pecivo","sezam","ks",35,2,"LOT-20250723-S003-749","S003","Slezska pekarna s.r.o. (mock)","99820003","CZ","WH03","DC Ostrava-Hrabova (mock)","B-BEZNE","OVA-C004-STR",1050,0,0,0,1119,1119,8,20.83,12,0,0,0,0,30,"stornovano","zruseno",true,"Akce pecivo -15 %","streda",false,false,21.7,0.2,0,""
"TX-2025-000557","FV-2025-000557","ORD-2025-000557","2025-07-20T13:28:00","2025-07-23T10:13:00","2025-07-23","C006","Rohlik.cz Mock a.s.","ecommerce","99910006","CZ99910006","Praha","Hlavni mesto Praha","18600",50.1008,14.4749,"API_B2B","platinum","P012","PEC-DAL-070","Dalamanek grahamovy 70 g","bezne_pecivo","grahamovy","ks",32,2,"LOT-20250723-S003-639","S003","Slezska pekarna s.r.o. (mock)","99820003","CZ","WH01","DC Praha-Jinonice (mock)","B-BEZNE","PRG-C006-STR",256,256,0,3,404,148,9.92,8.53,12,2322.9,2601.65,1415.67,907.23,14,"uhrazeno","dodano",false,"","streda",false,false,20.4,8,-4,""
"TX-2025-000558","FV-2025-000558","ORD-2025-000558","2025-07-21T09:50:00","2025-07-24T09:57:00","2025-07-24","C002","ALBERT Mock Retail s.r.o.","retail_retezec","99910002","CZ99910002","Praha","Hlavni mesto Praha","10000",50.0724,14.4907,"EDI","platinum","P004","PEC-CHL-500","Chleb konzumentni 500 g","chleb","psenicno-zitny","ks",12,4,"LOT-20250724-S001-395","S001","Pekarna Slunce s.r.o. (mock)","99820001","CZ","WH01","DC Praha-Jinonice (mock)","A-CHLEB","PRG-C002-CTV",420,420,0,9,984,564,31.92,8.19,12,12308.42,13785.43,8412.34,3896.08,30,"uhrazeno","dodano",false,"","ctvrtek",false,false,24.8,0,4,""
"TX-2025-000559","FV-2025-000559","ORD-2025-000559","2025-07-21T10:23:00","2025-07-24T04:40:00","2025-07-24","C003","KAUFLAND Mock CR v.o.s.","retail_retezec","99910003","CZ99910003","Brno","Jihomoravsky kraj","62700",49.1678,16.6827,"EDI","platinum","P009","PEC-VEC-360","Veka tukova 360 g","chleb","klasicka","ks",14,3,"LOT-20250724-S001-708","S001","Pekarna Slunce s.r.o. (mock)","99820001","CZ","WH02","DC Brno-Slatina (mock)","A-CHLEB","BRN-C003-CTV",336,336,0,0,561,225,30.5,9.16,12,9309.28,10426.39,6002.51,3306.77,30,"uhrazeno","dodano",false,"","ctvrtek",false,false,19.3,0,-2,""
"TX-2025-000560","FV-2025-000560","ORD-2025-000560","2025-07-23T16:32:00","2025-07-25T06:25:00","2025-07-25","C001","LIDL Mock CR s.r.o.","retail_retezec","99910001","CZ99910001","Praha","Hlavni mesto Praha","15800",50.0525,14.3254,"EDI","platinum","P008","PEC-KOB-060","Kobliha s marmeladou 60 g","jemne_pecivo","merunkova","ks",30,2,"LOT-20250725-S001-211","S001","Pekarna Slunce s.r.o. (mock)","99820001","CZ","WH01","DC Praha-Jinonice (mock)","C-JEMNE","PRG-C001-PAT",870,870,2,0,1225,357,15.44,16.78,12,11153.08,12491.45,7617.13,3535.95,30,"uhrazeno","dodano",true,"Vikendova akce","patek",false,false,21,0,6,""
"TX-2025-000561","FV-2025-000561","ORD-2025-000561","2025-07-23T08:06:00","2025-07-25T10:37:00","2025-07-25","C005","PENNY Mock Market s.r.o.","retail_retezec","99910005","CZ99910005","Radonice","Stredocesky kraj","25073",50.1437,14.6077,"EDI","gold","P001","PEC-ROH-043","Rohlik tukovy 43 g","bezne_pecivo","klasicky","ks",50,1,"LOT-20250725-S001-886","S001","Pekarna Slunce s.r.o. (mock)","99820001","CZ","WH01","DC Praha-Jinonice (mock)","B-BEZNE","PRG-C005-PAT",1550,1550,0,1,3125,1575,3.19,6.52,12,4622.12,5176.77,2950.05,1672.07,21,"uhrazeno","dodano",false,"","patek",false,false,24.7,0,-3,""
"TX-2025-000562","FV-2025-000562","ORD-2025-000562","2025-07-24T14:39:00","2025-07-25T06:06:00","2025-07-25","C010","Kavarny KafeKruh s.r.o. (mock)","horeca","99910010","CZ99910010","Plzen","Plzensky kraj","30100",49.7384,13.3736,"B2B_eshop","silver","P008","PEC-KOB-060","Kobliha s marmeladou 60 g","jemne_pecivo","merunkova","ks",30,2,"LOT-20250725-S003-998","S003","Slezska pekarna s.r.o. (mock)","99820003","CZ","WH01","DC Praha-Jinonice (mock)","C-JEMNE","PRG-C010-PAT",60,60,0,1,146,86,15.91,3.19,12,924.15,1035.05,562.65,361.5,14,"uhrazeno","dodano",false,"","patek",false,false,17.9,0,-8,""
"TX-2025-000563","FV-2025-000563","ORD-2025-000563","2025-07-24T12:20:00","2025-07-26T07:58:00","2025-07-26","C004","TESCO Mock Stores CR a.s.","retail_retezec","99910004","CZ99910004","Ostrava","Moravskoslezsky kraj","70030",49.7854,18.2741,"EDI","gold","P001","PEC-ROH-043","Rohlik tukovy 43 g","bezne_pecivo","klasicky","ks",50,1,"LOT-20250726-S002-169","S002","Moravske pecivo a.s. (mock)","99820002","CZ","WH03","DC Ostrava-Hrabova (mock)","B-BEZNE","OVA-C004-SOB",1500,1500,16,0,3655,2171,3.27,6.55,12,4534.83,5079.01,2740.59,1794.24,30,"uhrazeno","dodano",false,"","sobota",true,false,23.1,1.6,10,"synteticky testovaci zaznam"
"TX-2025-000564","FV-2025-000564","ORD-2025-000564","2025-07-24T08:51:00","2025-07-26T06:27:00","2025-07-26","C012","Restaurace U Tri pecnu s.r.o. (mock)","horeca","99910012","CZ99910012","Ceske Budejovice","Jihocesky kraj","37001",48.9745,14.4743,"obchodni_zastupce","standard","P001","PEC-ROH-043","Rohlik tukovy 43 g","bezne_pecivo","klasicky","ks",50,1,"LOT-20250726-S003-235","S003","Slezska pekarna s.r.o. (mock)","99820003","CZ","WH01","DC Praha-Jinonice (mock)","B-BEZNE","PRG-C012-SOB",250,250,0,0,595,345,3.28,1.78,12,805.4,902.05,485.52,319.88,14,"uhrazeno","dodano",false,"","sobota",true,false,22.9,0,0,""
"TX-2025-000565","FV-2025-000565","ORD-2025-000565","2025-07-25T11:42:00","2025-07-28T09:11:00","2025-07-28","C001","LIDL Mock CR s.r.o.","retail_retezec","99910001","CZ99910001","Praha","Hlavni mesto Praha","15800",50.0525,14.3254,"EDI","platinum","P008","PEC-KOB-060","Kobliha s marmeladou 60 g","jemne_pecivo","merunkova","ks",30,2,"LOT-20250728-S001-197","S001","Pekarna Slunce s.r.o. (mock)","99820001","CZ","WH01","DC Praha-Jinonice (mock)","C-JEMNE","PRG-C001-PON",750,750,6,0,1754,1010,15.65,9.02,12,10593.35,11864.55,6561.77,4031.58,30,"uhrazeno","dodano",false,"","pondeli",false,false,20.9,0,10,""
"TX-2025-000566","FV-2025-000566","ORD-2025-000566","2025-07-25T13:16:00","2025-07-28T04:20:00","2025-07-28","C003","KAUFLAND Mock CR v.o.s.","retail_retezec","99910003","CZ99910003","Brno","Jihomoravsky kraj","62700",49.1678,16.6827,"EDI","platinum","P009","PEC-VEC-360","Veka tukova 360 g","chleb","klasicka","ks",14,3,"LOT-20250728-S001-839","S001","Pekarna Slunce s.r.o. (mock)","99820001","CZ","WH02","DC Brno-Slatina (mock)","A-CHLEB","BRN-C003-PON",294,294,6,8,581,293,30.17,8.41,12,7958.22,8913.21,5053.82,2904.4,30,"uhrazeno","dodano",false,"","pondeli",false,false,19.4,0,9,""
"TX-2025-000567","FV-2025-000567","ORD-2025-000567","2025-07-26T10:35:00","2025-07-28T07:10:00","2025-07-28","C006","Rohlik.cz Mock a.s.","ecommerce","99910006","CZ99910006","Praha","Hlavni mesto Praha","18600",50.1008,14.4749,"API_B2B","platinum","P012","PEC-DAL-070","Dalamanek grahamovy 70 g","bezne_pecivo","grahamovy","ks",32,2,"LOT-20250728-S003-982","S003","Slezska pekarna s.r.o. (mock)","99820003","CZ","WH01","DC Praha-Jinonice (mock)","B-BEZNE","PRG-C006-PON",160,160,1,0,457,298,10.06,8.81,12,1458.62,1633.65,888.09,570.53,14,"uhrazeno","dodano",false,"","pondeli",false,false,18.5,0,7,""
"TX-2025-000568","FV-2025-000568","ORD-2025-000568","2025-07-26T11:54:00","2025-07-28T09:55:00","2025-07-28","C007","MAKRO Mock Cash & Carry CR s.r.o.","velkoobchod","99910007","CZ99910007","Praha","Hlavni mesto Praha","25242",49.9971,14.4291,"EDI","gold","P002","PEC-ROH-055-CZ","Rohlik celozrnny 55 g","bezne_pecivo","celozrnny","ks",40,2,"LOT-20250728-S002-228","S002","Moravske pecivo a.s. (mock)","99820002","CZ","WH01","DC Praha-Jinonice (mock)","B-BEZNE","PRG-C007-PON",880,880,21,0,1704,845,6.63,6.53,12,5323.28,5962.07,3127.71,2195.57,21,"uhrazeno","dodano",false,"","pondeli",false,false,21.8,0,-7,""
"TX-2025-000569","FV-2025-000569","ORD-2025-000569","2025-07-27T13:50:00","2025-07-29T06:31:00","2025-07-29","C005","PENNY Mock Market s.r.o.","retail_retezec","99910005","CZ99910005","Radonice","Stredocesky kraj","25073",50.1437,14.6077,"EDI","gold","P008","PEC-KOB-060","Kobliha s marmeladou 60 g","jemne_pecivo","merunkova","ks",30,2,"LOT-20250729-S003-417","S003","Slezska pekarna s.r.o. (mock)","99820003","CZ","WH01","DC Praha-Jinonice (mock)","C-JEMNE","PRG-C005-UTE",510,510,0,0,1018,508,15.79,14.43,12,6890.87,7717.77,4694.04,2196.83,21,"uhrazeno","dodano",true,"Vikendova akce","utery",false,false,25.5,0,-5,""
"TX-2025-000570","FV-2025-000570","ORD-2025-000570","2025-07-27T09:12:00","2025-07-29T06:06:00","2025-07-29","C009","Skolni jidelna Javor (mock)","verejny_sektor","99910009","CZ99910009","Olomouc","Olomoucky kraj","77900",49.5938,17.2509,"email","standard","P004","PEC-CHL-500","Chleb konzumentni 500 g","chleb","psenicno-zitny","ks",12,4,"LOT-20250729-S001-831","S001","Pekarna Slunce s.r.o. (mock)","99820001","CZ","WH02","DC Brno-Slatina (mock)","A-CHLEB","BRN-C009-UTE",12,12,0,0,83,71,32.2,2,12,378.67,424.11,233.97,144.7,14,"uhrazeno","dodano",false,"","utery",false,false,18.6,1.4,-8,""
"TX-2025-000571","FV-2025-000571","ORD-2025-000571","2025-07-28T12:32:00","2025-07-30T08:52:00","2025-07-30","C001","LIDL Mock CR s.r.o.","retail_retezec","99910001","CZ99910001","Praha","Hlavni mesto Praha","15800",50.0525,14.3254,"EDI","platinum","P006","PEC-BAG-110","Bageta bila 110 g","bezne_pecivo","bila","ks",25,2,"LOT-20250730-S003-725","S003","Slezska pekarna s.r.o. (mock)","99820003","CZ","WH01","DC Praha-Jinonice (mock)","B-BEZNE","PRG-C001-STR",1050,1050,8,0,2193,1151,12.9,8.49,12,12300.59,13776.66,7278.06,5022.53,30,"uhrazeno","dodano",false,"","streda",false,false,15.5,0.2,-7,""
"TX-2025-000572","FV-2025-000572","ORD-2025-000572","2025-07-27T12:03:00","2025-07-30T07:29:00","2025-07-30","C004","TESCO Mock Stores CR a.s.","retail_retezec","99910004","CZ99910004","Ostrava","Moravskoslezsky kraj","70030",49.7854,18.2741,"EDI","gold","P003","PEC-KAI-060","Kaiserka sezamova 60 g","bezne_pecivo","sezam","ks",35,2,"LOT-20250730-S003-475","S003","Slezska pekarna s.r.o. (mock)","99820003","CZ","WH03","DC Ostrava-Hrabova (mock)","B-BEZNE","OVA-C004-STR",1085,1085,0,25,1545,460,8.05,6.5,12,8166.52,9146.5,4927.01,3239.51,30,"uhrazeno","dodano",false,"","streda",false,false,18.8,0,-4,""
"TX-2025-000573","FV-2025-000573","ORD-2025-000573","2025-07-29T14:24:00","2025-07-30T04:36:00","2025-07-30","C006","Rohlik.cz Mock a.s.","ecommerce","99910006","CZ99910006","Praha","Hlavni mesto Praha","18600",50.1008,14.4749,"API_B2B","platinum","P005","PEC-CHL-750-ZIT","Chleb zitny kvaskovy 750 g","chleb","kvaskovy","ks",10,5,"LOT-20250730-S004-454","S004","Danube Bakery SK s.r.o. (mock)","99820004","SK","WH01","DC Praha-Jinonice (mock)","A-CHLEB","PRG-C006-STR",60,60,0,0,159,99,56.74,8.59,12,3111.96,3485.4,1970.17,1141.79,14,"uhrazeno","dodano",false,"","streda",false,false,15.8,0,-4,""
"TX-2025-000574","FV-2025-000574","ORD-2025-000574","2025-07-29T14:38:00","2025-07-30T07:46:00","2025-07-30","C011","Fakultni nemocnice Demo (mock)","verejny_sektor","99910011","CZ99910011","Hradec Kralove","Kralovehradecky kraj","50005",50.1956,15.8328,"email","silver","P001","PEC-ROH-043","Rohlik tukovy 43 g","bezne_pecivo","klasicky","ks",50,1,"LOT-20250730-S001-463","S001","Pekarna Slunce s.r.o. (mock)","99820001","CZ","WH01","DC Praha-Jinonice (mock)","B-BEZNE","PRG-C011-STR",400,400,0,0,901,501,3.3,3.23,12,1277.36,1430.64,778.31,499.05,30,"uhrazeno","dodano",false,"","streda",false,false,20,0,9,"kontrola mnozstvi pri prevzeti"
"TX-2025-000575","FV-2025-000575","ORD-2025-000575","2025-07-29T09:03:00","2025-07-31T06:06:00","2025-07-31","C003","KAUFLAND Mock CR v.o.s.","retail_retezec","99910003","CZ99910003","Brno","Jihomoravsky kraj","62700",49.1678,16.6827,"EDI","platinum","P004","PEC-CHL-500","Chleb konzumentni 500 g","chleb","psenicno-zitny","ks",12,4,"LOT-20250731-S001-202","S001","Pekarna Slunce s.r.o. (mock)","99820001","CZ","WH02","DC Brno-Slatina (mock)","A-CHLEB","BRN-C003-CTV",408,408,0,8,701,293,31.92,24.15,12,9878.22,11063.61,7854.89,2023.33,30,"uhrazeno","dodano",true,"Akce pecivo -15 %","ctvrtek",false,false,20.8,3.5,-15,""
"TX-2025-000576","FV-2025-000576","ORD-2025-000576","2025-07-29T08:16:00","2025-07-31T09:31:00","2025-07-31","C008","BILLA Mock, spol. s r.o.","retail_retezec","99910008","CZ99910008","Modletice","Stredocesky kraj","25101",49.9708,14.5852,"EDI","gold","P007","PEC-CRO-065","Croissant maslovy 65 g","jemne_pecivo","maslovy","ks",24,3,"LOT-20250731-S004-371","S004","Danube Bakery SK s.r.o. (mock)","99820004","SK","WH01","DC Praha-Jinonice (mock)","C-JEMNE","PRG-C008-CTV",432,432,0,8,830,398,18.97,21.48,12,6434.75,7206.92,5133.1,1301.65,30,"uhrazeno","dodano",true,"Akce pecivo -15 %","ctvrtek",false,false,18.2,1.9,10,""
"TX-2025-000577","FV-2025-000577","ORD-2025-000577","2025-07-30T11:20:00","2025-08-01T08:24:00","2025-08-01","C001","LIDL Mock CR s.r.o.","retail_retezec","99910001","CZ99910001","Praha","Hlavni mesto Praha","15800",50.0525,14.3254,"EDI","platinum","P002","PEC-ROH-055-CZ","Rohlik celozrnny 55 g","bezne_pecivo","celozrnny","ks",40,2,"LOT-20250801-S001-778","S001","Pekarna Slunce s.r.o. (mock)","99820001","CZ","WH01","DC Praha-Jinonice (mock)","B-BEZNE","PRG-C001-PAT",1240,1240,0,0,2375,1135,6.7,8.42,12,7608.47,8521.49,4536.82,3071.65,30,"uhrazeno","dodano",false,"","patek",false,false,17.8,0,-4,"synteticky testovaci zaznam"
"TX-2025-000578","FV-2025-000578","ORD-2025-000578","2025-07-29T14:43:00","2025-08-01T05:15:00","2025-08-01","C005","PENNY Mock Market s.r.o.","retail_retezec","99910005","CZ99910005","Radonice","Stredocesky kraj","25073",50.1437,14.6077,"EDI","gold","P006","PEC-BAG-110","Bageta bila 110 g","bezne_pecivo","bila","ks",25,2,"LOT-20250801-S003-694","S003","Slezska pekarna s.r.o. (mock)","99820003","CZ","WH01","DC Praha-Jinonice (mock)","B-BEZNE","PRG-C005-PAT",550,550,0,7,1201,651,13.1,6.45,12,6740.28,7549.11,4002.48,2737.8,21,"uhrazeno","dodano",false,"","patek",false,false,16.5,17.4,6,"kontrola mnozstvi pri prevzeti"
"TX-2025-000579","FV-2025-000579","ORD-2025-000579","2025-07-31T17:50:00","2025-08-01T05:51:00","2025-08-01","C006","Rohlik.cz Mock a.s.","ecommerce","99910006","CZ99910006","Praha","Hlavni mesto Praha","18600",50.1008,14.4749,"API_B2B","platinum","P007","PEC-CRO-065","Croissant maslovy 65 g","jemne_pecivo","maslovy","ks",24,3,"LOT-20250801-S002-331","S002","Moravske pecivo a.s. (mock)","99820002","CZ","WH01","DC Praha-Jinonice (mock)","C-JEMNE","PRG-C006-PAT",144,144,0,0,262,118,19.37,8.82,12,2543.27,2848.46,1766.65,776.62,14,"uhrazeno","dodano",false,"","patek",false,false,21.4,0,11,""
"TX-2025-000580","FV-2025-000580","ORD-2025-000580","2025-07-31T16:39:00","2025-08-02T08:26:00","2025-08-02","C001","LIDL Mock CR s.r.o.","retail_retezec","99910001","CZ99910001","Praha","Hlavni mesto Praha","15800",50.0525,14.3254,"EDI","platinum","P001","PEC-ROH-043","Rohlik tukovy 43 g","bezne_pecivo","klasicky","ks",50,1,"LOT-20250802-S001-710","S001","Pekarna Slunce s.r.o. (mock)","99820001","CZ","WH01","DC Praha-Jinonice (mock)","B-BEZNE","PRG-C001-SOB",2850,2850,0,0,6528,3678,3.23,8.69,12,8405.54,9414.2,5243.15,3162.39,30,"uhrazeno","dodano",false,"","sobota",true,false,23.3,0,7,""
"TX-2025-000581","FV-2025-000581","ORD-2025-000581","2025-07-31T12:50:00","2025-08-02T04:17:00","2025-08-02","C004","TESCO Mock Stores CR a.s.","retail_retezec","99910004","CZ99910004","Ostrava","Moravskoslezsky kraj","70030",49.7854,18.2741,"EDI","gold","P008","PEC-KOB-060","Kobliha s marmeladou 60 g","jemne_pecivo","merunkova","ks",30,2,"LOT-20250802-S003-392","S003","Slezska pekarna s.r.o. (mock)","99820003","CZ","WH03","DC Ostrava-Hrabova (mock)","C-JEMNE","OVA-C004-SOB",540,540,5,0,1381,846,15.87,6.55,12,7934.33,8886.45,4900.36,3033.97,30,"uhrazeno","dodano",false,"","sobota",true,false,15.7,9.1,-4,"synteticky testovaci zaznam"
"TX-2025-000582","FV-2025-000582","ORD-2025-000582","2025-07-31T11:07:00","2025-08-02T09:25:00","2025-08-02","C012","Restaurace U Tri pecnu s.r.o. (mock)","horeca","99910012","CZ99910012","Ceske Budejovice","Jihocesky kraj","37001",48.9745,14.4743,"obchodni_zastupce","standard","P003","PEC-KAI-060","Kaiserka sezamova 60 g","bezne_pecivo","sezam","ks",35,2,"LOT-20250802-S001-641","S001","Pekarna Slunce s.r.o. (mock)","99820001","CZ","WH01","DC Praha-Jinonice (mock)","B-BEZNE","PRG-C012-SOB",140,140,3,0,240,103,7.99,2.44,12,1067.92,1196.07,629.11,438.81,14,"uhrazeno","dodano",false,"","sobota",true,false,17.4,0,14,""
"TX-2025-000583","FV-2025-000583","ORD-2025-000583","2025-08-01T09:41:00","2025-08-04T06:20:00","2025-08-04","C001","LIDL Mock CR s.r.o.","retail_retezec","99910001","CZ99910001","Praha","Hlavni mesto Praha","15800",50.0525,14.3254,"EDI","platinum","P006","PEC-BAG-110","Bageta bila 110 g","bezne_pecivo","bila","ks",25,2,"LOT-20250804-S001-389","S001","Pekarna Slunce s.r.o. (mock)","99820001","CZ","WH01","DC Praha-Jinonice (mock)","B-BEZNE","PRG-C001-PON",1175,900,0,16,1601,701,13.02,24.13,12,8890.45,9957.3,6492.31,2398.14,30,"uhrazeno","castecne_dodano",true,"Akce pecivo -15 %","pondeli",false,false,16.5,0,-10,""
"TX-2025-000584","FV-2025-000584","ORD-2025-000584","2025-08-01T08:05:00","2025-08-04T05:14:00","2025-08-04","C003","KAUFLAND Mock CR v.o.s.","retail_retezec","99910003","CZ99910003","Brno","Jihomoravsky kraj","62700",49.1678,16.6827,"EDI","platinum","P001","PEC-ROH-043","Rohlik tukovy 43 g","bezne_pecivo","klasicky","ks",50,1,"LOT-20250804-S001-636","S001","Pekarna Slunce s.r.o. (mock)","99820001","CZ","WH02","DC Brno-Slatina (mock)","B-BEZNE","BRN-C003-PON",2800,2800,0,61,4394,1594,3.27,23.36,12,7017.16,7859.22,5439.07,1578.09,30,"uhrazeno","dodano",true,"Akce pecivo -15 %","pondeli",false,false,21.5,0,6,"prioritni vykladka"
"TX-2025-000585","FV-2025-000585","ORD-2025-000585","2025-08-02T08:30:00","2025-08-04T08:07:00","2025-08-04","C006","Rohlik.cz Mock a.s.","ecommerce","99910006","CZ99910006","Praha","Hlavni mesto Praha","18600",50.1008,14.4749,"API_B2B","platinum","P012","PEC-DAL-070","Dalamanek grahamovy 70 g","bezne_pecivo","grahamovy","ks",32,2,"LOT-20250804-S003-190","S003","Slezska pekarna s.r.o. (mock)","99820003","CZ","WH01","DC Praha-Jinonice (mock)","B-BEZNE","PRG-C006-PON",224,174,0,0,295,121,9.96,9.06,12,1576.03,1765.15,933.19,642.84,14,"uhrazeno","castecne_dodano",false,"","pondeli",false,false,19.9,0,-15,""
"TX-2025-000586","FV-2025-000586","ORD-2025-000586","2025-08-01T15:51:00","2025-08-04T09:54:00","2025-08-04","C007","MAKRO Mock Cash & Carry CR s.r.o.","velkoobchod","99910007","CZ99910007","Praha","Hlavni mesto Praha","25242",49.9971,14.4291,"EDI","gold","P006","PEC-BAG-110","Bageta bila 110 g","bezne_pecivo","bila","ks",25,2,"LOT-20250804-S001-855","S001","Pekarna Slunce s.r.o. (mock)","99820001","CZ","WH01","DC Praha-Jinonice (mock)","B-BEZNE","PRG-C007-PON",375,276,0,0,887,611,13.23,5.98,12,3433.12,3845.09,1979.27,1453.85,21,"uhrazeno","castecne_dodano",false,"","pondeli",false,false,14.8,2.8,0,"vratne prepravky"
"TX-2025-000587","FV-2025-000587","ORD-2025-000587","2025-08-03T17:21:00","2025-08-05T10:26:00","2025-08-05","C002","ALBERT Mock Retail s.r.o.","retail_retezec","99910002","CZ99910002","Praha","Hlavni mesto Praha","10000",50.0724,14.4907,"EDI","platinum","P002","PEC-ROH-055-CZ","Rohlik celozrnny 55 g","bezne_pecivo","celozrnny","ks",40,2,"LOT-20250805-S001-391","S001","Pekarna Slunce s.r.o. (mock)","99820001","CZ","WH01","DC Praha-Jinonice (mock)","B-BEZNE","PRG-C002-UTE",1120,1120,0,0,2430,1310,6.58,8.23,12,6763.08,7574.65,4117.8,2645.28,30,"uhrazeno","dodano",false,"","utery",false,false,21.7,0,15,""
"TX-2025-000588","FV-2025-000588","ORD-2025-000588","2025-08-02T13:50:00","2025-08-05T10:28:00","2025-08-05","C005","PENNY Mock Market s.r.o.","retail_retezec","99910005","CZ99910005","Radonice","Stredocesky kraj","25073",50.1437,14.6077,"EDI","gold","P001","PEC-ROH-043","Rohlik tukovy 43 g","bezne_pecivo","klasicky","ks",50,1,"LOT-20250805-S001-542","S001","Pekarna Slunce s.r.o. (mock)","99820001","CZ","WH01","DC Praha-Jinonice (mock)","B-BEZNE","PRG-C005-UTE",1750,1750,0,18,4077,2327,3.21,6.51,12,5251.8,5882.02,3163.65,2088.15,21,"uhrazeno","dodano",false,"","utery",false,false,16.9,0,-8,""
"TX-2025-000589","FV-2025-000589","ORD-2025-000589","2025-08-03T16:47:00","2025-08-05T08:01:00","2025-08-05","C009","Skolni jidelna Javor (mock)","verejny_sektor","99910009","CZ99910009","Olomouc","Olomoucky kraj","77900",49.5938,17.2509,"email","standard","P001","PEC-ROH-043","Rohlik tukovy 43 g","bezne_pecivo","klasicky","ks",50,1,"LOT-20250805-S001-638","S001","Pekarna Slunce s.r.o. (mock)","99820001","CZ","WH02","DC Brno-Slatina (mock)","B-BEZNE","BRN-C009-UTE",50,42,0,1,406,364,3.29,2.57,12,134.63,150.79,81.17,53.46,14,"uhrazeno","castecne_dodano",false,"","utery",false,false,18,0,-14,"vratne prepravky"
"TX-2025-000590","FV-2025-000590","ORD-2025-000590","2025-08-04T11:07:00","2025-08-06T09:45:00","2025-08-06","C004","TESCO Mock Stores CR a.s.","retail_retezec","99910004","CZ99910004","Ostrava","Moravskoslezsky kraj","70030",49.7854,18.2741,"EDI","gold","P011","PEC-HOU-060","Houska psenicna 60 g","bezne_pecivo","klasicka","ks",40,2,"LOT-20250806-S002-155","S002","Moravske pecivo a.s. (mock)","99820002","CZ","WH03","DC Ostrava-Hrabova (mock)","B-BEZNE","OVA-C004-STR",920,920,0,16,2059,1139,5.43,5.57,12,4717.35,5283.43,2750.49,1966.86,30,"uhrazeno","dodano",false,"","streda",false,false,21.3,2.8,3,""
"TX-2025-000591","FV-2025-000591","ORD-2025-000591","2025-08-03T09:16:00","2025-08-06T04:13:00","2025-08-06","C011","Fakultni nemocnice Demo (mock)","verejny_sektor","99910011","CZ99910011","Hradec Kralove","Kralovehradecky kraj","50005",50.1956,15.8328,"email","silver","P009","PEC-VEC-360","Veka tukova 360 g","chleb","klasicka","ks",14,3,"LOT-20250806-S002-516","S002","Moravske pecivo a.s. (mock)","99820002","CZ","WH01","DC Praha-Jinonice (mock)","A-CHLEB","PRG-C011-STR",84,62,1,1,124,63,30.58,3.11,12,1807.37,2024.25,1073.54,733.83,30,"uhrazeno","castecne_dodano",false,"","streda",false,false,24.6,0,-1,""
"TX-2025-000592","FV-2025-000592","ORD-2025-000592","2025-08-04T16:59:00","2025-08-07T06:40:00","2025-08-07","C002","ALBERT Mock Retail s.r.o.","retail_retezec","99910002","CZ99910002","Praha","Hlavni mesto Praha","10000",50.0724,14.4907,"EDI","platinum","P001","PEC-ROH-043","Rohlik tukovy 43 g","bezne_pecivo","klasicky","ks",50,1,"LOT-20250807-S003-337","S003","Slezska pekarna s.r.o. (mock)","99820003","CZ","WH01","DC Praha-Jinonice (mock)","B-BEZNE","PRG-C002-CTV",1750,1750,0,0,4596,2846,3.24,8.66,12,5178.98,5800.46,3340.98,1838,30,"uhrazeno","dodano",false,"","ctvrtek",false,false,21.8,3,1,""
"TX-2025-000593","FV-2025-000593","ORD-2025-000593","2025-08-05T16:54:00","2025-08-07T06:47:00","2025-08-07","C003","KAUFLAND Mock CR v.o.s.","retail_retezec","99910003","CZ99910003","Brno","Jihomoravsky kraj","62700",49.1678,16.6827,"EDI","platinum","P001","PEC-ROH-043","Rohlik tukovy 43 g","bezne_pecivo","klasicky","ks",50,1,"LOT-20250807-S003-465","S003","Slezska pekarna s.r.o. (mock)","99820003","CZ","WH02","DC Brno-Slatina (mock)","B-BEZNE","BRN-C003-CTV",2100,2100,0,51,4543,2443,3.19,8.42,12,6134.94,6871.13,3785.23,2349.71,30,"uhrazeno","dodano",false,"","ctvrtek",false,false,21.6,0,-5,"prioritni vykladka"
"TX-2025-000594","FV-2025-000594","ORD-2025-000594","2025-08-05T17:35:00","2025-08-07T10:59:00","2025-08-07","C008","BILLA Mock, spol. s r.o.","retail_retezec","99910008","CZ99910008","Modletice","Stredocesky kraj","25101",49.9708,14.5852,"EDI","gold","P001","PEC-ROH-043","Rohlik tukovy 43 g","bezne_pecivo","klasicky","ks",50,1,"LOT-20250807-S001-395","S001","Pekarna Slunce s.r.o. (mock)","99820001","CZ","WH01","DC Praha-Jinonice (mock)","B-BEZNE","PRG-C008-CTV",950,950,1,7,1643,694,3.29,6.1,12,2931.76,3283.57,1809.4,1122.36,30,"uhrazeno","dodano",false,"","ctvrtek",false,false,18.5,0,-7,""
"TX-2025-000595","FV-2025-000595","ORD-2025-000595","2025-08-06T13:49:00","2025-08-08T05:06:00","2025-08-08","C001","LIDL Mock CR s.r.o.","retail_retezec","99910001","CZ99910001","Praha","Hlavni mesto Praha","15800",50.0525,14.3254,"EDI","platinum","P002","PEC-ROH-055-CZ","Rohlik celozrnny 55 g","bezne_pecivo","celozrnny","ks",40,2,"LOT-20250808-S001-357","S001","Pekarna Slunce s.r.o. (mock)","99820001","CZ","WH01","DC Praha-Jinonice (mock)","B-BEZNE","PRG-C001-PAT",1600,1600,0,34,3559,1959,6.63,9.05,12,9647.98,10805.74,6099.83,3548.15,30,"uhrazeno","dodano",false,"","patek",false,false,16.7,4.2,-6,""
"TX-2025-000596","FV-2025-000596","ORD-2025-000596","2025-08-05T12:04:00","2025-08-08T05:36:00","2025-08-08","C005","PENNY Mock Market s.r.o.","retail_retezec","99910005","CZ99910005","Radonice","Stredocesky kraj","25073",50.1437,14.6077,"EDI","gold","P003","PEC-KAI-060","Kaiserka sezamova 60 g","bezne_pecivo","sezam","ks",35,2,"LOT-20250808-S001-164","S001","Pekarna Slunce s.r.o. (mock)","99820001","CZ","WH01","DC Praha-Jinonice (mock)","B-BEZNE","PRG-C005-PAT",770,770,16,0,2101,1347,8.12,6.64,12,5715.95,6401.86,3434.65,2281.3,21,"uhrazeno","dodano",false,"","patek",false,false,23.6,0,-7,""
"TX-2025-000597","FV-2025-000597","ORD-2025-000597","2025-08-07T10:05:00","2025-08-08T09:04:00","2025-08-08","C006","Rohlik.cz Mock a.s.","ecommerce","99910006","CZ99910006","Praha","Hlavni mesto Praha","18600",50.1008,14.4749,"API_B2B","platinum","P009","PEC-VEC-360","Veka tukova 360 g","chleb","klasicka","ks",14,3,"LOT-20250808-S001-769","S001","Pekarna Slunce s.r.o. (mock)","99820001","CZ","WH01","DC Praha-Jinonice (mock)","A-CHLEB","PRG-C006-PAT",98,98,0,0,163,65,30.66,8.86,12,2738.47,3067.09,1745.48,992.99,14,"uhrazeno","dodano",false,"","patek",false,false,19.5,5.5,-1,""
"TX-2025-000598","FV-2025-000598","ORD-2025-000598","2025-08-05T09:02:00","2025-08-08T07:27:00","2025-08-08","C010","Kavarny KafeKruh s.r.o. (mock)","horeca","99910010","CZ99910010","Plzen","Plzensky kraj","30100",49.7384,13.3736,"B2B_eshop","silver","P008","PEC-KOB-060","Kobliha s marmeladou 60 g","jemne_pecivo","merunkova","ks",30,2,"LOT-20250808-S003-677","S003","Slezska pekarna s.r.o. (mock)","99820003","CZ","WH01","DC Praha-Jinonice (mock)","C-JEMNE","PRG-C010-PAT",60,60,0,1,167,107,15.89,3.68,12,918.31,1028.51,561.2,357.11,14,"uhrazeno","dodano",false,"","patek",false,false,23.4,0,-14,""
"TX-2025-000599","FV-2025-000599","ORD-2025-000599","2025-08-06T09:53:00","2025-08-09T05:18:00","2025-08-09","C004","TESCO Mock Stores CR a.s.","retail_retezec","99910004","CZ99910004","Ostrava","Moravskoslezsky kraj","70030",49.7854,18.2741,"EDI","gold","P004","PEC-CHL-500","Chleb konzumentni 500 g","chleb","psenicno-zitny","ks",12,4,"LOT-20250809-S003-875","S003","Slezska pekarna s.r.o. (mock)","99820003","CZ","WH03","DC Ostrava-Hrabova (mock)","A-CHLEB","OVA-C004-SOB",324,324,0,4,452,128,32.6,13.74,12,9111.13,10204.47,6448.07,2663.06,30,"uhrazeno","dodano",true,"Vikendova akce","sobota",true,false,20.5,0,14,""
"TX-2025-000600","FV-2025-000600","ORD-2025-000600","2025-08-08T17:21:00","2025-08-09T10:28:00","2025-08-09","C012","Restaurace U Tri pecnu s.r.o. (mock)","horeca","99910012","CZ99910012","Ceske Budejovice","Jihocesky kraj","37001",48.9745,14.4743,"obchodni_zastupce","standard","P009","PEC-VEC-360","Veka tukova 360 g","chleb","klasicka","ks",14,3,"LOT-20250809-S002-508","S002","Moravske pecivo a.s. (mock)","99820002","CZ","WH01","DC Praha-Jinonice (mock)","A-CHLEB","PRG-C012-SOB",42,42,0,0,106,64,30.54,1.54,12,1262.93,1414.48,737.53,525.4,14,"uhrazeno","dodano",false,"","sobota",true,false,25.3,0,14,""
"TX-2025-000601","FV-2025-000601","ORD-2025-000601","2025-08-08T15:22:00","2025-08-11T09:03:00","2025-08-11","C001","LIDL Mock CR s.r.o.","retail_retezec","99910001","CZ99910001","Praha","Hlavni mesto Praha","15800",50.0525,14.3254,"EDI","platinum","P004","PEC-CHL-500","Chleb konzumentni 500 g","chleb","psenicno-zitny","ks",12,4,"LOT-20250811-S001-691","S001","Pekarna Slunce s.r.o. (mock)","99820001","CZ","WH01","DC Praha-Jinonice (mock)","A-CHLEB","PRG-C001-PON",528,528,0,0,950,422,32.42,8.28,12,15700.41,17584.46,10181.14,5519.27,30,"uhrazeno","dodano",false,"","pondeli",false,false,18.6,0,-13,"prioritni vykladka"
"TX-2025-000602","FV-2025-000602","ORD-2025-000602","2025-08-09T12:17:00","2025-08-11T10:06:00","2025-08-11","C003","KAUFLAND Mock CR v.o.s.","retail_retezec","99910003","CZ99910003","Brno","Jihomoravsky kraj","62700",49.1678,16.6827,"EDI","platinum","P007","PEC-CRO-065","Croissant maslovy 65 g","jemne_pecivo","maslovy","ks",24,3,"LOT-20250811-S002-298","S002","Moravske pecivo a.s. (mock)","99820002","CZ","WH02","DC Brno-Slatina (mock)","C-JEMNE","BRN-C003-PON",432,432,0,0,755,323,19.24,9.09,12,7556.15,8462.89,5379.19,2176.96,30,"uhrazeno","dodano",false,"","pondeli",false,false,17.1,0,8,""
"TX-2025-000603","FV-2025-000603","ORD-2025-000603","2025-08-09T11:13:00","2025-08-11T10:44:00","2025-08-11","C006","Rohlik.cz Mock a.s.","ecommerce","99910006","CZ99910006","Praha","Hlavni mesto Praha","18600",50.1008,14.4749,"API_B2B","platinum","P007","PEC-CRO-065","Croissant maslovy 65 g","jemne_pecivo","maslovy","ks",24,3,"LOT-20250811-S004-761","S004","Danube Bakery SK s.r.o. (mock)","99820004","SK","WH01","DC Praha-Jinonice (mock)","C-JEMNE","PRG-C006-PON",168,0,0,0,211,211,18.97,8.16,12,0,0,0,0,14,"stornovano","zruseno",false,"","pondeli",false,false,18.4,1.1,0,""
"TX-2025-000604","FV-2025-000604","ORD-2025-000604","2025-08-09T11:23:00","2025-08-11T10:29:00","2025-08-11","C007","MAKRO Mock Cash & Carry CR s.r.o.","velkoobchod","99910007","CZ99910007","Praha","Hlavni mesto Praha","25242",49.9971,14.4291,"EDI","gold","P001","PEC-ROH-043","Rohlik tukovy 43 g","bezne_pecivo","klasicky","ks",50,1,"LOT-20250811-S003-444","S003","Slezska pekarna s.r.o. (mock)","99820003","CZ","WH01","DC Praha-Jinonice (mock)","B-BEZNE","PRG-C007-PON",1400,1400,13,14,2731,1344,3.25,6.15,12,4230.52,4738.18,2643.74,1586.78,21,"uhrazeno","dodano",false,"","pondeli",false,false,16.9,0.3,-13,"prioritni vykladka"
"TX-2025-000605","FV-2025-000605","ORD-2025-000605","2025-08-09T12:39:00","2025-08-12T07:12:00","2025-08-12","C009","Skolni jidelna Javor (mock)","verejny_sektor","99910009","CZ99910009","Olomouc","Olomoucky kraj","77900",49.5938,17.2509,"email","standard","P005","PEC-CHL-750-ZIT","Chleb zitny kvaskovy 750 g","chleb","kvaskovy","ks",10,5,"LOT-20250812-S002-593","S002","Moravske pecivo a.s. (mock)","99820002","CZ","WH02","DC Brno-Slatina (mock)","A-CHLEB","BRN-C009-UTE",10,0,0,0,21,21,55.09,2.28,12,0,0,0,0,14,"stornovano","zruseno",false,"","utery",false,false,24.2,0,0,""
"TX-2025-000606","FV-2025-000606","ORD-2025-000606","2025-08-10T09:57:00","2025-08-13T09:11:00","2025-08-13","C001","LIDL Mock CR s.r.o.","retail_retezec","99910001","CZ99910001","Praha","Hlavni mesto Praha","15800",50.0525,14.3254,"EDI","platinum","P004","PEC-CHL-500","Chleb konzumentni 500 g","chleb","psenicno-zitny","ks",12,4,"LOT-20250813-S003-655","S003","Slezska pekarna s.r.o. (mock)","99820003","CZ","WH01","DC Praha-Jinonice (mock)","A-CHLEB","PRG-C001-STR",564,564,1,15,1255,692,32.14,8.21,12,16609.24,18602.35,11298.39,5310.85,30,"uhrazeno","dodano",false,"","streda",false,false,21.3,5,-4,""
"TX-2025-000607","FV-2025-000607","ORD-2025-000607","2025-08-10T17:23:00","2025-08-13T07:24:00","2025-08-13","C004","TESCO Mock Stores CR a.s.","retail_retezec","99910004","CZ99910004","Ostrava","Moravskoslezsky kraj","70030",49.7854,18.2741,"EDI","gold","P002","PEC-ROH-055-CZ","Rohlik celozrnny 55 g","bezne_pecivo","celozrnny","ks",40,2,"LOT-20250813-S001-348","S001","Pekarna Slunce s.r.o. (mock)","99820001","CZ","WH03","DC Ostrava-Hrabova (mock)","B-BEZNE","OVA-C004-STR",920,920,0,0,1593,673,6.7,6.68,12,5752.24,6442.51,3360.01,2392.23,30,"uhrazeno","dodano",false,"","streda",false,false,21.6,0,-13,""
"TX-2025-000608","FV-2025-000608","ORD-2025-000608","2025-08-10T16:27:00","2025-08-13T08:14:00","2025-08-13","C006","Rohlik.cz Mock a.s.","ecommerce","99910006","CZ99910006","Praha","Hlavni mesto Praha","18600",50.1008,14.4749,"API_B2B","platinum","P005","PEC-CHL-750-ZIT","Chleb zitny kvaskovy 750 g","chleb","kvaskovy","ks",10,5,"LOT-20250813-S004-243","S004","Danube Bakery SK s.r.o. (mock)","99820004","SK","WH01","DC Praha-Jinonice (mock)","A-CHLEB","PRG-C006-STR",90,90,2,2,181,93,56.58,23.1,12,3828.88,4288.35,3006.14,822.74,14,"uhrazeno","dodano",true,"Akce pecivo -15 %","streda",false,false,19.2,0,-15,""
"TX-2025-000609","FV-2025-000609","ORD-2025-000609","2025-08-12T17:51:00","2025-08-13T04:27:00","2025-08-13","C011","Fakultni nemocnice Demo (mock)","verejny_sektor","99910011","CZ99910011","Hradec Kralove","Kralovehradecky kraj","50005",50.1956,15.8328,"email","silver","P011","PEC-HOU-060","Houska psenicna 60 g","bezne_pecivo","klasicka","ks",40,2,"LOT-20250813-S003-690","S003","Slezska pekarna s.r.o. (mock)","99820003","CZ","WH01","DC Praha-Jinonice (mock)","B-BEZNE","PRG-C011-STR",400,400,0,8,931,531,5.44,3.09,12,2108.76,2361.81,1220.59,888.17,30,"uhrazeno","dodano",false,"","streda",false,false,19.3,0,4,""
"TX-2025-000610","FV-2025-000610","ORD-2025-000610","2025-08-12T14:54:00","2025-08-14T08:52:00","2025-08-14","C002","ALBERT Mock Retail s.r.o.","retail_retezec","99910002","CZ99910002","Praha","Hlavni mesto Praha","10000",50.0724,14.4907,"EDI","platinum","P001","PEC-ROH-043","Rohlik tukovy 43 g","bezne_pecivo","klasicky","ks",50,1,"LOT-20250814-S001-833","S001","Pekarna Slunce s.r.o. (mock)","99820001","CZ","WH01","DC Praha-Jinonice (mock)","B-BEZNE","PRG-C002-CTV",1900,1900,0,0,3653,1753,3.31,9.03,12,5721.1,6407.63,3686.96,2034.14,30,"uhrazeno","dodano",false,"","ctvrtek",false,false,23.1,0,-11,""
"TX-2025-000611","FV-2025-000611","ORD-2025-000611","2025-08-11T10:00:00","2025-08-14T05:40:00","2025-08-14","C003","KAUFLAND Mock CR v.o.s.","retail_retezec","99910003","CZ99910003","Brno","Jihomoravsky kraj","62700",49.1678,16.6827,"EDI","platinum","P007","PEC-CRO-065","Croissant maslovy 65 g","jemne_pecivo","maslovy","ks",24,3,"LOT-20250814-S004-273","S004","Danube Bakery SK s.r.o. (mock)","99820004","SK","WH02","DC Brno-Slatina (mock)","C-JEMNE","BRN-C003-CTV",840,840,0,0,1751,911,19.33,24.02,12,12337.02,13817.46,10471.87,1865.15,30,"uhrazeno","dodano",true,"Akce pecivo -15 %","ctvrtek",false,false,22.3,0,3,""
"TX-2025-000612","FV-2025-000612","ORD-2025-000612","2025-08-11T08:56:00","2025-08-14T05:36:00","2025-08-14","C008","BILLA Mock, spol. s r.o.","retail_retezec","99910008","CZ99910008","Modletice","Stredocesky kraj","25101",49.9708,14.5852,"EDI","gold","P011","PEC-HOU-060","Houska psenicna 60 g","bezne_pecivo","klasicka","ks",40,2,"LOT-20250814-S001-882","S001","Pekarna Slunce s.r.o. (mock)","99820001","CZ","WH01","DC Praha-Jinonice (mock)","B-BEZNE","PRG-C008-CTV",840,756,0,0,1261,505,5.47,6.08,12,3883.89,4349.96,2330.3,1553.59,30,"uhrazeno","castecne_dodano",false,"","ctvrtek",false,false,15.5,0,0,""
"TX-2025-000613","FV-2025-000613","ORD-2025-000613","2025-08-12T08:46:00","2025-08-15T04:37:00","2025-08-15","C001","LIDL Mock CR s.r.o.","retail_retezec","99910001","CZ99910001","Praha","Hlavni mesto Praha","15800",50.0525,14.3254,"EDI","platinum","P006","PEC-BAG-110","Bageta bila 110 g","bezne_pecivo","bila","ks",25,2,"LOT-20250815-S003-538","S003","Slezska pekarna s.r.o. (mock)","99820003","CZ","WH01","DC Praha-Jinonice (mock)","B-BEZNE","PRG-C001-PAT",950,950,0,0,2349,1399,12.88,24.12,12,9284.68,10398.84,6642.81,2641.87,30,"uhrazeno","dodano",true,"Akce pecivo -15 %","patek",false,false,22.5,0,4,""
"TX-2025-000614","FV-2025-000614","ORD-2025-000614","2025-08-12T10:48:00","2025-08-15T04:42:00","2025-08-15","C005","PENNY Mock Market s.r.o.","retail_retezec","99910005","CZ99910005","Radonice","Stredocesky kraj","25073",50.1437,14.6077,"EDI","gold","P008","PEC-KOB-060","Kobliha s marmeladou 60 g","jemne_pecivo","merunkova","ks",30,2,"LOT-20250815-S003-356","S003","Slezska pekarna s.r.o. (mock)","99820003","CZ","WH01","DC Praha-Jinonice (mock)","C-JEMNE","PRG-C005-PAT",420,420,5,0,1085,670,15.86,6.44,12,6158.03,6896.99,3843.36,2314.67,21,"uhrazeno","dodano",false,"","patek",false,false,24.6,11.8,-15,""
"TX-2025-000615","FV-2025-000615","ORD-2025-000615","2025-08-14T16:16:00","2025-08-15T05:38:00","2025-08-15","C006","Rohlik.cz Mock a.s.","ecommerce","99910006","CZ99910006","Praha","Hlavni mesto Praha","18600",50.1008,14.4749,"API_B2B","platinum","P005","PEC-CHL-750-ZIT","Chleb zitny kvaskovy 750 g","chleb","kvaskovy","ks",10,5,"LOT-20250815-S004-734","S004","Danube Bakery SK s.r.o. (mock)","99820004","SK","WH01","DC Praha-Jinonice (mock)","A-CHLEB","PRG-C006-PAT",50,39,0,0,141,102,54.77,8.43,12,1955.96,2190.68,1272.96,683,14,"uhrazeno","castecne_dodano",false,"","patek",false,false,17.6,0,1,""
"TX-2025-000616","FV-2025-000616","ORD-2025-000616","2025-08-14T16:29:00","2025-08-15T07:19:00","2025-08-15","C010","Kavarny KafeKruh s.r.o. (mock)","horeca","99910010","CZ99910010","Plzen","Plzensky kraj","30100",49.7384,13.3736,"B2B_eshop","silver","P010","PEC-SNE-090","Snek skorice 90 g","jemne_pecivo","skoricovy","ks",20,3,"LOT-20250815-S002-697","S002","Moravske pecivo a.s. (mock)","99820002","CZ","WH01","DC Praha-Jinonice (mock)","C-JEMNE","PRG-C010-PAT",40,40,0,0,95,55,23.47,4.07,12,900.59,1008.66,553.49,347.1,14,"uhrazeno","dodano",false,"","patek",false,false,20.1,0,-8,""
"TX-2025-000617","FV-2025-000617","ORD-2025-000617","2025-08-13T10:55:00","2025-08-16T08:55:00","2025-08-16","C001","LIDL Mock CR s.r.o.","retail_retezec","99910001","CZ99910001","Praha","Hlavni mesto Praha","15800",50.0525,14.3254,"EDI","platinum","P001","PEC-ROH-043","Rohlik tukovy 43 g","bezne_pecivo","klasicky","ks",50,1,"LOT-20250816-S003-382","S003","Slezska pekarna s.r.o. (mock)","99820003","CZ","WH01","DC Praha-Jinonice (mock)","B-BEZNE","PRG-C001-SOB",2600,2600,18,19,5605,3023,3.31,8.81,12,7793.48,8728.7,4826.61,2966.87,30,"uhrazeno","dodano",false,"","sobota",true,false,22.2,6,3,"prioritni vykladka"
"TX-2025-000618","FV-2025-000618","ORD-2025-000618","2025-08-14T09:26:00","2025-08-16T04:35:00","2025-08-16","C004","TESCO Mock Stores CR a.s.","retail_retezec","99910004","CZ99910004","Ostrava","Moravskoslezsky kraj","70030",49.7854,18.2741,"EDI","gold","P006","PEC-BAG-110","Bageta bila 110 g","bezne_pecivo","bila","ks",25,2,"LOT-20250816-S003-320","S003","Slezska pekarna s.r.o. (mock)","99820003","CZ","WH03","DC Ostrava-Hrabova (mock)","B-BEZNE","OVA-C004-SOB",775,775,0,17,1793,1018,12.87,20.95,12,7884.64,8830.8,5490.2,2394.44,30,"uhrazeno","dodano",true,"Akce pecivo -15 %","sobota",true,false,23.9,0.5,-11,""
"TX-2025-000619","FV-2025-000619","ORD-2025-000619","2025-08-13T15:54:00","2025-08-16T09:55:00","2025-08-16","C012","Restaurace U Tri pecnu s.r.o. (mock)","horeca","99910012","CZ99910012","Ceske Budejovice","Jihocesky kraj","37001",48.9745,14.4743,"obchodni_zastupce","standard","P009","PEC-VEC-360","Veka tukova 360 g","chleb","klasicka","ks",14,3,"LOT-20250816-S001-872","S001","Pekarna Slunce s.r.o. (mock)","99820001","CZ","WH01","DC Praha-Jinonice (mock)","A-CHLEB","PRG-C012-SOB",42,42,1,0,84,43,29.78,2.1,12,1195.34,1338.78,698.18,497.16,14,"uhrazeno","dodano",false,"","sobota",true,false,18.8,0,-11,""
"TX-2025-000620","FV-2025-000620","ORD-2025-000620","2025-08-15T09:50:00","2025-08-18T04:35:00","2025-08-18","C001","LIDL Mock CR s.r.o.","retail_retezec","99910001","CZ99910001","Praha","Hlavni mesto Praha","15800",50.0525,14.3254,"EDI","platinum","P001","PEC-ROH-043","Rohlik tukovy 43 g","bezne_pecivo","klasicky","ks",50,1,"LOT-20250818-S003-296","S003","Slezska pekarna s.r.o. (mock)","99820003","CZ","WH01","DC Praha-Jinonice (mock)","B-BEZNE","PRG-C001-PON",2700,2700,0,41,5235,2535,3.22,8.99,12,7912.41,8861.9,5160.42,2751.99,30,"uhrazeno","dodano",false,"","pondeli",false,false,18.4,7.6,-12,""
"TX-2025-000621","FV-2025-000621","ORD-2025-000621","2025-08-15T16:04:00","2025-08-18T06:59:00","2025-08-18","C003","KAUFLAND Mock CR v.o.s.","retail_retezec","99910003","CZ99910003","Brno","Jihomoravsky kraj","62700",49.1678,16.6827,"EDI","platinum","P001","PEC-ROH-043","Rohlik tukovy 43 g","bezne_pecivo","klasicky","ks",50,1,"LOT-20250818-S002-497","S002","Moravske pecivo a.s. (mock)","99820002","CZ","WH02","DC Brno-Slatina (mock)","B-BEZNE","BRN-C003-PON",2150,2150,0,44,3823,1673,3.21,23.79,12,5259.63,5890.79,4091.46,1168.17,30,"uhrazeno","dodano",true,"Akce pecivo -15 %","pondeli",false,false,21.9,0,-7,""
"TX-2025-000622","FV-2025-000622","ORD-2025-000622","2025-08-16T10:33:00","2025-08-18T10:30:00","2025-08-18","C006","Rohlik.cz Mock a.s.","ecommerce","99910006","CZ99910006","Praha","Hlavni mesto Praha","18600",50.1008,14.4749,"API_B2B","platinum","P012","PEC-DAL-070","Dalamanek grahamovy 70 g","bezne_pecivo","grahamovy","ks",32,2,"LOT-20250818-S002-314","S002","Moravske pecivo a.s. (mock)","99820002","CZ","WH01","DC Praha-Jinonice (mock)","B-BEZNE","PRG-C006-PON",224,224,1,4,433,210,10.16,16.68,12,1887.76,2114.29,1267.67,620.09,14,"uhrazeno","dodano",true,"Vikendova akce","pondeli",false,false,19.2,0,5,""
"TX-2025-000623","FV-2025-000623","ORD-2025-000623","2025-08-16T15:03:00","2025-08-18T04:28:00","2025-08-18","C007","MAKRO Mock Cash & Carry CR s.r.o.","velkoobchod","99910007","CZ99910007","Praha","Hlavni mesto Praha","25242",49.9971,14.4291,"EDI","gold","P002","PEC-ROH-055-CZ","Rohlik celozrnny 55 g","bezne_pecivo","celozrnny","ks",40,2,"LOT-20250818-S002-127","S002","Moravske pecivo a.s. (mock)","99820002","CZ","WH01","DC Praha-Jinonice (mock)","B-BEZNE","PRG-C007-PON",840,840,0,10,1799,959,6.5,5.88,12,5138.95,5755.62,3026.51,2112.44,21,"uhrazeno","dodano",false,"","pondeli",false,false,20.3,8.9,7,"prioritni vykladka"
"TX-2025-000624","FV-2025-000624","ORD-2025-000624","2025-08-16T11:04:00","2025-08-19T10:17:00","2025-08-19","C002","ALBERT Mock Retail s.r.o.","retail_retezec","99910002","CZ99910002","Praha","Hlavni mesto Praha","10000",50.0724,14.4907,"EDI","platinum","P004","PEC-CHL-500","Chleb konzumentni 500 g","chleb","psenicno-zitny","ks",12,4,"LOT-20250819-S003-610","S003","Slezska pekarna s.r.o. (mock)","99820003","CZ","WH01","DC Praha-Jinonice (mock)","A-CHLEB","PRG-C002-UTE",336,336,0,0,515,179,32.92,8.58,12,10112.08,11325.53,6678.09,3433.99,30,"uhrazeno","dodano",false,"","utery",false,false,21.8,0,-15,""
"TX-2025-000625","FV-2025-000625","ORD-2025-000625","2025-08-17T08:02:00","2025-08-19T10:48:00","2025-08-19","C005","PENNY Mock Market s.r.o.","retail_retezec","99910005","CZ99910005","Radonice","Stredocesky kraj","25073",50.1437,14.6077,"EDI","gold","P001","PEC-ROH-043","Rohlik tukovy 43 g","bezne_pecivo","klasicky","ks",50,1,"LOT-20250819-S002-487","S002","Moravske pecivo a.s. (mock)","99820002","CZ","WH01","DC Praha-Jinonice (mock)","B-BEZNE","PRG-C005-UTE",1200,1200,0,32,3050,1850,3.23,6.56,12,3621.73,4056.34,2285.98,1335.75,21,"uhrazeno","dodano",false,"","utery",false,false,19.1,14,2,""
"TX-2025-000626","FV-2025-000626","ORD-2025-000626","2025-08-17T08:44:00","2025-08-19T07:50:00","2025-08-19","C009","Skolni jidelna Javor (mock)","verejny_sektor","99910009","CZ99910009","Olomouc","Olomoucky kraj","77900",49.5938,17.2509,"email","standard","P005","PEC-CHL-750-ZIT","Chleb zitny kvaskovy 750 g","chleb","kvaskovy","ks",10,5,"LOT-20250819-S004-731","S004","Danube Bakery SK s.r.o. (mock)","99820004","SK","WH02","DC Brno-Slatina (mock)","A-CHLEB","BRN-C009-UTE",10,10,0,0,43,33,55.42,2.34,12,541.23,606.18,327.29,213.94,14,"uhrazeno","dodano",false,"","utery",false,false,20.8,0,0,""
"TX-2025-000627","FV-2025-000627","ORD-2025-000627","2025-08-17T14:37:00","2025-08-20T08:30:00","2025-08-20","C004","TESCO Mock Stores CR a.s.","retail_retezec","99910004","CZ99910004","Ostrava","Moravskoslezsky kraj","70030",49.7854,18.2741,"EDI","gold","P003","PEC-KAI-060","Kaiserka sezamova 60 g","bezne_pecivo","sezam","ks",35,2,"LOT-20250820-S003-184","S003","Slezska pekarna s.r.o. (mock)","99820003","CZ","WH03","DC Ostrava-Hrabova (mock)","B-BEZNE","OVA-C004-STR",1085,1085,0,0,2609,1524,8.09,6.53,12,8204.47,9189.01,5151.76,3052.71,30,"uhrazeno","dodano",false,"","streda",false,false,23.6,0,-6,""
"TX-2025-000628","FV-2025-000628","ORD-2025-000628","2025-08-18T10:14:00","2025-08-20T10:16:00","2025-08-20","C006","Rohlik.cz Mock a.s.","ecommerce","99910006","CZ99910006","Praha","Hlavni mesto Praha","18600",50.1008,14.4749,"API_B2B","platinum","P007","PEC-CRO-065","Croissant maslovy 65 g","jemne_pecivo","maslovy","ks",24,3,"LOT-20250820-S002-386","S002","Moravske pecivo a.s. (mock)","99820002","CZ","WH01","DC Praha-Jinonice (mock)","C-JEMNE","PRG-C006-STR",168,168,3,0,292,127,19.58,8.94,12,2941.88,3294.91,2068.36,873.52,14,"uhrazeno","dodano",false,"","streda",false,false,24,4.1,-15,"synteticky testovaci zaznam"
"TX-2025-000629","FV-2025-000629","ORD-2025-000629","2025-08-18T09:40:00","2025-08-20T10:01:00","2025-08-20","C011","Fakultni nemocnice Demo (mock)","verejny_sektor","99910011","CZ99910011","Hradec Kralove","Kralovehradecky kraj","50005",50.1956,15.8328,"email","silver","P011","PEC-HOU-060","Houska psenicna 60 g","bezne_pecivo","klasicka","ks",40,2,"LOT-20250820-S001-880","S001","Pekarna Slunce s.r.o. (mock)","99820001","CZ","WH01","DC Praha-Jinonice (mock)","B-BEZNE","PRG-C011-STR",320,320,8,8,657,345,5.52,3.15,12,1667.99,1868.15,959.96,708.03,30,"uhrazeno","dodano",false,"","streda",false,false,21.4,1.1,-15,""
"TX-2025-000630","FV-2025-000630","ORD-2025-000630","2025-08-18T16:29:00","2025-08-21T09:23:00","2025-08-21","C002","ALBERT Mock Retail s.r.o.","retail_retezec","99910002","CZ99910002","Praha","Hlavni mesto Praha","10000",50.0724,14.4907,"EDI","platinum","P002","PEC-ROH-055-CZ","Rohlik celozrnny 55 g","bezne_pecivo","celozrnny","ks",40,2,"LOT-20250821-S002-182","S002","Moravske pecivo a.s. (mock)","99820002","CZ","WH01","DC Praha-Jinonice (mock)","B-BEZNE","PRG-C002-CTV",1080,1080,0,27,2111,1031,6.61,16.55,12,5957.33,6672.21,3948.28,2009.05,30,"uhrazeno","dodano",true,"Vikendova akce","ctvrtek",false,false,20.5,0,0,""
"TX-2025-000631","FV-2025-000631","ORD-2025-000631","2025-08-19T15:32:00","2025-08-21T06:30:00","2025-08-21","C003","KAUFLAND Mock CR v.o.s.","retail_retezec","99910003","CZ99910003","Brno","Jihomoravsky kraj","62700",49.1678,16.6827,"EDI","platinum","P003","PEC-KAI-060","Kaiserka sezamova 60 g","bezne_pecivo","sezam","ks",35,2,"LOT-20250821-S003-823","S003","Slezska pekarna s.r.o. (mock)","99820003","CZ","WH02","DC Brno-Slatina (mock)","B-BEZNE","BRN-C003-CTV",980,980,0,15,1808,828,8.04,9.16,12,7157.47,8016.37,4519.71,2637.76,30,"uhrazeno","dodano",false,"","ctvrtek",false,false,19.8,0,5,""
"TX-2025-000632","FV-2025-000632","ORD-2025-000632","2025-08-18T13:56:00","2025-08-21T04:59:00","2025-08-21","C008","BILLA Mock, spol. s r.o.","retail_retezec","99910008","CZ99910008","Modletice","Stredocesky kraj","25101",49.9708,14.5852,"EDI","gold","P004","PEC-CHL-500","Chleb konzumentni 500 g","chleb","psenicno-zitny","ks",12,4,"LOT-20250821-S001-223","S001","Pekarna Slunce s.r.o. (mock)","99820001","CZ","WH01","DC Praha-Jinonice (mock)","A-CHLEB","PRG-C008-CTV",240,240,0,0,479,239,32.14,6.24,12,7232.27,8100.14,4693.75,2538.52,30,"uhrazeno","dodano",false,"","ctvrtek",false,false,25.1,10.9,1,""
"TX-2025-000633","FV-2025-000633","ORD-2025-000633","2025-08-20T13:41:00","2025-08-22T05:36:00","2025-08-22","C001","LIDL Mock CR s.r.o.","retail_retezec","99910001","CZ99910001","Praha","Hlavni mesto Praha","15800",50.0525,14.3254,"EDI","platinum","P007","PEC-CRO-065","Croissant maslovy 65 g","jemne_pecivo","maslovy","ks",24,3,"LOT-20250822-S002-661","S002","Moravske pecivo a.s. (mock)","99820002","CZ","WH01","DC Praha-Jinonice (mock)","C-JEMNE","PRG-C001-PAT",912,912,0,0,1936,1024,19.01,8.29,12,15899.87,17807.85,10632.24,5267.63,30,"uhrazeno","dodano",false,"","patek",false,false,21.5,0,15,"prioritni vykladka"
"TX-2025-000634","FV-2025-000634","ORD-2025-000634","2025-08-19T13:08:00","2025-08-22T06:39:00","2025-08-22","C005","PENNY Mock Market s.r.o.","retail_retezec","99910005","CZ99910005","Radonice","Stredocesky kraj","25073",50.1437,14.6077,"EDI","gold","P001","PEC-ROH-043","Rohlik tukovy 43 g","bezne_pecivo","klasicky","ks",50,1,"LOT-20250822-S003-964","S003","Slezska pekarna s.r.o. (mock)","99820003","CZ","WH01","DC Praha-Jinonice (mock)","B-BEZNE","PRG-C005-PAT",1500,1500,0,0,3069,1569,3.2,21.06,12,3789.12,4243.81,2705.28,1083.84,21,"po_splatnosti","dodano",true,"Akce pecivo -15 %","patek",false,false,21.9,3.2,-10,"vratne prepravky"
"TX-2025-000635","FV-2025-000635","ORD-2025-000635","2025-08-19T13:51:00","2025-08-22T04:39:00","2025-08-22","C006","Rohlik.cz Mock a.s.","ecommerce","99910006","CZ99910006","Praha","Hlavni mesto Praha","18600",50.1008,14.4749,"API_B2B","platinum","P005","PEC-CHL-750-ZIT","Chleb zitny kvaskovy 750 g","chleb","kvaskovy","ks",10,5,"LOT-20250822-S004-725","S004","Danube Bakery SK s.r.o. (mock)","99820004","SK","WH01","DC Praha-Jinonice (mock)","A-CHLEB","PRG-C006-PAT",50,50,1,1,93,44,56.03,8.52,12,2511.56,2812.95,1637.04,874.52,14,"uhrazeno","dodano",false,"","patek",false,false,18.4,0,-15,""
"TX-2025-000636","FV-2025-000636","ORD-2025-000636","2025-08-19T14:44:00","2025-08-22T06:27:00","2025-08-22","C010","Kavarny KafeKruh s.r.o. (mock)","horeca","99910010","CZ99910010","Plzen","Plzensky kraj","30100",49.7384,13.3736,"B2B_eshop","silver","P010","PEC-SNE-090","Snek skorice 90 g","jemne_pecivo","skoricovy","ks",20,3,"LOT-20250822-S002-621","S002","Moravske pecivo a.s. (mock)","99820002","CZ","WH01","DC Praha-Jinonice (mock)","C-JEMNE","PRG-C010-PAT",40,40,0,1,58,18,23.08,3.91,12,887.1,993.55,550.9,336.2,14,"uhrazeno","dodano",false,"","patek",false,false,24.7,0,-12,""
"TX-2025-000637","FV-2025-000637","ORD-2025-000637","2025-08-21T10:52:00","2025-08-23T06:47:00","2025-08-23","C001","LIDL Mock CR s.r.o.","retail_retezec","99910001","CZ99910001","Praha","Hlavni mesto Praha","15800",50.0525,14.3254,"EDI","platinum","P004","PEC-CHL-500","Chleb konzumentni 500 g","chleb","psenicno-zitny","ks",12,4,"LOT-20250823-S002-196","S002","Moravske pecivo a.s. (mock)","99820002","CZ","WH01","DC Praha-Jinonice (mock)","A-CHLEB","PRG-C001-SOB",456,456,0,0,1272,816,32.72,9.05,12,13570.03,15198.43,9344.48,4225.55,30,"uhrazeno","dodano",false,"","sobota",true,false,17.5,0,-11,""
"TX-2025-000638","FV-2025-000638","ORD-2025-000638","2025-08-23T10:39:00","2025-08-25T10:06:00","2025-08-25","C001","LIDL Mock CR s.r.o.","retail_retezec","99910001","CZ99910001","Praha","Hlavni mesto Praha","15800",50.0525,14.3254,"EDI","platinum","P001","PEC-ROH-043","Rohlik tukovy 43 g","bezne_pecivo","klasicky","ks",50,1,"LOT-20250825-S002-502","S002","Moravske pecivo a.s. (mock)","99820002","CZ","WH01","DC Praha-Jinonice (mock)","B-BEZNE","PRG-C001-PON",2300,2300,0,0,4238,1938,3.29,8.65,12,6912.45,7741.94,4287.28,2625.17,30,"uhrazeno","dodano",false,"","pondeli",false,false,24.3,0,-4,""
"TX-2025-000639","FV-2025-000639","ORD-2025-000639","2025-08-22T14:22:00","2025-08-25T05:02:00","2025-08-25","C003","KAUFLAND Mock CR v.o.s.","retail_retezec","99910003","CZ99910003","Brno","Jihomoravsky kraj","62700",49.1678,16.6827,"EDI","platinum","P007","PEC-CRO-065","Croissant maslovy 65 g","jemne_pecivo","maslovy","ks",24,3,"LOT-20250825-S004-912","S004","Danube Bakery SK s.r.o. (mock)","99820004","SK","WH02","DC Brno-Slatina (mock)","C-JEMNE","BRN-C003-PON",648,648,0,0,1162,514,19.37,8.04,12,11542.6,12927.71,8089.81,3452.79,30,"uhrazeno","dodano",false,"","pondeli",false,false,15.5,0,-15,""
"TX-2025-000640","FV-2025-000640","ORD-2025-000640","2025-08-24T15:07:00","2025-08-25T09:43:00","2025-08-25","C006","Rohlik.cz Mock a.s.","ecommerce","99910006","CZ99910006","Praha","Hlavni mesto Praha","18600",50.1008,14.4749,"API_B2B","platinum","P011","PEC-HOU-060","Houska psenicna 60 g","bezne_pecivo","klasicka","ks",40,2,"LOT-20250825-S003-922","S003","Slezska pekarna s.r.o. (mock)","99820003","CZ","WH01","DC Praha-Jinonice (mock)","B-BEZNE","PRG-C006-PON",360,360,0,0,659,299,5.42,9.12,12,1773.25,1986.04,1066.16,707.09,14,"uhrazeno","dodano",false,"","pondeli",false,false,19.7,2.4,11,""
"TX-2025-000641","FV-2025-000641","ORD-2025-000641","2025-08-22T17:26:00","2025-08-25T07:15:00","2025-08-25","C007","MAKRO Mock Cash & Carry CR s.r.o.","velkoobchod","99910007","CZ99910007","Praha","Hlavni mesto Praha","25242",49.9971,14.4291,"EDI","gold","P001","PEC-ROH-043","Rohlik tukovy 43 g","bezne_pecivo","klasicky","ks",50,1,"LOT-20250825-S001-202","S001","Pekarna Slunce s.r.o. (mock)","99820001","CZ","WH01","DC Praha-Jinonice (mock)","B-BEZNE","PRG-C007-PON",1350,1350,15,37,2364,1029,3.22,5.53,12,4060.98,4548.3,2427.07,1633.91,21,"uhrazeno","dodano",false,"","pondeli",false,false,22.8,0,-10,""
"TX-2025-000642","FV-2025-000642","ORD-2025-000642","2025-08-24T12:30:00","2025-08-26T07:52:00","2025-08-26","C002","ALBERT Mock Retail s.r.o.","retail_retezec","99910002","CZ99910002","Praha","Hlavni mesto Praha","10000",50.0724,14.4907,"EDI","platinum","P011","PEC-HOU-060","Houska psenicna 60 g","bezne_pecivo","klasicka","ks",40,2,"LOT-20250826-S002-770","S002","Moravske pecivo a.s. (mock)","99820002","CZ","WH01","DC Praha-Jinonice (mock)","B-BEZNE","PRG-C002-UTE",1480,1480,0,0,2884,1404,5.42,8.46,12,7342.97,8224.13,4620.8,2722.17,30,"uhrazeno","dodano",false,"","utery",false,false,16.9,5.2,-13,""
"TX-2025-000643","FV-2025-000643","ORD-2025-000643","2025-08-23T13:10:00","2025-08-26T04:08:00","2025-08-26","C005","PENNY Mock Market s.r.o.","retail_retezec","99910005","CZ99910005","Radonice","Stredocesky kraj","25073",50.1437,14.6077,"EDI","gold","P001","PEC-ROH-043","Rohlik tukovy 43 g","bezne_pecivo","klasicky","ks",50,1,"LOT-20250826-S003-590","S003","Slezska pekarna s.r.o. (mock)","99820003","CZ","WH01","DC Praha-Jinonice (mock)","B-BEZNE","PRG-C005-UTE",1500,1500,16,21,2284,800,3.25,6.68,12,4500.82,5040.92,2808.08,1692.74,21,"uhrazeno","dodano",false,"","utery",false,false,17.4,10,-15,""
"TX-2025-000644","FV-2025-000644","ORD-2025-000644","2025-08-25T11:25:00","2025-08-26T06:12:00","2025-08-26","C009","Skolni jidelna Javor (mock)","verejny_sektor","99910009","CZ99910009","Olomouc","Olomoucky kraj","77900",49.5938,17.2509,"email","standard","P005","PEC-CHL-750-ZIT","Chleb zitny kvaskovy 750 g","chleb","kvaskovy","ks",10,5,"LOT-20250826-S002-169","S002","Moravske pecivo a.s. (mock)","99820002","CZ","WH02","DC Brno-Slatina (mock)","A-CHLEB","BRN-C009-UTE",10,10,0,0,80,70,55.24,1.78,12,542.57,607.68,321.18,221.39,14,"uhrazeno","dodano",false,"","utery",false,false,21,0,-13,"synteticky testovaci zaznam"
"TX-2025-000645","FV-2025-000645","ORD-2025-000645","2025-08-25T13:50:00","2025-08-27T09:16:00","2025-08-27","C001","LIDL Mock CR s.r.o.","retail_retezec","99910001","CZ99910001","Praha","Hlavni mesto Praha","15800",50.0525,14.3254,"EDI","platinum","P008","PEC-KOB-060","Kobliha s marmeladou 60 g","jemne_pecivo","merunkova","ks",30,2,"LOT-20250827-S003-518","S003","Slezska pekarna s.r.o. (mock)","99820003","CZ","WH01","DC Praha-Jinonice (mock)","C-JEMNE","PRG-C001-STR",1050,1050,0,7,2271,1221,15.96,8.94,12,15259.83,17091.01,9956.6,5303.23,30,"uhrazeno","dodano",false,"","streda",false,false,15.5,0,-1,"synteticky testovaci zaznam"
"TX-2025-000646","FV-2025-000646","ORD-2025-000646","2025-08-25T10:01:00","2025-08-27T05:06:00","2025-08-27","C004","TESCO Mock Stores CR a.s.","retail_retezec","99910004","CZ99910004","Ostrava","Moravskoslezsky kraj","70030",49.7854,18.2741,"EDI","gold","P006","PEC-BAG-110","Bageta bila 110 g","bezne_pecivo","bila","ks",25,2,"LOT-20250827-S003-889","S003","Slezska pekarna s.r.o. (mock)","99820003","CZ","WH03","DC Ostrava-Hrabova (mock)","B-BEZNE","OVA-C004-STR",725,725,0,0,1234,509,13.15,5.92,12,8969.35,10045.67,5363.75,3605.6,30,"uhrazeno","dodano",false,"","streda",false,false,21.1,2.8,8,"prioritni vykladka"
"TX-2025-000647","FV-2025-000647","ORD-2025-000647","2025-08-26T17:44:00","2025-08-27T06:08:00","2025-08-27","C006","Rohlik.cz Mock a.s.","ecommerce","99910006","CZ99910006","Praha","Hlavni mesto Praha","18600",50.1008,14.4749,"API_B2B","platinum","P005","PEC-CHL-750-ZIT","Chleb zitny kvaskovy 750 g","chleb","kvaskovy","ks",10,5,"LOT-20250827-S004-741","S004","Danube Bakery SK s.r.o. (mock)","99820004","SK","WH01","DC Praha-Jinonice (mock)","A-CHLEB","PRG-C006-STR",70,70,2,0,165,97,56.6,8.67,12,3515.11,3936.92,2240.94,1274.17,14,"uhrazeno","dodano",false,"","streda",false,false,15,7,0,""
"TX-2025-000648","FV-2025-000648","ORD-2025-000648","2025-08-25T17:27:00","2025-08-27T08:26:00","2025-08-27","C011","Fakultni nemocnice Demo (mock)","verejny_sektor","99910011","CZ99910011","Hradec Kralove","Kralovehradecky kraj","50005",50.1956,15.8328,"email","silver","P004","PEC-CHL-500","Chleb konzumentni 500 g","chleb","psenicno-zitny","ks",12,4,"LOT-20250827-S002-827","S002","Moravske pecivo a.s. (mock)","99820002","CZ","WH01","DC Praha-Jinonice (mock)","A-CHLEB","PRG-C011-STR",84,84,0,2,157,73,33.01,3.86,12,2665.81,2985.71,1681.64,984.17,30,"uhrazeno","dodano",false,"","streda",false,false,25.1,0,-4,""
"TX-2025-000649","FV-2025-000649","ORD-2025-000649","2025-08-26T14:08:00","2025-08-28T04:51:00","2025-08-28","C002","ALBERT Mock Retail s.r.o.","retail_retezec","99910002","CZ99910002","Praha","Hlavni mesto Praha","10000",50.0724,14.4907,"EDI","platinum","P005","PEC-CHL-750-ZIT","Chleb zitny kvaskovy 750 g","chleb","kvaskovy","ks",10,5,"LOT-20250828-S002-467","S002","Moravske pecivo a.s. (mock)","99820002","CZ","WH01","DC Praha-Jinonice (mock)","A-CHLEB","PRG-C002-CTV",180,180,4,3,472,296,56.62,8.7,12,9098.15,10189.93,5880.8,3217.35,30,"uhrazeno","dodano",false,"","ctvrtek",false,false,22.5,0.4,-6,""
"TX-2025-000650","FV-2025-000650","ORD-2025-000650","2025-08-26T08:59:00","2025-08-28T09:42:00","2025-08-28","C003","KAUFLAND Mock CR v.o.s.","retail_retezec","99910003","CZ99910003","Brno","Jihomoravsky kraj","62700",49.1678,16.6827,"EDI","platinum","P001","PEC-ROH-043","Rohlik tukovy 43 g","bezne_pecivo","klasicky","ks",50,1,"LOT-20250828-S002-401","S002","Moravske pecivo a.s. (mock)","99820002","CZ","WH02","DC Brno-Slatina (mock)","B-BEZNE","BRN-C003-CTV",2050,2050,0,10,3548,1498,3.23,8.51,12,6058.01,6784.97,3866.35,2191.66,30,"uhrazeno","dodano",false,"","ctvrtek",false,false,22.7,0,-8,""
"TX-2025-000651","FV-2025-000651","ORD-2025-000651","2025-08-25T15:53:00","2025-08-28T08:26:00","2025-08-28","C008","BILLA Mock, spol. s r.o.","retail_retezec","99910008","CZ99910008","Modletice","Stredocesky kraj","25101",49.9708,14.5852,"EDI","gold","P011","PEC-HOU-060","Houska psenicna 60 g","bezne_pecivo","klasicka","ks",40,2,"LOT-20250828-S003-547","S003","Slezska pekarna s.r.o. (mock)","99820003","CZ","WH01","DC Praha-Jinonice (mock)","B-BEZNE","PRG-C008-CTV",680,680,0,0,1318,638,5.39,5.95,12,3447.12,3860.77,2006.16,1440.96,30,"uhrazeno","dodano",false,"","ctvrtek",false,false,25.5,6,-11,""
"TX-2025-000652","FV-2025-000652","ORD-2025-000652","2025-08-26T15:20:00","2025-08-29T08:17:00","2025-08-29","C001","LIDL Mock CR s.r.o.","retail_retezec","99910001","CZ99910001","Praha","Hlavni mesto Praha","15800",50.0525,14.3254,"EDI","platinum","P007","PEC-CRO-065","Croissant maslovy 65 g","jemne_pecivo","maslovy","ks",24,3,"LOT-20250829-S004-902","S004","Danube Bakery SK s.r.o. (mock)","99820004","SK","WH01","DC Praha-Jinonice (mock)","C-JEMNE","PRG-C001-PAT",744,744,11,9,1130,397,19.22,8.19,12,12934.43,14486.56,8741.47,4192.96,30,"uhrazeno","dodano",false,"","patek",false,false,22.8,4.3,-15,""
"TX-2025-000653","FV-2025-000653","ORD-2025-000653","2025-08-27T11:02:00","2025-08-29T09:31:00","2025-08-29","C005","PENNY Mock Market s.r.o.","retail_retezec","99910005","CZ99910005","Radonice","Stredocesky kraj","25073",50.1437,14.6077,"EDI","gold","P001","PEC-ROH-043","Rohlik tukovy 43 g","bezne_pecivo","klasicky","ks",50,1,"LOT-20250829-S002-258","S002","Moravske pecivo a.s. (mock)","99820002","CZ","WH01","DC Praha-Jinonice (mock)","B-BEZNE","PRG-C005-PAT",1650,1650,0,0,4098,2448,3.29,6.54,12,5073.48,5682.3,3127.2,1946.28,21,"uhrazeno","dodano",false,"","patek",false,false,20.7,0,-2,""
"TX-2025-000654","FV-2025-000654","ORD-2025-000654","2025-08-27T08:11:00","2025-08-29T08:18:00","2025-08-29","C006","Rohlik.cz Mock a.s.","ecommerce","99910006","CZ99910006","Praha","Hlavni mesto Praha","18600",50.1008,14.4749,"API_B2B","platinum","P005","PEC-CHL-750-ZIT","Chleb zitny kvaskovy 750 g","chleb","kvaskovy","ks",10,5,"LOT-20250829-S004-665","S004","Danube Bakery SK s.r.o. (mock)","99820004","SK","WH01","DC Praha-Jinonice (mock)","A-CHLEB","PRG-C006-PAT",50,50,0,1,92,42,56.33,8.05,12,2589.77,2900.54,1697.55,892.22,14,"uhrazeno","dodano",false,"","patek",false,false,23.3,8.8,10,""
"TX-2025-000655","FV-2025-000655","ORD-2025-000655","2025-08-28T16:17:00","2025-08-29T04:50:00","2025-08-29","C010","Kavarny KafeKruh s.r.o. (mock)","horeca","99910010","CZ99910010","Plzen","Plzensky kraj","30100",49.7384,13.3736,"B2B_eshop","silver","P003","PEC-KAI-060","Kaiserka sezamova 60 g","bezne_pecivo","sezam","ks",35,2,"LOT-20250829-S003-896","S003","Slezska pekarna s.r.o. (mock)","99820003","CZ","WH01","DC Praha-Jinonice (mock)","B-BEZNE","PRG-C010-PAT",105,105,0,1,264,159,7.96,4.03,12,802.12,898.37,485.23,316.89,14,"uhrazeno","dodano",false,"","patek",false,false,25.2,0.9,-2,"prioritni vykladka"
"TX-2025-000656","FV-2025-000656","ORD-2025-000656","2025-08-28T10:28:00","2025-08-30T09:16:00","2025-08-30","C001","LIDL Mock CR s.r.o.","retail_retezec","99910001","CZ99910001","Praha","Hlavni mesto Praha","15800",50.0525,14.3254,"EDI","platinum","P001","PEC-ROH-043","Rohlik tukovy 43 g","bezne_pecivo","klasicky","ks",50,1,"LOT-20250830-S002-194","S002","Moravske pecivo a.s. (mock)","99820002","CZ","WH01","DC Praha-Jinonice (mock)","B-BEZNE","PRG-C001-SOB",2300,2300,0,22,4338,2038,3.26,8.3,12,6875.67,7700.75,4307.49,2568.18,30,"uhrazeno","dodano",false,"","sobota",true,false,20.9,2.6,-7,"prioritni vykladka"
"TX-2025-000657","FV-2025-000657","ORD-2025-000657","2025-08-27T12:31:00","2025-08-30T10:40:00","2025-08-30","C004","TESCO Mock Stores CR a.s.","retail_retezec","99910004","CZ99910004","Ostrava","Moravskoslezsky kraj","70030",49.7854,18.2741,"EDI","gold","P001","PEC-ROH-043","Rohlik tukovy 43 g","bezne_pecivo","klasicky","ks",50,1,"LOT-20250830-S001-686","S001","Pekarna Slunce s.r.o. (mock)","99820001","CZ","WH03","DC Ostrava-Hrabova (mock)","B-BEZNE","OVA-C004-SOB",1450,1450,17,36,3219,1786,3.19,5.65,12,4312.99,4830.55,2576.17,1736.82,30,"uhrazeno","dodano",false,"","sobota",true,false,23.9,0,15,""
"TX-2025-000658","FV-2025-000658","ORD-2025-000658","2025-08-28T09:12:00","2025-08-30T06:27:00","2025-08-30","C012","Restaurace U Tri pecnu s.r.o. (mock)","horeca","99910012","CZ99910012","Ceske Budejovice","Jihocesky kraj","37001",48.9745,14.4743,"obchodni_zastupce","standard","P002","PEC-ROH-055-CZ","Rohlik celozrnny 55 g","bezne_pecivo","celozrnny","ks",40,2,"LOT-20250830-S002-420","S002","Moravske pecivo a.s. (mock)","99820002","CZ","WH01","DC Praha-Jinonice (mock)","B-BEZNE","PRG-C012-SOB",160,0,0,0,57,57,6.59,1.9,12,0,0,0,0,14,"stornovano","zruseno",false,"","sobota",true,false,15.3,0,0,""
"TX-2025-000659","FV-2025-000659","ORD-2025-000659","2025-08-29T12:02:00","2025-09-01T05:05:00","2025-09-01","C001","LIDL Mock CR s.r.o.","retail_retezec","99910001","CZ99910001","Praha","Hlavni mesto Praha","15800",50.0525,14.3254,"EDI","platinum","P004","PEC-CHL-500","Chleb konzumentni 500 g","chleb","psenicno-zitny","ks",12,4,"LOT-20250901-S003-354","S003","Slezska pekarna s.r.o. (mock)","99820003","CZ","WH01","DC Praha-Jinonice (mock)","A-CHLEB","PRG-C001-PON",564,564,0,0,1143,579,32.9,8.93,12,16898.58,18926.41,11008.8,5889.78,30,"uhrazeno","dodano",false,"","pondeli",false,false,12.5,0,-9,""
"TX-2025-000660","FV-2025-000660","ORD-2025-000660","2025-08-30T15:07:00","2025-09-01T09:24:00","2025-09-01","C003","KAUFLAND Mock CR v.o.s.","retail_retezec","99910003","CZ99910003","Brno","Jihomoravsky kraj","62700",49.1678,16.6827,"EDI","platinum","P006","PEC-BAG-110","Bageta bila 110 g","bezne_pecivo","bila","ks",25,2,"LOT-20250901-S001-401","S001","Pekarna Slunce s.r.o. (mock)","99820001","CZ","WH02","DC Brno-Slatina (mock)","B-BEZNE","BRN-C003-PON",725,725,0,10,1538,813,13.14,9.08,12,8661.49,9700.87,5306.37,3355.12,30,"uhrazeno","dodano",false,"","pondeli",false,false,13.8,1.4,5,""
"TX-2025-000661","FV-2025-000661","ORD-2025-000661","2025-08-29T16:33:00","2025-09-01T04:11:00","2025-09-01","C006","Rohlik.cz Mock a.s.","ecommerce","99910006","CZ99910006","Praha","Hlavni mesto Praha","18600",50.1008,14.4749,"API_B2B","platinum","P005","PEC-CHL-750-ZIT","Chleb zitny kvaskovy 750 g","chleb","kvaskovy","ks",10,5,"LOT-20250901-S004-831","S004","Danube Bakery SK s.r.o. (mock)","99820004","SK","WH01","DC Praha-Jinonice (mock)","A-CHLEB","PRG-C006-PON",80,80,1,0,122,43,55.15,8.24,12,3997.85,4477.59,2501.91,1495.94,14,"uhrazeno","dodano",false,"","pondeli",false,false,18.5,0,2,""
"TX-2025-000662","FV-2025-000662","ORD-2025-000662","2025-08-30T08:10:00","2025-09-01T05:20:00","2025-09-01","C007","MAKRO Mock Cash & Carry CR s.r.o.","velkoobchod","99910007","CZ99910007","Praha","Hlavni mesto Praha","25242",49.9971,14.4291,"EDI","gold","P002","PEC-ROH-055-CZ","Rohlik celozrnny 55 g","bezne_pecivo","celozrnny","ks",40,2,"LOT-20250901-S001-416","S001","Pekarna Slunce s.r.o. (mock)","99820001","CZ","WH01","DC Praha-Jinonice (mock)","B-BEZNE","PRG-C007-PON",760,712,0,0,1131,419,6.66,5.73,12,4470.21,5006.64,2603.28,1866.93,21,"uhrazeno","castecne_dodano",false,"","pondeli",false,false,11.5,0,-10,""
"TX-2025-000663","FV-2025-000663","ORD-2025-000663","2025-08-31T13:40:00","2025-09-02T05:52:00","2025-09-02","C002","ALBERT Mock Retail s.r.o.","retail_retezec","99910002","CZ99910002","Praha","Hlavni mesto Praha","10000",50.0724,14.4907,"EDI","platinum","P007","PEC-CRO-065","Croissant maslovy 65 g","jemne_pecivo","maslovy","ks",24,3,"LOT-20250902-S004-468","S004","Danube Bakery SK s.r.o. (mock)","99820004","SK","WH01","DC Praha-Jinonice (mock)","C-JEMNE","PRG-C002-UTE",528,528,2,4,1433,907,19.37,8.59,12,9313.42,10431.03,6420.67,2892.75,30,"uhrazeno","dodano",false,"","utery",false,false,10.4,0.4,5,""
"TX-2025-000664","FV-2025-000664","ORD-2025-000664","2025-08-30T08:33:00","2025-09-02T08:14:00","2025-09-02","C005","PENNY Mock Market s.r.o.","retail_retezec","99910005","CZ99910005","Radonice","Stredocesky kraj","25073",50.1437,14.6077,"EDI","gold","P003","PEC-KAI-060","Kaiserka sezamova 60 g","bezne_pecivo","sezam","ks",35,2,"LOT-20250902-S003-503","S003","Slezska pekarna s.r.o. (mock)","99820003","CZ","WH01","DC Praha-Jinonice (mock)","B-BEZNE","PRG-C005-UTE",1295,1295,0,0,2458,1163,8,21.23,12,8160.57,9139.84,5810.15,2350.42,21,"uhrazeno","dodano",true,"Akce pecivo -15 %","utery",false,false,13.9,0,-15,""
"TX-2025-000665","FV-2025-000665","ORD-2025-000665","2025-08-31T16:53:00","2025-09-02T05:53:00","2025-09-02","C009","Skolni jidelna Javor (mock)","verejny_sektor","99910009","CZ99910009","Olomouc","Olomoucky kraj","77900",49.5938,17.2509,"email","standard","P004","PEC-CHL-500","Chleb konzumentni 500 g","chleb","psenicno-zitny","ks",12,4,"LOT-20250902-S003-939","S003","Slezska pekarna s.r.o. (mock)","99820003","CZ","WH02","DC Brno-Slatina (mock)","A-CHLEB","BRN-C009-UTE",72,72,1,0,140,69,31.96,1.88,12,2226.5,2493.68,1372.7,853.8,14,"uhrazeno","dodano",false,"","utery",false,false,16.7,0,-15,""
"TX-2025-000666","FV-2025-000666","ORD-2025-000666","2025-09-01T12:29:00","2025-09-03T05:27:00","2025-09-03","C004","TESCO Mock Stores CR a.s.","retail_retezec","99910004","CZ99910004","Ostrava","Moravskoslezsky kraj","70030",49.7854,18.2741,"EDI","gold","P001","PEC-ROH-043","Rohlik tukovy 43 g","bezne_pecivo","klasicky","ks",50,1,"LOT-20250903-S001-528","S001","Pekarna Slunce s.r.o. (mock)","99820001","CZ","WH03","DC Ostrava-Hrabova (mock)","B-BEZNE","OVA-C004-STR",2050,2050,0,0,3065,1015,3.31,6.57,12,6339.69,7100.45,4008.87,2330.82,30,"uhrazeno","dodano",false,"","streda",false,false,13.7,0,-8,""
"TX-2025-000667","FV-2025-000667","ORD-2025-000667","2025-09-01T14:42:00","2025-09-03T08:32:00","2025-09-03","C006","Rohlik.cz Mock a.s.","ecommerce","99910006","CZ99910006","Praha","Hlavni mesto Praha","18600",50.1008,14.4749,"API_B2B","platinum","P009","PEC-VEC-360","Veka tukova 360 g","chleb","klasicka","ks",14,3,"LOT-20250903-S002-211","S002","Moravske pecivo a.s. (mock)","99820002","CZ","WH01","DC Praha-Jinonice (mock)","A-CHLEB","PRG-C006-STR",84,84,0,0,169,85,30.72,8.36,12,2364.75,2648.52,1463.41,901.34,14,"uhrazeno","dodano",false,"","streda",false,false,15.7,0,10,""
"TX-2025-000668","FV-2025-000668","ORD-2025-000668","2025-08-31T11:55:00","2025-09-03T06:03:00","2025-09-03","C011","Fakultni nemocnice Demo (mock)","verejny_sektor","99910011","CZ99910011","Hradec Kralove","Kralovehradecky kraj","50005",50.1956,15.8328,"email","silver","P004","PEC-CHL-500","Chleb konzumentni 500 g","chleb","psenicno-zitny","ks",12,4,"LOT-20250903-S003-215","S003","Slezska pekarna s.r.o. (mock)","99820003","CZ","WH01","DC Praha-Jinonice (mock)","A-CHLEB","PRG-C011-STR",96,96,2,0,154,60,32.26,4.03,12,2910.23,3259.46,1883.64,1026.59,30,"uhrazeno","dodano",false,"","streda",false,false,16.6,0,5,"synteticky testovaci zaznam"
"TX-2025-000669","FV-2025-000669","ORD-2025-000669","2025-09-02T11:30:00","2025-09-04T06:26:00","2025-09-04","C003","KAUFLAND Mock CR v.o.s.","retail_retezec","99910003","CZ99910003","Brno","Jihomoravsky kraj","62700",49.1678,16.6827,"EDI","platinum","P009","PEC-VEC-360","Veka tukova 360 g","chleb","klasicka","ks",14,3,"LOT-20250904-S001-895","S001","Pekarna Slunce s.r.o. (mock)","99820001","CZ","WH02","DC Brno-Slatina (mock)","A-CHLEB","BRN-C003-CTV",266,266,0,0,747,481,29.84,8.58,12,7256.41,8127.18,4615.6,2640.81,30,"uhrazeno","dodano",false,"","ctvrtek",false,false,13.3,2.1,4,""
"TX-2025-000670","FV-2025-000670","ORD-2025-000670","2025-09-01T14:39:00","2025-09-04T08:31:00","2025-09-04","C008","BILLA Mock, spol. s r.o.","retail_retezec","99910008","CZ99910008","Modletice","Stredocesky kraj","25101",49.9708,14.5852,"EDI","gold","P011","PEC-HOU-060","Houska psenicna 60 g","bezne_pecivo","klasicka","ks",40,2,"LOT-20250904-S002-567","S002","Moravske pecivo a.s. (mock)","99820002","CZ","WH01","DC Praha-Jinonice (mock)","B-BEZNE","PRG-C008-CTV",720,720,0,9,1199,479,5.57,5.86,12,3775.39,4228.44,2258.16,1517.23,30,"uhrazeno","dodano",false,"","ctvrtek",false,false,17.4,0.1,-1,""
"TX-2025-000671","FV-2025-000671","ORD-2025-000671","2025-09-02T11:51:00","2025-09-05T09:58:00","2025-09-05","C001","LIDL Mock CR s.r.o.","retail_retezec","99910001","CZ99910001","Praha","Hlavni mesto Praha","15800",50.0525,14.3254,"EDI","platinum","P008","PEC-KOB-060","Kobliha s marmeladou 60 g","jemne_pecivo","merunkova","ks",30,2,"LOT-20250905-S003-935","S003","Slezska pekarna s.r.o. (mock)","99820003","CZ","WH01","DC Praha-Jinonice (mock)","C-JEMNE","PRG-C001-PAT",780,780,0,0,1093,313,16,8.7,12,11394.24,12761.55,7031.06,4363.18,30,"uhrazeno","dodano",false,"","patek",false,false,20.3,0,-15,""
"TX-2025-000672","FV-2025-000672","ORD-2025-000672","2025-09-03T10:35:00","2025-09-05T04:06:00","2025-09-05","C005","PENNY Mock Market s.r.o.","retail_retezec","99910005","CZ99910005","Radonice","Stredocesky kraj","25073",50.1437,14.6077,"EDI","gold","P003","PEC-KAI-060","Kaiserka sezamova 60 g","bezne_pecivo","sezam","ks",35,2,"LOT-20250905-S003-748","S003","Slezska pekarna s.r.o. (mock)","99820003","CZ","WH01","DC Praha-Jinonice (mock)","B-BEZNE","PRG-C005-PAT",735,735,0,11,1848,1113,7.99,6.33,12,5500.91,6161.02,3421.79,2079.12,21,"uhrazeno","dodano",false,"","patek",false,false,16,2.8,3,""
"TX-2025-000673","FV-2025-000673","ORD-2025-000673","2025-09-02T14:02:00","2025-09-05T09:02:00","2025-09-05","C010","Kavarny KafeKruh s.r.o. (mock)","horeca","99910010","CZ99910010","Plzen","Plzensky kraj","30100",49.7384,13.3736,"B2B_eshop","silver","P010","PEC-SNE-090","Snek skorice 90 g","jemne_pecivo","skoricovy","ks",20,3,"LOT-20250905-S004-458","S004","Danube Bakery SK s.r.o. (mock)","99820004","SK","WH01","DC Praha-Jinonice (mock)","C-JEMNE","PRG-C010-PAT",40,40,0,0,92,52,23.43,4.09,12,898.87,1006.73,571.18,327.69,14,"uhrazeno","dodano",false,"","patek",false,false,11.5,0,-14,""
"TX-2025-000674","FV-2025-000674","ORD-2025-000674","2025-09-03T17:44:00","2025-09-06T07:58:00","2025-09-06","C001","LIDL Mock CR s.r.o.","retail_retezec","99910001","CZ99910001","Praha","Hlavni mesto Praha","15800",50.0525,14.3254,"EDI","platinum","P006","PEC-BAG-110","Bageta bila 110 g","bezne_pecivo","bila","ks",25,2,"LOT-20250906-S001-260","S001","Pekarna Slunce s.r.o. (mock)","99820001","CZ","WH01","DC Praha-Jinonice (mock)","B-BEZNE","PRG-C001-SOB",925,925,0,0,2458,1533,12.92,8.44,12,10942.34,12255.42,6519.73,4422.61,30,"uhrazeno","dodano",false,"","sobota",true,false,16.9,0,-1,""
"TX-2025-000675","FV-2025-000675","ORD-2025-000675","2025-09-03T11:42:00","2025-09-06T07:01:00","2025-09-06","C004","TESCO Mock Stores CR a.s.","retail_retezec","99910004","CZ99910004","Ostrava","Moravskoslezsky kraj","70030",49.7854,18.2741,"EDI","gold","P011","PEC-HOU-060","Houska psenicna 60 g","bezne_pecivo","klasicka","ks",40,2,"LOT-20250906-S003-142","S003","Slezska pekarna s.r.o. (mock)","99820003","CZ","WH03","DC Ostrava-Hrabova (mock)","B-BEZNE","OVA-C004-SOB",920,920,0,0,2045,1125,5.47,6.04,12,4728.44,5295.85,2789.77,1938.67,30,"uhrazeno","dodano",false,"","sobota",true,false,17.9,0,-7,""
"TX-2025-000676","FV-2025-000676","ORD-2025-000676","2025-09-06T14:10:00","2025-09-08T05:44:00","2025-09-08","C003","KAUFLAND Mock CR v.o.s.","retail_retezec","99910003","CZ99910003","Brno","Jihomoravsky kraj","62700",49.1678,16.6827,"EDI","platinum","P003","PEC-KAI-060","Kaiserka sezamova 60 g","bezne_pecivo","sezam","ks",35,2,"LOT-20250908-S003-991","S003","Slezska pekarna s.r.o. (mock)","99820003","CZ","WH02","DC Brno-Slatina (mock)","B-BEZNE","BRN-C003-PON",980,980,0,0,2330,1350,7.92,8.41,12,7108.85,7961.91,4449.66,2659.19,30,"uhrazeno","dodano",false,"","pondeli",false,false,17.7,2.9,-5,""
"TX-2025-000677","FV-2025-000677","ORD-2025-000677","2025-09-06T14:45:00","2025-09-08T07:36:00","2025-09-08","C006","Rohlik.cz Mock a.s.","ecommerce","99910006","CZ99910006","Praha","Hlavni mesto Praha","18600",50.1008,14.4749,"API_B2B","platinum","P003","PEC-KAI-060","Kaiserka sezamova 60 g","bezne_pecivo","sezam","ks",35,2,"LOT-20250908-S001-936","S001","Pekarna Slunce s.r.o. (mock)","99820001","CZ","WH01","DC Praha-Jinonice (mock)","B-BEZNE","PRG-C006-PON",350,350,0,0,521,171,7.9,23.45,12,2116.61,2370.6,1576.16,540.45,14,"uhrazeno","dodano",true,"Akce pecivo -15 %","pondeli",false,false,17.8,0,-11,"vratne prepravky"
"TX-2025-000678","FV-2025-000678","ORD-2025-000678","2025-09-05T14:59:00","2025-09-08T07:57:00","2025-09-08","C007","MAKRO Mock Cash & Carry CR s.r.o.","velkoobchod","99910007","CZ99910007","Praha","Hlavni mesto Praha","25242",49.9971,14.4291,"EDI","gold","P006","PEC-BAG-110","Bageta bila 110 g","bezne_pecivo","bila","ks",25,2,"LOT-20250908-S003-272","S003","Slezska pekarna s.r.o. (mock)","99820003","CZ","WH01","DC Praha-Jinonice (mock)","B-BEZNE","PRG-C007-PON",500,500,0,10,1021,521,13.34,6.03,12,6267.8,7019.94,3609.39,2658.41,21,"uhrazeno","dodano",false,"","pondeli",false,false,16,19.9,40,"kontrola mnozstvi pri prevzeti"
"TX-2025-000679","FV-2025-000679","ORD-2025-000679","2025-09-06T13:37:00","2025-09-09T04:16:00","2025-09-09","C002","ALBERT Mock Retail s.r.o.","retail_retezec","99910002","CZ99910002","Praha","Hlavni mesto Praha","10000",50.0724,14.4907,"EDI","platinum","P002","PEC-ROH-055-CZ","Rohlik celozrnny 55 g","bezne_pecivo","celozrnny","ks",40,2,"LOT-20250909-S001-727","S001","Pekarna Slunce s.r.o. (mock)","99820001","CZ","WH01","DC Praha-Jinonice (mock)","B-BEZNE","PRG-C002-UTE",1360,0,0,0,1076,1076,6.64,23.29,12,0,0,0,0,30,"stornovano","zruseno",true,"Akce pecivo -15 %","utery",false,false,11.8,2.3,0,""
"TX-2025-000680","FV-2025-000680","ORD-2025-000680","2025-09-06T13:49:00","2025-09-09T10:15:00","2025-09-09","C005","PENNY Mock Market s.r.o.","retail_retezec","99910005","CZ99910005","Radonice","Stredocesky kraj","25073",50.1437,14.6077,"EDI","gold","P001","PEC-ROH-043","Rohlik tukovy 43 g","bezne_pecivo","klasicky","ks",50,1,"LOT-20250909-S002-152","S002","Moravske pecivo a.s. (mock)","99820002","CZ","WH01","DC Praha-Jinonice (mock)","B-BEZNE","PRG-C005-UTE",1400,1400,0,0,3219,1819,3.26,13.97,12,3926.41,4397.58,2654.04,1272.37,21,"uhrazeno","dodano",true,"Vikendova akce","utery",false,false,20.5,0,-5,""
"TX-2025-000681","FV-2025-000681","ORD-2025-000681","2025-09-08T15:39:00","2025-09-10T07:47:00","2025-09-10","C001","LIDL Mock CR s.r.o.","retail_retezec","99910001","CZ99910001","Praha","Hlavni mesto Praha","15800",50.0525,14.3254,"EDI","platinum","P006","PEC-BAG-110","Bageta bila 110 g","bezne_pecivo","bila","ks",25,2,"LOT-20250910-S003-248","S003","Slezska pekarna s.r.o. (mock)","99820003","CZ","WH01","DC Praha-Jinonice (mock)","B-BEZNE","PRG-C001-STR",1100,1100,2,30,2580,1482,13.19,16.85,12,12042.3,13487.38,7815.92,4226.38,30,"uhrazeno","dodano",true,"Vikendova akce","streda",false,false,18.4,0,-12,""
"TX-2025-000682","FV-2025-000682","ORD-2025-000682","2025-09-08T15:34:00","2025-09-10T06:34:00","2025-09-10","C004","TESCO Mock Stores CR a.s.","retail_retezec","99910004","CZ99910004","Ostrava","Moravskoslezsky kraj","70030",49.7854,18.2741,"EDI","gold","P005","PEC-CHL-750-ZIT","Chleb zitny kvaskovy 750 g","chleb","kvaskovy","ks",10,5,"LOT-20250910-S004-202","S004","Danube Bakery SK s.r.o. (mock)","99820004","SK","WH03","DC Ostrava-Hrabova (mock)","A-CHLEB","OVA-C004-STR",250,250,0,4,357,107,56.31,6.38,12,13179.36,14760.88,8334.8,4844.56,30,"uhrazeno","dodano",false,"","streda",false,false,19.4,0,1,""
"TX-2025-000683","FV-2025-000683","ORD-2025-000683","2025-09-08T13:08:00","2025-09-10T09:04:00","2025-09-10","C006","Rohlik.cz Mock a.s.","ecommerce","99910006","CZ99910006","Praha","Hlavni mesto Praha","18600",50.1008,14.4749,"API_B2B","platinum","P007","PEC-CRO-065","Croissant maslovy 65 g","jemne_pecivo","maslovy","ks",24,3,"LOT-20250910-S002-952","S002","Moravske pecivo a.s. (mock)","99820002","CZ","WH01","DC Praha-Jinonice (mock)","C-JEMNE","PRG-C006-STR",216,216,0,0,410,194,19.48,23.66,12,3212.14,3597.6,2642.22,569.92,14,"uhrazeno","dodano",true,"Akce pecivo -15 %","streda",false,false,11.3,0,-12,""
"TX-2025-000684","FV-2025-000684","ORD-2025-000684","2025-09-08T15:22:00","2025-09-10T08:51:00","2025-09-10","C011","Fakultni nemocnice Demo (mock)","verejny_sektor","99910011","CZ99910011","Hradec Kralove","Kralovehradecky kraj","50005",50.1956,15.8328,"email","silver","P004","PEC-CHL-500","Chleb konzumentni 500 g","chleb","psenicno-zitny","ks",12,4,"LOT-20250910-S002-978","S002","Moravske pecivo a.s. (mock)","99820002","CZ","WH01","DC Praha-Jinonice (mock)","A-CHLEB","PRG-C011-STR",96,96,0,0,194,98,32.28,3.76,12,2982.36,3340.24,1896,1086.36,30,"uhrazeno","dodano",false,"","streda",false,false,15.9,2,-7,""
"TX-2025-000685","FV-2025-000685","ORD-2025-000685","2025-09-09T15:32:00","2025-09-11T08:11:00","2025-09-11","C002","ALBERT Mock Retail s.r.o.","retail_retezec","99910002","CZ99910002","Praha","Hlavni mesto Praha","10000",50.0724,14.4907,"EDI","platinum","P003","PEC-KAI-060","Kaiserka sezamova 60 g","bezne_pecivo","sezam","ks",35,2,"LOT-20250911-S001-150","S001","Pekarna Slunce s.r.o. (mock)","99820001","CZ","WH01","DC Praha-Jinonice (mock)","B-BEZNE","PRG-C002-CTV",1225,1225,0,0,2877,1652,8.13,8.43,12,9119.69,10214.05,5703.6,3416.09,30,"uhrazeno","dodano",false,"","ctvrtek",false,false,16.1,0,-6,"prioritni vykladka"
"TX-2025-000686","FV-2025-000686","ORD-2025-000686","2025-09-08T14:30:00","2025-09-11T10:03:00","2025-09-11","C003","KAUFLAND Mock CR v.o.s.","retail_retezec","99910003","CZ99910003","Brno","Jihomoravsky kraj","62700",49.1678,16.6827,"EDI","platinum","P006","PEC-BAG-110","Bageta bila 110 g","bezne_pecivo","bila","ks",25,2,"LOT-20250911-S003-971","S003","Slezska pekarna s.r.o. (mock)","99820003","CZ","WH02","DC Brno-Slatina (mock)","B-BEZNE","BRN-C003-CTV",600,600,7,0,834,241,12.9,8.01,12,7036.96,7881.4,4304.48,2732.48,30,"uhrazeno","dodano",false,"","ctvrtek",false,false,16,0,-12,""
"TX-2025-000687","FV-2025-000687","ORD-2025-000687","2025-09-09T11:49:00","2025-09-11T07:10:00","2025-09-11","C008","BILLA Mock, spol. s r.o.","retail_retezec","99910008","CZ99910008","Modletice","Stredocesky kraj","25101",49.9708,14.5852,"EDI","gold","P001","PEC-ROH-043","Rohlik tukovy 43 g","bezne_pecivo","klasicky","ks",50,1,"LOT-20250911-S001-673","S001","Pekarna Slunce s.r.o. (mock)","99820001","CZ","WH01","DC Praha-Jinonice (mock)","B-BEZNE","PRG-C008-CTV",950,950,0,15,2077,1127,3.22,6.02,12,2874.85,3219.83,1724.65,1150.2,30,"uhrazeno","dodano",false,"","ctvrtek",false,false,20.6,0,13,""
"TX-2025-000688","FV-2025-000688","ORD-2025-000688","2025-09-10T15:22:00","2025-09-12T04:25:00","2025-09-12","C001","LIDL Mock CR s.r.o.","retail_retezec","99910001","CZ99910001","Praha","Hlavni mesto Praha","15800",50.0525,14.3254,"EDI","platinum","P004","PEC-CHL-500","Chleb konzumentni 500 g","chleb","psenicno-zitny","ks",12,4,"LOT-20250912-S003-473","S003","Slezska pekarna s.r.o. (mock)","99820003","CZ","WH01","DC Praha-Jinonice (mock)","A-CHLEB","PRG-C001-PAT",468,468,0,0,1044,576,32.38,16.46,12,12659.52,14178.66,9300.95,3358.57,30,"uhrazeno","dodano",true,"Vikendova akce","patek",false,false,10.9,17.3,42,""
"TX-2025-000689","FV-2025-000689","ORD-2025-000689","2025-09-09T11:04:00","2025-09-12T10:54:00","2025-09-12","C005","PENNY Mock Market s.r.o.","retail_retezec","99910005","CZ99910005","Radonice","Stredocesky kraj","25073",50.1437,14.6077,"EDI","gold","P003","PEC-KAI-060","Kaiserka sezamova 60 g","bezne_pecivo","sezam","ks",35,2,"LOT-20250912-S003-956","S003","Slezska pekarna s.r.o. (mock)","99820003","CZ","WH01","DC Praha-Jinonice (mock)","B-BEZNE","PRG-C005-PAT",665,665,14,0,1676,1025,8.19,5.52,12,5037.38,5641.87,3062.06,1975.32,21,"uhrazeno","dodano",false,"","patek",false,false,12,0,-6,""
"TX-2025-000690","FV-2025-000690","ORD-2025-000690","2025-09-09T16:34:00","2025-09-12T07:30:00","2025-09-12","C006","Rohlik.cz Mock a.s.","ecommerce","99910006","CZ99910006","Praha","Hlavni mesto Praha","18600",50.1008,14.4749,"API_B2B","platinum","P005","PEC-CHL-750-ZIT","Chleb zitny kvaskovy 750 g","chleb","kvaskovy","ks",10,5,"LOT-20250912-S002-784","S002","Moravske pecivo a.s. (mock)","99820002","CZ","WH01","DC Praha-Jinonice (mock)","A-CHLEB","PRG-C006-PAT",60,60,0,0,125,65,55.72,8.12,12,3071.73,3440.34,1988.41,1083.32,14,"uhrazeno","dodano",false,"","patek",false,false,14,0,2,""
"TX-2025-000691","FV-2025-000691","ORD-2025-000691","2025-09-09T08:03:00","2025-09-12T06:22:00","2025-09-12","C010","Kavarny KafeKruh s.r.o. (mock)","horeca","99910010","CZ99910010","Plzen","Plzensky kraj","30100",49.7384,13.3736,"B2B_eshop","silver","P003","PEC-KAI-060","Kaiserka sezamova 60 g","bezne_pecivo","sezam","ks",35,2,"LOT-20250912-S003-667","S003","Slezska pekarna s.r.o. (mock)","99820003","CZ","WH01","DC Praha-Jinonice (mock)","B-BEZNE","PRG-C010-PAT",105,105,0,0,193,88,8.05,3.27,12,817.61,915.72,489.15,328.46,14,"uhrazeno","dodano",false,"","patek",false,false,16.5,0,1,""
"TX-2025-000692","FV-2025-000692","ORD-2025-000692","2025-09-11T15:32:00","2025-09-13T06:27:00","2025-09-13","C001","LIDL Mock CR s.r.o.","retail_retezec","99910001","CZ99910001","Praha","Hlavni mesto Praha","15800",50.0525,14.3254,"EDI","platinum","P001","PEC-ROH-043","Rohlik tukovy 43 g","bezne_pecivo","klasicky","ks",50,1,"LOT-20250913-S003-433","S003","Slezska pekarna s.r.o. (mock)","99820003","CZ","WH01","DC Praha-Jinonice (mock)","B-BEZNE","PRG-C001-SOB",2700,2700,39,57,4897,2236,3.28,8.39,12,7995.79,8955.28,5115.03,2880.76,30,"uhrazeno","dodano",false,"","sobota",true,false,16.2,0,-15,"prioritni vykladka"
"TX-2025-000693","FV-2025-000693","ORD-2025-000693","2025-09-11T10:00:00","2025-09-13T10:57:00","2025-09-13","C004","TESCO Mock Stores CR a.s.","retail_retezec","99910004","CZ99910004","Ostrava","Moravskoslezsky kraj","70030",49.7854,18.2741,"EDI","gold","P002","PEC-ROH-055-CZ","Rohlik celozrnny 55 g","bezne_pecivo","celozrnny","ks",40,2,"LOT-20250913-S001-860","S001","Pekarna Slunce s.r.o. (mock)","99820001","CZ","WH03","DC Ostrava-Hrabova (mock)","B-BEZNE","OVA-C004-SOB",1080,1080,0,27,2268,1188,6.59,6.34,12,6665.97,7465.89,3931.53,2734.44,30,"uhrazeno","dodano",false,"","sobota",true,false,16.3,0,-3,""
"TX-2025-000694","FV-2025-000694","ORD-2025-000694","2025-09-10T08:56:00","2025-09-13T08:36:00","2025-09-13","C012","Restaurace U Tri pecnu s.r.o. (mock)","horeca","99910012","CZ99910012","Ceske Budejovice","Jihocesky kraj","37001",48.9745,14.4743,"obchodni_zastupce","standard","P003","PEC-KAI-060","Kaiserka sezamova 60 g","bezne_pecivo","sezam","ks",35,2,"LOT-20250913-S001-876","S001","Pekarna Slunce s.r.o. (mock)","99820001","CZ","WH01","DC Praha-Jinonice (mock)","B-BEZNE","PRG-C012-SOB",140,140,3,0,225,88,8.04,1.65,12,1083.31,1213.31,631.91,451.4,14,"uhrazeno","dodano",false,"","sobota",true,false,18.3,0,-11,""
"TX-2025-000695","FV-2025-000695","ORD-2025-000695","2025-09-12T16:09:00","2025-09-15T04:12:00","2025-09-15","C001","LIDL Mock CR s.r.o.","retail_retezec","99910001","CZ99910001","Praha","Hlavni mesto Praha","15800",50.0525,14.3254,"EDI","platinum","P003","PEC-KAI-060","Kaiserka sezamova 60 g","bezne_pecivo","sezam","ks",35,2,"LOT-20250915-S003-225","S003","Slezska pekarna s.r.o. (mock)","99820003","CZ","WH01","DC Praha-Jinonice (mock)","B-BEZNE","PRG-C001-PON",1505,1505,0,0,2951,1446,8.13,8.53,12,11191.95,12534.98,6950.01,4241.94,30,"uhrazeno","dodano",false,"","pondeli",false,false,11.1,0,-14,""
"TX-2025-000696","FV-2025-000696","ORD-2025-000696","2025-09-13T14:30:00","2025-09-15T10:24:00","2025-09-15","C003","KAUFLAND Mock CR v.o.s.","retail_retezec","99910003","CZ99910003","Brno","Jihomoravsky kraj","62700",49.1678,16.6827,"EDI","platinum","P004","PEC-CHL-500","Chleb konzumentni 500 g","chleb","psenicno-zitny","ks",12,4,"LOT-20250915-S002-422","S002","Moravske pecivo a.s. (mock)","99820002","CZ","WH02","DC Brno-Slatina (mock)","A-CHLEB","BRN-C003-PON",504,504,12,0,1034,542,32.7,16.66,12,13408.07,15017.04,10004.41,3403.66,30,"uhrazeno","dodano",true,"Vikendova akce","pondeli",false,false,12.1,0,-11,"prioritni vykladka"
"TX-2025-000697","FV-2025-000697","ORD-2025-000697","2025-09-14T08:30:00","2025-09-15T04:42:00","2025-09-15","C006","Rohlik.cz Mock a.s.","ecommerce","99910006","CZ99910006","Praha","Hlavni mesto Praha","18600",50.1008,14.4749,"API_B2B","platinum","P012","PEC-DAL-070","Dalamanek grahamovy 70 g","bezne_pecivo","grahamovy","ks",32,2,"LOT-20250915-S003-753","S003","Slezska pekarna s.r.o. (mock)","99820003","CZ","WH01","DC Praha-Jinonice (mock)","B-BEZNE","PRG-C006-PON",192,192,0,1,274,82,10.22,8.29,12,1799.57,2015.52,1063.41,736.16,14,"uhrazeno","dodano",false,"","pondeli",false,false,20.3,1.1,-15,""
"TX-2025-000698","FV-2025-000698","ORD-2025-000698","2025-09-12T17:57:00","2025-09-15T04:01:00","2025-09-15","C007","MAKRO Mock Cash & Carry CR s.r.o.","velkoobchod","99910007","CZ99910007","Praha","Hlavni mesto Praha","25242",49.9971,14.4291,"EDI","gold","P004","PEC-CHL-500","Chleb konzumentni 500 g","chleb","psenicno-zitny","ks",12,4,"LOT-20250915-S002-845","S002","Moravske pecivo a.s. (mock)","99820002","CZ","WH01","DC Praha-Jinonice (mock)","A-CHLEB","PRG-C007-PON",276,276,0,6,364,88,33.02,6.58,12,8513.85,9535.51,5603.46,2910.39,21,"uhrazeno","dodano",false,"","pondeli",false,false,12.8,0.7,3,"vratne prepravky"
"TX-2025-000699","FV-2025-000699","ORD-2025-000699","2025-09-13T09:35:00","2025-09-16T05:46:00","2025-09-16","C002","ALBERT Mock Retail s.r.o.","retail_retezec","99910002","CZ99910002","Praha","Hlavni mesto Praha","10000",50.0724,14.4907,"EDI","platinum","P005","PEC-CHL-750-ZIT","Chleb zitny kvaskovy 750 g","chleb","kvaskovy","ks",10,5,"LOT-20250916-S004-537","S004","Danube Bakery SK s.r.o. (mock)","99820004","SK","WH01","DC Praha-Jinonice (mock)","A-CHLEB","PRG-C002-UTE",230,230,2,0,465,237,55.77,8.81,12,11595.32,12986.76,7335.63,4259.69,30,"po_splatnosti","dodano",false,"","utery",false,false,20.2,0,1,""
"TX-2025-000700","FV-2025-000700","ORD-2025-000700","2025-09-13T12:30:00","2025-09-16T10:26:00","2025-09-16","C005","PENNY Mock Market s.r.o.","retail_retezec","99910005","CZ99910005","Radonice","Stredocesky kraj","25073",50.1437,14.6077,"EDI","gold","P004","PEC-CHL-500","Chleb konzumentni 500 g","chleb","psenicno-zitny","ks",12,4,"LOT-20250916-S002-936","S002","Moravske pecivo a.s. (mock)","99820002","CZ","WH01","DC Praha-Jinonice (mock)","A-CHLEB","PRG-C005-UTE",288,288,0,5,718,430,32.59,5.98,12,8824.64,9883.6,5866.35,2958.29,21,"uhrazeno","dodano",false,"","utery",false,false,14.7,0,11,""
"TX-2025-000701","FV-2025-000701","ORD-2025-000701","2025-09-15T08:59:00","2025-09-17T10:59:00","2025-09-17","C001","LIDL Mock CR s.r.o.","retail_retezec","99910001","CZ99910001","Praha","Hlavni mesto Praha","15800",50.0525,14.3254,"EDI","platinum","P001","PEC-ROH-043","Rohlik tukovy 43 g","bezne_pecivo","klasicky","ks",50,1,"LOT-20250917-S001-866","S001","Pekarna Slunce s.r.o. (mock)","99820001","CZ","WH01","DC Praha-Jinonice (mock)","B-BEZNE","PRG-C001-STR",3500,3500,0,0,4395,895,3.31,16.31,12,9695.49,10858.95,6815.36,2880.13,30,"uhrazeno","dodano",true,"Vikendova akce","streda",false,false,15.3,0,-9,""
"TX-2025-000702","FV-2025-000702","ORD-2025-000702","2025-09-14T15:25:00","2025-09-17T06:44:00","2025-09-17","C004","TESCO Mock Stores CR a.s.","retail_retezec","99910004","CZ99910004","Ostrava","Moravskoslezsky kraj","70030",49.7854,18.2741,"EDI","gold","P004","PEC-CHL-500","Chleb konzumentni 500 g","chleb","psenicno-zitny","ks",12,4,"LOT-20250917-S001-836","S001","Pekarna Slunce s.r.o. (mock)","99820001","CZ","WH03","DC Ostrava-Hrabova (mock)","A-CHLEB","OVA-C004-STR",360,360,0,8,876,516,32.27,6.11,12,10907.39,12216.28,7045.84,3861.55,30,"uhrazeno","dodano",false,"","streda",false,false,20.7,0,-3,""
"TX-2025-000703","FV-2025-000703","ORD-2025-000703","2025-09-14T17:31:00","2025-09-17T10:12:00","2025-09-17","C006","Rohlik.cz Mock a.s.","ecommerce","99910006","CZ99910006","Praha","Hlavni mesto Praha","18600",50.1008,14.4749,"API_B2B","platinum","P010","PEC-SNE-090","Snek skorice 90 g","jemne_pecivo","skoricovy","ks",20,3,"LOT-20250917-S004-315","S004","Danube Bakery SK s.r.o. (mock)","99820004","SK","WH01","DC Praha-Jinonice (mock)","C-JEMNE","PRG-C006-STR",100,100,0,2,232,132,23.24,9.03,12,2114.14,2367.84,1429.82,684.32,14,"uhrazeno","dodano",false,"","streda",false,false,13.7,0.5,8,""
"TX-2025-000704","FV-2025-000704","ORD-2025-000704","2025-09-15T09:14:00","2025-09-17T07:37:00","2025-09-17","C011","Fakultni nemocnice Demo (mock)","verejny_sektor","99910011","CZ99910011","Hradec Kralove","Kralovehradecky kraj","50005",50.1956,15.8328,"email","silver","P009","PEC-VEC-360","Veka tukova 360 g","chleb","klasicka","ks",14,3,"LOT-20250917-S002-936","S002","Moravske pecivo a.s. (mock)","99820002","CZ","WH01","DC Praha-Jinonice (mock)","A-CHLEB","PRG-C011-STR",84,84,0,1,138,54,29.88,3.25,12,2428.35,2719.75,1392.8,1035.55,30,"uhrazeno","dodano",false,"","streda",false,false,12.9,0,1,"vratne prepravky"
"TX-2025-000705","FV-2025-000705","ORD-2025-000705","2025-09-15T11:55:00","2025-09-18T04:10:00","2025-09-18","C002","ALBERT Mock Retail s.r.o.","retail_retezec","99910002","CZ99910002","Praha","Hlavni mesto Praha","10000",50.0724,14.4907,"EDI","platinum","P008","PEC-KOB-060","Kobliha s marmeladou 60 g","jemne_pecivo","merunkova","ks",30,2,"LOT-20250918-S001-310","S001","Pekarna Slunce s.r.o. (mock)","99820001","CZ","WH01","DC Praha-Jinonice (mock)","C-JEMNE","PRG-C002-CTV",600,600,0,16,1678,1078,15.94,8.67,12,8734.8,9782.98,5444.88,3289.92,30,"uhrazeno","dodano",false,"","ctvrtek",false,false,18.7,0,14,""
"TX-2025-000706","FV-2025-000706","ORD-2025-000706","2025-09-15T13:52:00","2025-09-18T04:12:00","2025-09-18","C003","KAUFLAND Mock CR v.o.s.","retail_retezec","99910003","CZ99910003","Brno","Jihomoravsky kraj","62700",49.1678,16.6827,"EDI","platinum","P007","PEC-CRO-065","Croissant maslovy 65 g","jemne_pecivo","maslovy","ks",24,3,"LOT-20250918-S002-496","S002","Moravske pecivo a.s. (mock)","99820002","CZ","WH02","DC Brno-Slatina (mock)","C-JEMNE","BRN-C003-CTV",504,504,6,7,1101,603,19.6,8.15,12,8965.29,10041.12,6024.97,2940.32,30,"uhrazeno","dodano",false,"","ctvrtek",false,false,12.1,0,-6,"synteticky testovaci zaznam"
"TX-2025-000707","FV-2025-000707","ORD-2025-000707","2025-09-15T13:50:00","2025-09-18T10:34:00","2025-09-18","C008","BILLA Mock, spol. s r.o.","retail_retezec","99910008","CZ99910008","Modletice","Stredocesky kraj","25101",49.9708,14.5852,"EDI","gold","P003","PEC-KAI-060","Kaiserka sezamova 60 g","bezne_pecivo","sezam","ks",35,2,"LOT-20250918-S001-462","S001","Pekarna Slunce s.r.o. (mock)","99820001","CZ","WH01","DC Praha-Jinonice (mock)","B-BEZNE","PRG-C008-CTV",525,525,4,3,1412,891,8.12,6.46,12,3957.23,4432.1,2362.11,1595.12,30,"uhrazeno","dodano",false,"","ctvrtek",false,false,15.8,0,-1,"synteticky testovaci zaznam"
"TX-2025-000708","FV-2025-000708","ORD-2025-000708","2025-09-16T17:28:00","2025-09-19T10:53:00","2025-09-19","C001","LIDL Mock CR s.r.o.","retail_retezec","99910001","CZ99910001","Praha","Hlavni mesto Praha","15800",50.0525,14.3254,"EDI","platinum","P007","PEC-CRO-065","Croissant maslovy 65 g","jemne_pecivo","maslovy","ks",24,3,"LOT-20250919-S004-526","S004","Danube Bakery SK s.r.o. (mock)","99820004","SK","WH01","DC Praha-Jinonice (mock)","C-JEMNE","PRG-C001-PAT",888,888,0,15,2146,1258,19.18,9.12,12,15478.54,17335.96,10832.5,4646.04,30,"uhrazeno","dodano",false,"","patek",false,false,18.2,0,-4,"vratne prepravky"
"TX-2025-000709","FV-2025-000709","ORD-2025-000709","2025-09-17T13:11:00","2025-09-19T10:17:00","2025-09-19","C005","PENNY Mock Market s.r.o.","retail_retezec","99910005","CZ99910005","Radonice","Stredocesky kraj","25073",50.1437,14.6077,"EDI","gold","P002","PEC-ROH-055-CZ","Rohlik celozrnny 55 g","bezne_pecivo","celozrnny","ks",40,2,"LOT-20250919-S002-199","S002","Moravske pecivo a.s. (mock)","99820002","CZ","WH01","DC Praha-Jinonice (mock)","B-BEZNE","PRG-C005-PAT",960,960,0,19,1763,803,6.54,5.97,12,5903.58,6612.01,3474.94,2428.64,21,"uhrazeno","dodano",false,"","patek",false,false,15.1,0.6,9,""
"TX-2025-000710","FV-2025-000710","ORD-2025-000710","2025-09-17T10:52:00","2025-09-19T10:02:00","2025-09-19","C010","Kavarny KafeKruh s.r.o. (mock)","horeca","99910010","CZ99910010","Plzen","Plzensky kraj","30100",49.7384,13.3736,"B2B_eshop","silver","P010","PEC-SNE-090","Snek skorice 90 g","jemne_pecivo","skoricovy","ks",20,3,"LOT-20250919-S002-289","S002","Moravske pecivo a.s. (mock)","99820002","CZ","WH01","DC Praha-Jinonice (mock)","C-JEMNE","PRG-C010-PAT",40,40,0,0,94,54,23.62,4.03,12,906.72,1015.53,577.61,329.11,14,"uhrazeno","dodano",false,"","patek",false,false,19.4,3,-15,""
"TX-2025-000711","FV-2025-000711","ORD-2025-000711","2025-09-17T13:14:00","2025-09-20T04:08:00","2025-09-20","C001","LIDL Mock CR s.r.o.","retail_retezec","99910001","CZ99910001","Praha","Hlavni mesto Praha","15800",50.0525,14.3254,"EDI","platinum","P003","PEC-KAI-060","Kaiserka sezamova 60 g","bezne_pecivo","sezam","ks",35,2,"LOT-20250920-S001-751","S001","Pekarna Slunce s.r.o. (mock)","99820001","CZ","WH01","DC Praha-Jinonice (mock)","B-BEZNE","PRG-C001-SOB",1400,1400,0,22,2038,638,8.13,8.82,12,10378.11,11623.48,6555.27,3822.84,30,"uhrazeno","dodano",false,"","sobota",true,false,15.4,1.8,10,""
"TX-2025-000712","FV-2025-000712","ORD-2025-000712","2025-09-18T10:51:00","2025-09-20T07:47:00","2025-09-20","C004","TESCO Mock Stores CR a.s.","retail_retezec","99910004","CZ99910004","Ostrava","Moravskoslezsky kraj","70030",49.7854,18.2741,"EDI","gold","P002","PEC-ROH-055-CZ","Rohlik celozrnny 55 g","bezne_pecivo","celozrnny","ks",40,2,"LOT-20250920-S001-241","S001","Pekarna Slunce s.r.o. (mock)","99820001","CZ","WH03","DC Ostrava-Hrabova (mock)","B-BEZNE","OVA-C004-SOB",960,960,13,0,1702,755,6.67,5.61,12,5962.13,6677.59,3519.76,2442.37,30,"uhrazeno","dodano",false,"","sobota",true,false,19.6,1.8,-14,""
"TX-2025-000713","FV-2025-000713","ORD-2025-000713","2025-09-19T16:37:00","2025-09-20T07:35:00","2025-09-20","C012","Restaurace U Tri pecnu s.r.o. (mock)","horeca","99910012","CZ99910012","Ceske Budejovice","Jihocesky kraj","37001",48.9745,14.4743,"obchodni_zastupce","standard","P002","PEC-ROH-055-CZ","Rohlik celozrnny 55 g","bezne_pecivo","celozrnny","ks",40,2,"LOT-20250920-S002-704","S002","Moravske pecivo a.s. (mock)","99820002","CZ","WH01","DC Praha-Jinonice (mock)","B-BEZNE","PRG-C012-SOB",200,200,0,2,433,233,6.65,1.56,12,1309.25,1466.36,739.2,570.05,14,"uhrazeno","dodano",false,"","sobota",true,false,10.3,1.8,10,"prioritni vykladka"
"TX-2025-000714","FV-2025-000714","ORD-2025-000714","2025-09-20T09:09:00","2025-09-22T09:39:00","2025-09-22","C001","LIDL Mock CR s.r.o.","retail_retezec","99910001","CZ99910001","Praha","Hlavni mesto Praha","15800",50.0525,14.3254,"EDI","platinum","P002","PEC-ROH-055-CZ","Rohlik celozrnny 55 g","bezne_pecivo","celozrnny","ks",40,2,"LOT-20250922-S001-439","S001","Pekarna Slunce s.r.o. (mock)","99820001","CZ","WH01","DC Praha-Jinonice (mock)","B-BEZNE","PRG-C001-PON",1280,1280,0,24,2939,1659,6.59,8.41,12,7725.8,8652.9,4667.17,3058.63,30,"uhrazeno","dodano",false,"","pondeli",false,false,10.8,0,0,"prioritni vykladka"
"TX-2025-000715","FV-2025-000715","ORD-2025-000715","2025-09-19T12:28:00","2025-09-22T06:09:00","2025-09-22","C003","KAUFLAND Mock CR v.o.s.","retail_retezec","99910003","CZ99910003","Brno","Jihomoravsky kraj","62700",49.1678,16.6827,"EDI","platinum","P003","PEC-KAI-060","Kaiserka sezamova 60 g","bezne_pecivo","sezam","ks",35,2,"LOT-20250922-S003-719","S003","Slezska pekarna s.r.o. (mock)","99820003","CZ","WH02","DC Brno-Slatina (mock)","B-BEZNE","BRN-C003-PON",1050,1050,0,25,2399,1349,7.94,8.61,12,7619.18,8533.48,4676.87,2942.31,30,"uhrazeno","dodano",false,"","pondeli",false,false,13.4,0,4,""
"TX-2025-000716","FV-2025-000716","ORD-2025-000716","2025-09-19T11:14:00","2025-09-22T04:51:00","2025-09-22","C006","Rohlik.cz Mock a.s.","ecommerce","99910006","CZ99910006","Praha","Hlavni mesto Praha","18600",50.1008,14.4749,"API_B2B","platinum","P005","PEC-CHL-750-ZIT","Chleb zitny kvaskovy 750 g","chleb","kvaskovy","ks",10,5,"LOT-20250922-S002-340","S002","Moravske pecivo a.s. (mock)","99820002","CZ","WH01","DC Praha-Jinonice (mock)","A-CHLEB","PRG-C006-PON",80,80,0,0,192,112,56.9,8.12,12,4182.38,4684.27,2654.18,1528.2,14,"uhrazeno","dodano",false,"","pondeli",false,false,13.6,0,6,"kontrola mnozstvi pri prevzeti"
"TX-2025-000717","FV-2025-000717","ORD-2025-000717","2025-09-20T14:24:00","2025-09-22T10:21:00","2025-09-22","C007","MAKRO Mock Cash & Carry CR s.r.o.","velkoobchod","99910007","CZ99910007","Praha","Hlavni mesto Praha","25242",49.9971,14.4291,"EDI","gold","P001","PEC-ROH-043","Rohlik tukovy 43 g","bezne_pecivo","klasicky","ks",50,1,"LOT-20250922-S001-231","S001","Pekarna Slunce s.r.o. (mock)","99820001","CZ","WH01","DC Praha-Jinonice (mock)","B-BEZNE","PRG-C007-PON",1350,1350,31,18,1980,661,3.24,6.27,12,4005.61,4486.28,2528.32,1477.29,21,"uhrazeno","dodano",false,"","pondeli",false,false,11.5,5.2,-15,""
"TX-2025-000718","FV-2025-000718","ORD-2025-000718","2025-09-21T15:08:00","2025-09-23T09:13:00","2025-09-23","C002","ALBERT Mock Retail s.r.o.","retail_retezec","99910002","CZ99910002","Praha","Hlavni mesto Praha","10000",50.0724,14.4907,"EDI","platinum","P005","PEC-CHL-750-ZIT","Chleb zitny kvaskovy 750 g","chleb","kvaskovy","ks",10,5,"LOT-20250923-S004-947","S004","Danube Bakery SK s.r.o. (mock)","99820004","SK","WH01","DC Praha-Jinonice (mock)","A-CHLEB","PRG-C002-UTE",210,181,0,5,311,130,55.58,8.95,12,9159.61,10258.76,5970.25,3189.36,30,"uhrazeno","castecne_dodano",false,"","utery",false,false,20.3,1.4,-15,""
"TX-2025-000719","FV-2025-000719","ORD-2025-000719","2025-09-21T08:38:00","2025-09-23T05:54:00","2025-09-23","C005","PENNY Mock Market s.r.o.","retail_retezec","99910005","CZ99910005","Radonice","Stredocesky kraj","25073",50.1437,14.6077,"EDI","gold","P001","PEC-ROH-043","Rohlik tukovy 43 g","bezne_pecivo","klasicky","ks",50,1,"LOT-20250923-S002-803","S002","Moravske pecivo a.s. (mock)","99820002","CZ","WH01","DC Praha-Jinonice (mock)","B-BEZNE","PRG-C005-UTE",1800,1372,0,0,3635,2263,3.31,6.35,12,4252.95,4763.3,2609.08,1643.87,21,"uhrazeno","castecne_dodano",false,"","utery",false,false,16.8,4.3,-15,""
"TX-2025-000720","FV-2025-000720","ORD-2025-000720","2025-09-20T16:46:00","2025-09-23T10:14:00","2025-09-23","C009","Skolni jidelna Javor (mock)","verejny_sektor","99910009","CZ99910009","Olomouc","Olomoucky kraj","77900",49.5938,17.2509,"email","standard","P002","PEC-ROH-055-CZ","Rohlik celozrnny 55 g","bezne_pecivo","celozrnny","ks",40,2,"LOT-20250923-S001-877","S001","Pekarna Slunce s.r.o. (mock)","99820001","CZ","WH02","DC Brno-Slatina (mock)","B-BEZNE","BRN-C009-UTE",240,240,0,6,465,225,6.59,2.3,12,1545.22,1730.65,882.73,662.49,14,"uhrazeno","dodano",false,"","utery",false,false,19.2,0,1,""
"TX-2025-000721","FV-2025-000721","ORD-2025-000721","2025-09-22T17:04:00","2025-09-24T04:34:00","2025-09-24","C001","LIDL Mock CR s.r.o.","retail_retezec","99910001","CZ99910001","Praha","Hlavni mesto Praha","15800",50.0525,14.3254,"EDI","platinum","P002","PEC-ROH-055-CZ","Rohlik celozrnny 55 g","bezne_pecivo","celozrnny","ks",40,2,"LOT-20250924-S002-238","S002","Moravske pecivo a.s. (mock)","99820002","CZ","WH01","DC Praha-Jinonice (mock)","B-BEZNE","PRG-C001-STR",2040,2040,0,48,3174,1134,6.61,17.09,12,11179.92,12521.51,7483.53,3696.39,30,"uhrazeno","dodano",true,"Vikendova akce","streda",false,false,11.8,0,-15,"kontrola mnozstvi pri prevzeti"
"TX-2025-000722","FV-2025-000722","ORD-2025-000722","2025-09-22T09:10:00","2025-09-24T05:27:00","2025-09-24","C004","TESCO Mock Stores CR a.s.","retail_retezec","99910004","CZ99910004","Ostrava","Moravskoslezsky kraj","70030",49.7854,18.2741,"EDI","gold","P011","PEC-HOU-060","Houska psenicna 60 g","bezne_pecivo","klasicka","ks",40,2,"LOT-20250924-S002-964","S002","Moravske pecivo a.s. (mock)","99820002","CZ","WH03","DC Ostrava-Hrabova (mock)","B-BEZNE","OVA-C004-STR",960,733,0,0,2598,1865,5.47,6.09,12,3765.33,4217.17,2241.89,1523.44,30,"uhrazeno","castecne_dodano",false,"","streda",false,false,11.4,1.5,-2,""
"TX-2025-000723","FV-2025-000723","ORD-2025-000723","2025-09-21T09:44:00","2025-09-24T08:36:00","2025-09-24","C006","Rohlik.cz Mock a.s.","ecommerce","99910006","CZ99910006","Praha","Hlavni mesto Praha","18600",50.1008,14.4749,"API_B2B","platinum","P005","PEC-CHL-750-ZIT","Chleb zitny kvaskovy 750 g","chleb","kvaskovy","ks",10,5,"LOT-20250924-S002-806","S002","Moravske pecivo a.s. (mock)","99820002","CZ","WH01","DC Praha-Jinonice (mock)","A-CHLEB","PRG-C006-STR",60,60,0,1,133,73,55.92,8.38,12,3074.03,3442.91,2019.03,1055,14,"uhrazeno","dodano",false,"","streda",false,false,10.7,4,3,""
"TX-2025-000724","FV-2025-000724","ORD-2025-000724","2025-09-21T10:24:00","2025-09-24T08:53:00","2025-09-24","C011","Fakultni nemocnice Demo (mock)","verejny_sektor","99910011","CZ99910011","Hradec Kralove","Kralovehradecky kraj","50005",50.1956,15.8328,"email","silver","P012","PEC-DAL-070","Dalamanek grahamovy 70 g","bezne_pecivo","grahamovy","ks",32,2,"LOT-20250924-S002-734","S002","Moravske pecivo a.s. (mock)","99820002","CZ","WH01","DC Praha-Jinonice (mock)","B-BEZNE","PRG-C011-STR",224,224,0,5,439,215,10.14,3.43,12,2193.45,2456.66,1239.2,954.25,30,"uhrazeno","dodano",false,"","streda",false,false,15.5,3.5,8,"kontrola mnozstvi pri prevzeti"
"TX-2025-000725","FV-2025-000725","ORD-2025-000725","2025-09-22T09:02:00","2025-09-25T09:14:00","2025-09-25","C002","ALBERT Mock Retail s.r.o.","retail_retezec","99910002","CZ99910002","Praha","Hlavni mesto Praha","10000",50.0724,14.4907,"EDI","platinum","P008","PEC-KOB-060","Kobliha s marmeladou 60 g","jemne_pecivo","merunkova","ks",30,2,"LOT-20250925-S003-682","S003","Slezska pekarna s.r.o. (mock)","99820003","CZ","WH01","DC Praha-Jinonice (mock)","C-JEMNE","PRG-C002-CTV",600,600,0,0,1188,588,15.66,8.37,12,8609.55,9642.7,5302.56,3306.99,30,"uhrazeno","dodano",false,"","ctvrtek",false,false,12,16.2,15,"prioritni vykladka"
"TX-2025-000726","FV-2025-000726","ORD-2025-000726","2025-09-23T08:44:00","2025-09-25T04:55:00","2025-09-25","C003","KAUFLAND Mock CR v.o.s.","retail_retezec","99910003","CZ99910003","Brno","Jihomoravsky kraj","62700",49.1678,16.6827,"EDI","platinum","P001","PEC-ROH-043","Rohlik tukovy 43 g","bezne_pecivo","klasicky","ks",50,1,"LOT-20250925-S003-563","S003","Slezska pekarna s.r.o. (mock)","99820003","CZ","WH02","DC Brno-Slatina (mock)","B-BEZNE","BRN-C003-CTV",1700,1700,0,6,4222,2522,3.28,8.15,12,5121.56,5736.15,3187.33,1934.23,30,"uhrazeno","dodano",false,"","ctvrtek",false,false,14.3,0,-15,""
"TX-2025-000727","FV-2025-000727","ORD-2025-000727","2025-09-22T16:37:00","2025-09-25T07:32:00","2025-09-25","C008","BILLA Mock, spol. s r.o.","retail_retezec","99910008","CZ99910008","Modletice","Stredocesky kraj","25101",49.9708,14.5852,"EDI","gold","P001","PEC-ROH-043","Rohlik tukovy 43 g","bezne_pecivo","klasicky","ks",50,1,"LOT-20250925-S001-864","S001","Pekarna Slunce s.r.o. (mock)","99820001","CZ","WH01","DC Praha-Jinonice (mock)","B-BEZNE","PRG-C008-CTV",1200,1200,5,0,2643,1448,3.23,6.08,12,3625.17,4060.19,2225.42,1399.75,30,"uhrazeno","dodano",false,"","ctvrtek",false,false,13,2,4,""
"TX-2025-000728","FV-2025-000728","ORD-2025-000728","2025-09-23T15:54:00","2025-09-26T04:16:00","2025-09-26","C001","LIDL Mock CR s.r.o.","retail_retezec","99910001","CZ99910001","Praha","Hlavni mesto Praha","15800",50.0525,14.3254,"EDI","platinum","P002","PEC-ROH-055-CZ","Rohlik celozrnny 55 g","bezne_pecivo","celozrnny","ks",40,2,"LOT-20250926-S002-247","S002","Moravske pecivo a.s. (mock)","99820002","CZ","WH01","DC Praha-Jinonice (mock)","B-BEZNE","PRG-C001-PAT",1840,1840,0,0,2996,1156,6.59,9.13,12,11018.53,12340.75,6983.01,4035.52,30,"uhrazeno","dodano",false,"","patek",false,false,18.3,0,-1,""
"TX-2025-000729","FV-2025-000729","ORD-2025-000729","2025-09-23T14:16:00","2025-09-26T07:03:00","2025-09-26","C005","PENNY Mock Market s.r.o.","retail_retezec","99910005","CZ99910005","Radonice","Stredocesky kraj","25073",50.1437,14.6077,"EDI","gold","P004","PEC-CHL-500","Chleb konzumentni 500 g","chleb","psenicno-zitny","ks",12,4,"LOT-20250926-S001-417","S001","Pekarna Slunce s.r.o. (mock)","99820001","CZ","WH01","DC Praha-Jinonice (mock)","A-CHLEB","PRG-C005-PAT",252,252,0,7,365,113,32.97,5.74,12,7831.54,8771.32,5088.39,2743.15,21,"uhrazeno","dodano",false,"","patek",false,false,13,5.6,-15,""
"TX-2025-000730","FV-2025-000730","ORD-2025-000730","2025-09-23T08:24:00","2025-09-26T04:13:00","2025-09-26","C006","Rohlik.cz Mock a.s.","ecommerce","99910006","CZ99910006","Praha","Hlavni mesto Praha","18600",50.1008,14.4749,"API_B2B","platinum","P005","PEC-CHL-750-ZIT","Chleb zitny kvaskovy 750 g","chleb","kvaskovy","ks",10,5,"LOT-20250926-S004-629","S004","Danube Bakery SK s.r.o. (mock)","99820004","SK","WH01","DC Praha-Jinonice (mock)","A-CHLEB","PRG-C006-PAT",70,70,0,0,106,36,55.7,9.13,12,3543.02,3968.18,2319.15,1223.87,14,"uhrazeno","dodano",false,"","patek",false,false,11.2,0,2,""
"TX-2025-000731","FV-2025-000731","ORD-2025-000731","2025-09-25T09:45:00","2025-09-26T06:37:00","2025-09-26","C010","Kavarny KafeKruh s.r.o. (mock)","horeca","99910010","CZ99910010","Plzen","Plzensky kraj","30100",49.7384,13.3736,"B2B_eshop","silver","P007","PEC-CRO-065","Croissant maslovy 65 g","jemne_pecivo","maslovy","ks",24,3,"LOT-20250926-S004-283","S004","Danube Bakery SK s.r.o. (mock)","99820004","SK","WH01","DC Praha-Jinonice (mock)","C-JEMNE","PRG-C010-PAT",48,48,1,0,137,90,19.02,3.16,12,865.69,969.57,559.83,305.86,14,"uhrazeno","dodano",false,"","patek",false,false,17.2,1.6,-13,""
"TX-2025-000732","FV-2025-000732","ORD-2025-000732","2025-09-25T15:23:00","2025-09-27T08:59:00","2025-09-27","C001","LIDL Mock CR s.r.o.","retail_retezec","99910001","CZ99910001","Praha","Hlavni mesto Praha","15800",50.0525,14.3254,"EDI","platinum","P004","PEC-CHL-500","Chleb konzumentni 500 g","chleb","psenicno-zitny","ks",12,4,"LOT-20250927-S002-921","S002","Moravske pecivo a.s. (mock)","99820002","CZ","WH01","DC Praha-Jinonice (mock)","A-CHLEB","PRG-C001-SOB",480,480,3,0,916,439,32.61,17.1,12,12895.07,14442.48,9302.15,3592.92,30,"uhrazeno","dodano",true,"Vikendova akce","sobota",true,false,14.6,0,-15,"prioritni vykladka"
"TX-2025-000733","FV-2025-000733","ORD-2025-000733","2025-09-25T15:33:00","2025-09-27T08:45:00","2025-09-27","C012","Restaurace U Tri pecnu s.r.o. (mock)","horeca","99910012","CZ99910012","Ceske Budejovice","Jihocesky kraj","37001",48.9745,14.4743,"obchodni_zastupce","standard","P002","PEC-ROH-055-CZ","Rohlik celozrnny 55 g","bezne_pecivo","celozrnny","ks",40,2,"LOT-20250927-S002-191","S002","Moravske pecivo a.s. (mock)","99820002","CZ","WH01","DC Praha-Jinonice (mock)","B-BEZNE","PRG-C012-SOB",160,160,0,0,220,60,6.65,2.1,12,1041.66,1166.66,585.85,455.81,14,"uhrazeno","dodano",false,"","sobota",true,false,18.2,0.5,-15,"kontrola mnozstvi pri prevzeti"
"TX-2025-000734","FV-2025-000734","ORD-2025-000734","2025-09-26T12:02:00","2025-09-29T05:47:00","2025-09-29","C001","LIDL Mock CR s.r.o.","retail_retezec","99910001","CZ99910001","Praha","Hlavni mesto Praha","15800",50.0525,14.3254,"EDI","platinum","P003","PEC-KAI-060","Kaiserka sezamova 60 g","bezne_pecivo","sezam","ks",35,2,"LOT-20250929-S003-570","S003","Slezska pekarna s.r.o. (mock)","99820003","CZ","WH01","DC Praha-Jinonice (mock)","B-BEZNE","PRG-C001-PON",1715,1715,31,1,2291,607,8.02,23.51,12,10330.49,11570.15,7617.4,2713.09,30,"uhrazeno","dodano",true,"Akce pecivo -15 %","pondeli",false,false,21.1,1.8,-8,""
"TX-2025-000735","FV-2025-000735","ORD-2025-000735","2025-09-26T12:51:00","2025-09-29T09:03:00","2025-09-29","C003","KAUFLAND Mock CR v.o.s.","retail_retezec","99910003","CZ99910003","Brno","Jihomoravsky kraj","62700",49.1678,16.6827,"EDI","platinum","P006","PEC-BAG-110","Bageta bila 110 g","bezne_pecivo","bila","ks",25,2,"LOT-20250929-S001-420","S001","Pekarna Slunce s.r.o. (mock)","99820001","CZ","WH02","DC Brno-Slatina (mock)","B-BEZNE","BRN-C003-PON",675,675,0,0,1751,1076,12.95,8.2,12,8024.47,8987.41,4914.36,3110.11,30,"uhrazeno","dodano",false,"","pondeli",false,false,21.1,0.3,4,""
"TX-2025-000736","FV-2025-000736","ORD-2025-000736","2025-09-28T11:31:00","2025-09-29T10:02:00","2025-09-29","C006","Rohlik.cz Mock a.s.","ecommerce","99910006","CZ99910006","Praha","Hlavni mesto Praha","18600",50.1008,14.4749,"API_B2B","platinum","P007","PEC-CRO-065","Croissant maslovy 65 g","jemne_pecivo","maslovy","ks",24,3,"LOT-20250929-S004-333","S004","Danube Bakery SK s.r.o. (mock)","99820004","SK","WH01","DC Praha-Jinonice (mock)","C-JEMNE","PRG-C006-PON",144,144,2,0,242,100,18.92,8.41,12,2460.69,2755.97,1722.2,738.49,14,"po_splatnosti","dodano",false,"","pondeli",false,false,14.6,0,4,""
"TX-2025-000737","FV-2025-000737","ORD-2025-000737","2025-09-26T10:12:00","2025-09-29T07:07:00","2025-09-29","C007","MAKRO Mock Cash & Carry CR s.r.o.","velkoobchod","99910007","CZ99910007","Praha","Hlavni mesto Praha","25242",49.9971,14.4291,"EDI","gold","P001","PEC-ROH-043","Rohlik tukovy 43 g","bezne_pecivo","klasicky","ks",50,1,"LOT-20250929-S003-848","S003","Slezska pekarna s.r.o. (mock)","99820003","CZ","WH01","DC Praha-Jinonice (mock)","B-BEZNE","PRG-C007-PON",1100,1100,11,0,1542,453,3.27,5.54,12,3363.75,3767.4,2019.17,1344.58,21,"uhrazeno","dodano",false,"","pondeli",false,false,18.7,2.7,-11,""
"TX-2025-000738","FV-2025-000738","ORD-2025-000738","2025-09-28T09:40:00","2025-09-30T08:05:00","2025-09-30","C002","ALBERT Mock Retail s.r.o.","retail_retezec","99910002","CZ99910002","Praha","Hlavni mesto Praha","10000",50.0724,14.4907,"EDI","platinum","P001","PEC-ROH-043","Rohlik tukovy 43 g","bezne_pecivo","klasicky","ks",50,1,"LOT-20250930-S002-743","S002","Moravske pecivo a.s. (mock)","99820002","CZ","WH01","DC Praha-Jinonice (mock)","B-BEZNE","PRG-C002-UTE",2250,2250,17,40,5434,3201,3.27,23.49,12,5586.69,6257.09,4156.07,1430.62,30,"uhrazeno","dodano",true,"Akce pecivo -15 %","utery",false,false,15.5,4.3,-15,"kontrola mnozstvi pri prevzeti"
"TX-2025-000739","FV-2025-000739","ORD-2025-000739","2025-09-27T13:39:00","2025-09-30T10:25:00","2025-09-30","C005","PENNY Mock Market s.r.o.","retail_retezec","99910005","CZ99910005","Radonice","Stredocesky kraj","25073",50.1437,14.6077,"EDI","gold","P008","PEC-KOB-060","Kobliha s marmeladou 60 g","jemne_pecivo","merunkova","ks",30,2,"LOT-20250930-S003-615","S003","Slezska pekarna s.r.o. (mock)","99820003","CZ","WH01","DC Praha-Jinonice (mock)","C-JEMNE","PRG-C005-UTE",510,510,0,0,1138,628,15.98,6.55,12,7615.99,8529.91,4795.01,2820.98,21,"uhrazeno","dodano",false,"","utery",false,false,16.1,0,0,"vratne prepravky"
"TX-2025-000740","FV-2025-000740","ORD-2025-000740","2025-09-27T11:44:00","2025-09-30T05:50:00","2025-09-30","C009","Skolni jidelna Javor (mock)","verejny_sektor","99910009","CZ99910009","Olomouc","Olomoucky kraj","77900",49.5938,17.2509,"email","standard","P011","PEC-HOU-060","Houska psenicna 60 g","bezne_pecivo","klasicka","ks",40,2,"LOT-20250930-S002-369","S002","Moravske pecivo a.s. (mock)","99820002","CZ","WH02","DC Brno-Slatina (mock)","B-BEZNE","BRN-C009-UTE",240,240,1,0,575,336,5.52,2.37,12,1288.01,1442.57,728.1,559.91,14,"uhrazeno","dodano",false,"","utery",false,false,19.9,0.2,-15,"vratne prepravky"
"TX-2025-000741","FV-2025-000741","ORD-2025-000741","2025-09-28T15:57:00","2025-10-01T05:45:00","2025-10-01","C001","LIDL Mock CR s.r.o.","retail_retezec","99910001","CZ99910001","Praha","Hlavni mesto Praha","15800",50.0525,14.3254,"EDI","platinum","P001","PEC-ROH-043","Rohlik tukovy 43 g","bezne_pecivo","klasicky","ks",50,1,"LOT-20251001-S002-642","S002","Moravske pecivo a.s. (mock)","99820002","CZ","WH01","DC Praha-Jinonice (mock)","B-BEZNE","PRG-C001-STR",3000,3000,0,0,6291,3291,3.22,23.38,12,7401.49,8289.67,5563.2,1838.29,30,"uhrazeno","dodano",true,"Akce pecivo -15 %","streda",false,false,14.7,2.8,15,"prioritni vykladka"
"TX-2025-000742","FV-2025-000742","ORD-2025-000742","2025-09-28T10:46:00","2025-10-01T07:05:00","2025-10-01","C004","TESCO Mock Stores CR a.s.","retail_retezec","99910004","CZ99910004","Ostrava","Moravskoslezsky kraj","70030",49.7854,18.2741,"EDI","gold","P002","PEC-ROH-055-CZ","Rohlik celozrnny 55 g","bezne_pecivo","celozrnny","ks",40,2,"LOT-20251001-S002-676","S002","Moravske pecivo a.s. (mock)","99820002","CZ","WH03","DC Ostrava-Hrabova (mock)","B-BEZNE","OVA-C004-STR",920,920,0,0,2282,1362,6.66,5.9,12,5765.7,6457.58,3443.54,2322.16,30,"uhrazeno","dodano",false,"","streda",false,false,12.9,4.2,8,"synteticky testovaci zaznam"
"TX-2025-000743","FV-2025-000743","ORD-2025-000743","2025-09-30T12:45:00","2025-10-01T06:06:00","2025-10-01","C006","Rohlik.cz Mock a.s.","ecommerce","99910006","CZ99910006","Praha","Hlavni mesto Praha","18600",50.1008,14.4749,"API_B2B","platinum","P011","PEC-HOU-060","Houska psenicna 60 g","bezne_pecivo","klasicka","ks",40,2,"LOT-20251001-S002-854","S002","Moravske pecivo a.s. (mock)","99820002","CZ","WH01","DC Praha-Jinonice (mock)","B-BEZNE","PRG-C006-STR",440,356,0,2,503,147,5.44,23.75,12,1476.69,1653.89,1099.61,377.08,14,"uhrazeno","castecne_dodano",true,"Akce pecivo -15 %","streda",false,false,4.8,0,-5,"kontrola mnozstvi pri prevzeti"
"TX-2025-000744","FV-2025-000744","ORD-2025-000744","2025-09-29T09:18:00","2025-10-01T05:54:00","2025-10-01","C011","Fakultni nemocnice Demo (mock)","verejny_sektor","99910011","CZ99910011","Hradec Kralove","Kralovehradecky kraj","50005",50.1956,15.8328,"email","silver","P011","PEC-HOU-060","Houska psenicna 60 g","bezne_pecivo","klasicka","ks",40,2,"LOT-20251001-S001-265","S001","Pekarna Slunce s.r.o. (mock)","99820001","CZ","WH01","DC Praha-Jinonice (mock)","B-BEZNE","PRG-C011-STR",280,280,3,0,677,400,5.42,3.51,12,1448.64,1622.48,823.7,624.94,30,"uhrazeno","dodano",false,"","streda",false,false,7.6,0.7,-11,""
"TX-2025-000745","FV-2025-000745","ORD-2025-000745","2025-09-30T15:15:00","2025-10-02T07:03:00","2025-10-02","C002","ALBERT Mock Retail s.r.o.","retail_retezec","99910002","CZ99910002","Praha","Hlavni mesto Praha","10000",50.0724,14.4907,"EDI","platinum","P003","PEC-KAI-060","Kaiserka sezamova 60 g","bezne_pecivo","sezam","ks",35,2,"LOT-20251002-S003-777","S003","Slezska pekarna s.r.o. (mock)","99820003","CZ","WH01","DC Praha-Jinonice (mock)","B-BEZNE","PRG-C002-CTV",1190,1190,26,0,1799,635,8.04,8.78,12,8536.88,9561.31,5206.11,3330.77,30,"uhrazeno","dodano",false,"","ctvrtek",false,false,4.9,0,-15,""
"TX-2025-000746","FV-2025-000746","ORD-2025-000746","2025-09-30T10:53:00","2025-10-02T09:34:00","2025-10-02","C003","KAUFLAND Mock CR v.o.s.","retail_retezec","99910003","CZ99910003","Brno","Jihomoravsky kraj","62700",49.1678,16.6827,"EDI","platinum","P001","PEC-ROH-043","Rohlik tukovy 43 g","bezne_pecivo","klasicky","ks",50,1,"LOT-20251002-S002-236","S002","Moravske pecivo a.s. (mock)","99820002","CZ","WH02","DC Brno-Slatina (mock)","B-BEZNE","BRN-C003-CTV",2050,2050,0,0,4150,2100,3.26,9.01,12,6080.86,6810.56,3899.36,2181.5,30,"uhrazeno","dodano",false,"","ctvrtek",false,false,5.2,0,2,""
"TX-2025-000747","FV-2025-000747","ORD-2025-000747","2025-09-29T11:54:00","2025-10-02T08:43:00","2025-10-02","C008","BILLA Mock, spol. s r.o.","retail_retezec","99910008","CZ99910008","Modletice","Stredocesky kraj","25101",49.9708,14.5852,"EDI","gold","P004","PEC-CHL-500","Chleb konzumentni 500 g","chleb","psenicno-zitny","ks",12,4,"LOT-20251002-S003-138","S003","Slezska pekarna s.r.o. (mock)","99820003","CZ","WH01","DC Praha-Jinonice (mock)","A-CHLEB","PRG-C008-CTV",240,240,0,0,571,331,32.23,6.69,12,7217.72,8083.85,4801.06,2416.66,30,"uhrazeno","dodano",false,"","ctvrtek",false,false,10.2,0,-15,""
"TX-2025-000748","FV-2025-000748","ORD-2025-000748","2025-09-30T08:40:00","2025-10-03T09:32:00","2025-10-03","C001","LIDL Mock CR s.r.o.","retail_retezec","99910001","CZ99910001","Praha","Hlavni mesto Praha","15800",50.0525,14.3254,"EDI","platinum","P001","PEC-ROH-043","Rohlik tukovy 43 g","bezne_pecivo","klasicky","ks",50,1,"LOT-20251003-S002-720","S002","Moravske pecivo a.s. (mock)","99820002","CZ","WH01","DC Praha-Jinonice (mock)","B-BEZNE","PRG-C001-PAT",2950,2950,0,0,6391,3441,3.27,8.14,12,8861.27,9924.62,5719.93,3141.34,30,"uhrazeno","dodano",false,"","patek",false,false,12.3,0,-8,""
"TX-2025-000749","FV-2025-000749","ORD-2025-000749","2025-09-30T17:48:00","2025-10-03T10:36:00","2025-10-03","C006","Rohlik.cz Mock a.s.","ecommerce","99910006","CZ99910006","Praha","Hlavni mesto Praha","18600",50.1008,14.4749,"API_B2B","platinum","P002","PEC-ROH-055-CZ","Rohlik celozrnny 55 g","bezne_pecivo","celozrnny","ks",40,2,"LOT-20251003-S002-347","S002","Moravske pecivo a.s. (mock)","99820002","CZ","WH01","DC Praha-Jinonice (mock)","B-BEZNE","PRG-C006-PAT",360,360,5,3,566,211,6.6,8.51,12,2143.61,2400.84,1298.6,845.01,14,"uhrazeno","dodano",false,"","patek",false,false,10.1,3.8,11,""
"TX-2025-000750","FV-2025-000750","ORD-2025-000750","2025-10-01T13:32:00","2025-10-03T05:06:00","2025-10-03","C010","Kavarny KafeKruh s.r.o. (mock)","horeca","99910010","CZ99910010","Plzen","Plzensky kraj","30100",49.7384,13.3736,"B2B_eshop","silver","P005","PEC-CHL-750-ZIT","Chleb zitny kvaskovy 750 g","chleb","kvaskovy","ks",10,5,"LOT-20251003-S002-951","S002","Moravske pecivo a.s. (mock)","99820002","CZ","WH01","DC Praha-Jinonice (mock)","A-CHLEB","PRG-C010-PAT",20,20,0,0,46,26,55.99,4.07,12,1074.22,1203.13,666.53,407.69,14,"uhrazeno","dodano",false,"","patek",false,false,6.9,0,5,"kontrola mnozstvi pri prevzeti"
"TX-2025-000751","FV-2025-000751","ORD-2025-000751","2025-10-02T12:45:00","2025-10-04T08:48:00","2025-10-04","C001","LIDL Mock CR s.r.o.","retail_retezec","99910001","CZ99910001","Praha","Hlavni mesto Praha","15800",50.0525,14.3254,"EDI","platinum","P001","PEC-ROH-043","Rohlik tukovy 43 g","bezne_pecivo","klasicky","ks",50,1,"LOT-20251004-S003-117","S003","Slezska pekarna s.r.o. (mock)","99820003","CZ","WH01","DC Praha-Jinonice (mock)","B-BEZNE","PRG-C001-SOB",2550,2550,59,0,4168,1677,3.25,17.08,12,6713,7518.56,4646.86,2066.14,30,"uhrazeno","dodano",true,"Vikendova akce","sobota",true,false,15.6,0,-15,"vratne prepravky"
"TX-2025-000752","FV-2025-000752","ORD-2025-000752","2025-10-02T13:07:00","2025-10-04T07:27:00","2025-10-04","C004","TESCO Mock Stores CR a.s.","retail_retezec","99910004","CZ99910004","Ostrava","Moravskoslezsky kraj","70030",49.7854,18.2741,"EDI","gold","P001","PEC-ROH-043","Rohlik tukovy 43 g","bezne_pecivo","klasicky","ks",50,1,"LOT-20251004-S002-850","S002","Moravske pecivo a.s. (mock)","99820002","CZ","WH03","DC Ostrava-Hrabova (mock)","B-BEZNE","OVA-C004-SOB",1500,1500,0,29,3734,2234,3.29,5.67,12,4655.19,5213.81,2858.02,1797.17,30,"uhrazeno","dodano",false,"","sobota",true,false,6.4,0,-15,""
"TX-2025-000753","FV-2025-000753","ORD-2025-000753","2025-10-02T16:50:00","2025-10-04T05:53:00","2025-10-04","C012","Restaurace U Tri pecnu s.r.o. (mock)","horeca","99910012","CZ99910012","Ceske Budejovice","Jihocesky kraj","37001",48.9745,14.4743,"obchodni_zastupce","standard","P007","PEC-CRO-065","Croissant maslovy 65 g","jemne_pecivo","maslovy","ks",24,3,"LOT-20251004-S002-405","S002","Moravske pecivo a.s. (mock)","99820002","CZ","WH01","DC Praha-Jinonice (mock)","C-JEMNE","PRG-C012-SOB",72,72,0,1,161,89,19.19,1.94,12,1354.88,1517.47,858.6,496.28,14,"uhrazeno","dodano",false,"","sobota",true,false,7.8,3.3,-15,""
"TX-2025-000754","FV-2025-000754","ORD-2025-000754","2025-10-03T11:30:00","2025-10-06T09:23:00","2025-10-06","C001","LIDL Mock CR s.r.o.","retail_retezec","99910001","CZ99910001","Praha","Hlavni mesto Praha","15800",50.0525,14.3254,"EDI","platinum","P001","PEC-ROH-043","Rohlik tukovy 43 g","bezne_pecivo","klasicky","ks",50,1,"LOT-20251006-S002-752","S002","Moravske pecivo a.s. (mock)","99820002","CZ","WH01","DC Praha-Jinonice (mock)","B-BEZNE","PRG-C001-PON",2100,2100,0,0,4531,2431,3.3,8.96,12,6309.07,7066.16,4088.81,2220.26,30,"uhrazeno","dodano",false,"","pondeli",false,false,8.5,0,-15,"synteticky testovaci zaznam"
"TX-2025-000755","FV-2025-000755","ORD-2025-000755","2025-10-03T10:20:00","2025-10-06T04:41:00","2025-10-06","C003","KAUFLAND Mock CR v.o.s.","retail_retezec","99910003","CZ99910003","Brno","Jihomoravsky kraj","62700",49.1678,16.6827,"EDI","platinum","P004","PEC-CHL-500","Chleb konzumentni 500 g","chleb","psenicno-zitny","ks",12,4,"LOT-20251006-S001-311","S001","Pekarna Slunce s.r.o. (mock)","99820001","CZ","WH02","DC Brno-Slatina (mock)","A-CHLEB","BRN-C003-PON",300,300,0,0,454,154,32.63,8.6,12,8947.15,10020.81,6023.3,2923.85,30,"uhrazeno","dodano",false,"","pondeli",false,false,6.5,0,11,""
"TX-2025-000756","FV-2025-000756","ORD-2025-000756","2025-10-03T15:28:00","2025-10-06T10:33:00","2025-10-06","C006","Rohlik.cz Mock a.s.","ecommerce","99910006","CZ99910006","Praha","Hlavni mesto Praha","18600",50.1008,14.4749,"API_B2B","platinum","P002","PEC-ROH-055-CZ","Rohlik celozrnny 55 g","bezne_pecivo","celozrnny","ks",40,2,"LOT-20251006-S002-922","S002","Moravske pecivo a.s. (mock)","99820002","CZ","WH01","DC Praha-Jinonice (mock)","B-BEZNE","PRG-C006-PON",400,400,0,9,656,256,6.65,8.7,12,2428.58,2720.01,1533.53,895.05,14,"uhrazeno","dodano",false,"","pondeli",false,false,7,0,-10,"prioritni vykladka"
"TX-2025-000757","FV-2025-000757","ORD-2025-000757","2025-10-04T12:34:00","2025-10-06T04:59:00","2025-10-06","C007","MAKRO Mock Cash & Carry CR s.r.o.","velkoobchod","99910007","CZ99910007","Praha","Hlavni mesto Praha","25242",49.9971,14.4291,"EDI","gold","P009","PEC-VEC-360","Veka tukova 360 g","chleb","klasicka","ks",14,3,"LOT-20251006-S002-669","S002","Moravske pecivo a.s. (mock)","99820002","CZ","WH01","DC Praha-Jinonice (mock)","A-CHLEB","PRG-C007-PON",210,210,0,2,394,184,31.11,6.55,12,6105.18,6837.8,3827.12,2278.06,21,"uhrazeno","dodano",false,"","pondeli",false,false,14,0,0,""
"TX-2025-000758","FV-2025-000758","ORD-2025-000758","2025-10-05T12:46:00","2025-10-07T06:54:00","2025-10-07","C005","PENNY Mock Market s.r.o.","retail_retezec","99910005","CZ99910005","Radonice","Stredocesky kraj","25073",50.1437,14.6077,"EDI","gold","P001","PEC-ROH-043","Rohlik tukovy 43 g","bezne_pecivo","klasicky","ks",50,1,"LOT-20251007-S002-249","S002","Moravske pecivo a.s. (mock)","99820002","CZ","WH01","DC Praha-Jinonice (mock)","B-BEZNE","PRG-C005-UTE",1400,1400,0,13,2074,674,3.22,6.53,12,4213.63,4719.27,2636.52,1577.11,21,"uhrazeno","dodano",false,"","utery",false,false,4.8,4.6,12,""
"TX-2025-000759","FV-2025-000759","ORD-2025-000759","2025-10-04T12:34:00","2025-10-07T08:34:00","2025-10-07","C009","Skolni jidelna Javor (mock)","verejny_sektor","99910009","CZ99910009","Olomouc","Olomoucky kraj","77900",49.5938,17.2509,"email","standard","P001","PEC-ROH-043","Rohlik tukovy 43 g","bezne_pecivo","klasicky","ks",50,1,"LOT-20251007-S002-716","S002","Moravske pecivo a.s. (mock)","99820002","CZ","WH02","DC Brno-Slatina (mock)","B-BEZNE","BRN-C009-UTE",300,300,3,0,670,373,3.22,1.55,12,941.52,1054.5,568.62,372.9,14,"uhrazeno","dodano",false,"","utery",false,false,12.4,0.1,14,""
"TX-2025-000760","FV-2025-000760","ORD-2025-000760","2025-10-06T11:43:00","2025-10-08T04:21:00","2025-10-08","C001","LIDL Mock CR s.r.o.","retail_retezec","99910001","CZ99910001","Praha","Hlavni mesto Praha","15800",50.0525,14.3254,"EDI","platinum","P001","PEC-ROH-043","Rohlik tukovy 43 g","bezne_pecivo","klasicky","ks",50,1,"LOT-20251008-S002-204","S002","Moravske pecivo a.s. (mock)","99820002","CZ","WH01","DC Praha-Jinonice (mock)","B-BEZNE","PRG-C001-STR",3050,3050,0,60,5629,2579,3.22,8.47,12,8989.16,10067.86,5628.44,3360.72,30,"uhrazeno","dodano",false,"","streda",false,false,8,2.5,10,""
"TX-2025-000761","FV-2025-000761","ORD-2025-000761","2025-10-06T12:17:00","2025-10-08T08:51:00","2025-10-08","C004","TESCO Mock Stores CR a.s.","retail_retezec","99910004","CZ99910004","Ostrava","Moravskoslezsky kraj","70030",49.7854,18.2741,"EDI","gold","P011","PEC-HOU-060","Houska psenicna 60 g","bezne_pecivo","klasicka","ks",40,2,"LOT-20251008-S001-723","S001","Pekarna Slunce s.r.o. (mock)","99820001","CZ","WH03","DC Ostrava-Hrabova (mock)","B-BEZNE","OVA-C004-STR",1320,1320,31,0,1863,574,5.6,6.1,12,6778.08,7591.45,4078.27,2699.81,30,"uhrazeno","dodano",false,"","streda",false,false,5.7,3.1,11,"kontrola mnozstvi pri prevzeti"
"TX-2025-000762","FV-2025-000762","ORD-2025-000762","2025-10-07T13:56:00","2025-10-08T05:09:00","2025-10-08","C006","Rohlik.cz Mock a.s.","ecommerce","99910006","CZ99910006","Praha","Hlavni mesto Praha","18600",50.1008,14.4749,"API_B2B","platinum","P010","PEC-SNE-090","Snek skorice 90 g","jemne_pecivo","skoricovy","ks",20,3,"LOT-20251008-S002-741","S002","Moravske pecivo a.s. (mock)","99820002","CZ","WH01","DC Praha-Jinonice (mock)","C-JEMNE","PRG-C006-STR",140,140,0,0,267,127,23.05,8.89,12,2940.12,3292.93,1882.39,1057.73,14,"uhrazeno","dodano",false,"","streda",false,false,12.4,4.7,10,""
"TX-2025-000763","FV-2025-000763","ORD-2025-000763","2025-10-06T13:54:00","2025-10-08T07:38:00","2025-10-08","C011","Fakultni nemocnice Demo (mock)","verejny_sektor","99910011","CZ99910011","Hradec Kralove","Kralovehradecky kraj","50005",50.1956,15.8328,"email","silver","P002","PEC-ROH-055-CZ","Rohlik celozrnny 55 g","bezne_pecivo","celozrnny","ks",40,2,"LOT-20251008-S002-316","S002","Moravske pecivo a.s. (mock)","99820002","CZ","WH01","DC Praha-Jinonice (mock)","B-BEZNE","PRG-C011-STR",280,280,2,0,677,399,6.73,3.73,12,1801.15,2017.29,1052,749.15,30,"uhrazeno","dodano",false,"","streda",false,false,6.9,0,-1,""
"TX-2025-000764","FV-2025-000764","ORD-2025-000764","2025-10-07T12:26:00","2025-10-09T08:08:00","2025-10-09","C002","ALBERT Mock Retail s.r.o.","retail_retezec","99910002","CZ99910002","Praha","Hlavni mesto Praha","10000",50.0724,14.4907,"EDI","platinum","P001","PEC-ROH-043","Rohlik tukovy 43 g","bezne_pecivo","klasicky","ks",50,1,"LOT-20251009-S003-788","S003","Slezska pekarna s.r.o. (mock)","99820003","CZ","WH01","DC Praha-Jinonice (mock)","B-BEZNE","PRG-C002-CTV",2000,2000,0,49,4705,2705,3.25,9.15,12,5905.25,6613.88,3867.5,2037.75,30,"uhrazeno","dodano",false,"","ctvrtek",false,false,11.7,0.4,-6,""
"TX-2025-000765","FV-2025-000765","ORD-2025-000765","2025-10-06T16:07:00","2025-10-09T06:23:00","2025-10-09","C003","KAUFLAND Mock CR v.o.s.","retail_retezec","99910003","CZ99910003","Brno","Jihomoravsky kraj","62700",49.1678,16.6827,"EDI","platinum","P001","PEC-ROH-043","Rohlik tukovy 43 g","bezne_pecivo","klasicky","ks",50,1,"LOT-20251009-S003-533","S003","Slezska pekarna s.r.o. (mock)","99820003","CZ","WH02","DC Brno-Slatina (mock)","B-BEZNE","BRN-C003-CTV",2150,2150,0,0,4468,2318,3.32,8.15,12,6556.25,7343,4050.77,2505.48,30,"uhrazeno","dodano",false,"","ctvrtek",false,false,6.7,4.2,14,""
"TX-2025-000766","FV-2025-000766","ORD-2025-000766","2025-10-07T11:54:00","2025-10-09T07:20:00","2025-10-09","C008","BILLA Mock, spol. s r.o.","retail_retezec","99910008","CZ99910008","Modletice","Stredocesky kraj","25101",49.9708,14.5852,"EDI","gold","P008","PEC-KOB-060","Kobliha s marmeladou 60 g","jemne_pecivo","merunkova","ks",30,2,"LOT-20251009-S001-554","S001","Pekarna Slunce s.r.o. (mock)","99820001","CZ","WH01","DC Praha-Jinonice (mock)","C-JEMNE","PRG-C008-CTV",540,540,0,7,746,206,15.77,20.58,12,6763.25,7574.84,4875.72,1887.53,30,"po_splatnosti","dodano",true,"Akce pecivo -15 %","ctvrtek",false,false,6,0,-7,"kontrola mnozstvi pri prevzeti"
"TX-2025-000767","FV-2025-000767","ORD-2025-000767","2025-10-08T16:33:00","2025-10-10T07:54:00","2025-10-10","C001","LIDL Mock CR s.r.o.","retail_retezec","99910001","CZ99910001","Praha","Hlavni mesto Praha","15800",50.0525,14.3254,"EDI","platinum","P001","PEC-ROH-043","Rohlik tukovy 43 g","bezne_pecivo","klasicky","ks",50,1,"LOT-20251010-S001-897","S001","Pekarna Slunce s.r.o. (mock)","99820001","CZ","WH01","DC Praha-Jinonice (mock)","B-BEZNE","PRG-C001-PAT",3550,3550,0,0,5044,1494,3.31,23.95,12,8936.26,10008.61,6660.62,2275.64,30,"uhrazeno","dodano",true,"Akce pecivo -15 %","patek",false,false,14.2,0.2,-10,""
"TX-2025-000768","FV-2025-000768","ORD-2025-000768","2025-10-07T12:36:00","2025-10-10T07:40:00","2025-10-10","C005","PENNY Mock Market s.r.o.","retail_retezec","99910005","CZ99910005","Radonice","Stredocesky kraj","25073",50.1437,14.6077,"EDI","gold","P002","PEC-ROH-055-CZ","Rohlik celozrnny 55 g","bezne_pecivo","celozrnny","ks",40,2,"LOT-20251010-S002-130","S002","Moravske pecivo a.s. (mock)","99820002","CZ","WH01","DC Praha-Jinonice (mock)","B-BEZNE","PRG-C005-PAT",1040,1040,21,28,1398,379,6.61,13.72,12,5811.47,6508.85,3740.08,2071.39,21,"uhrazeno","dodano",true,"Vikendova akce","patek",false,false,10.8,0,-6,""
"TX-2025-000769","FV-2025-000769","ORD-2025-000769","2025-10-08T12:24:00","2025-10-10T06:09:00","2025-10-10","C006","Rohlik.cz Mock a.s.","ecommerce","99910006","CZ99910006","Praha","Hlavni mesto Praha","18600",50.1008,14.4749,"API_B2B","platinum","P007","PEC-CRO-065","Croissant maslovy 65 g","jemne_pecivo","maslovy","ks",24,3,"LOT-20251010-S002-307","S002","Moravske pecivo a.s. (mock)","99820002","CZ","WH01","DC Praha-Jinonice (mock)","C-JEMNE","PRG-C006-PAT",168,168,0,1,303,135,19.05,8.49,12,2928.69,3280.13,2065.86,862.83,14,"uhrazeno","dodano",false,"","patek",false,false,12.9,0,-1,""
"TX-2025-000770","FV-2025-000770","ORD-2025-000770","2025-10-09T11:28:00","2025-10-10T10:20:00","2025-10-10","C010","Kavarny KafeKruh s.r.o. (mock)","horeca","99910010","CZ99910010","Plzen","Plzensky kraj","30100",49.7384,13.3736,"B2B_eshop","silver","P007","PEC-CRO-065","Croissant maslovy 65 g","jemne_pecivo","maslovy","ks",24,3,"LOT-20251010-S002-878","S002","Moravske pecivo a.s. (mock)","99820002","CZ","WH01","DC Praha-Jinonice (mock)","C-JEMNE","PRG-C010-PAT",48,48,1,0,128,81,19.18,3.84,12,866.84,970.86,555.39,311.45,14,"uhrazeno","dodano",false,"","patek",false,false,11.6,0,-10,"kontrola mnozstvi pri prevzeti"
"TX-2025-000771","FV-2025-000771","ORD-2025-000771","2025-10-09T16:44:00","2025-10-11T07:31:00","2025-10-11","C004","TESCO Mock Stores CR a.s.","retail_retezec","99910004","CZ99910004","Ostrava","Moravskoslezsky kraj","70030",49.7854,18.2741,"EDI","gold","P002","PEC-ROH-055-CZ","Rohlik celozrnny 55 g","bezne_pecivo","celozrnny","ks",40,2,"LOT-20251011-S001-165","S001","Pekarna Slunce s.r.o. (mock)","99820001","CZ","WH03","DC Ostrava-Hrabova (mock)","B-BEZNE","OVA-C004-SOB",800,800,0,0,1388,588,6.73,5.81,12,5071.19,5679.73,2969.96,2101.23,30,"uhrazeno","dodano",false,"","sobota",true,false,6,3.1,-15,""
"TX-2025-000772","FV-2025-000772","ORD-2025-000772","2025-10-08T13:30:00","2025-10-11T04:45:00","2025-10-11","C012","Restaurace U Tri pecnu s.r.o. (mock)","horeca","99910012","CZ99910012","Ceske Budejovice","Jihocesky kraj","37001",48.9745,14.4743,"obchodni_zastupce","standard","P009","PEC-VEC-360","Veka tukova 360 g","chleb","klasicka","ks",14,3,"LOT-20251011-S002-433","S002","Moravske pecivo a.s. (mock)","99820002","CZ","WH01","DC Praha-Jinonice (mock)","A-CHLEB","PRG-C012-SOB",42,42,0,1,60,18,30.58,1.94,12,1259.44,1410.57,749.35,510.09,14,"uhrazeno","dodano",false,"","sobota",true,false,12.9,8,-15,""
"TX-2025-000773","FV-2025-000773","ORD-2025-000773","2025-10-11T10:25:00","2025-10-13T08:30:00","2025-10-13","C001","LIDL Mock CR s.r.o.","retail_retezec","99910001","CZ99910001","Praha","Hlavni mesto Praha","15800",50.0525,14.3254,"EDI","platinum","P007","PEC-CRO-065","Croissant maslovy 65 g","jemne_pecivo","maslovy","ks",24,3,"LOT-20251013-S002-397","S002","Moravske pecivo a.s. (mock)","99820002","CZ","WH01","DC Praha-Jinonice (mock)","C-JEMNE","PRG-C001-PON",792,792,5,19,1291,504,19.5,8.14,12,14097.29,15788.96,9502.8,4594.49,30,"uhrazeno","dodano",false,"","pondeli",false,false,7.1,0,-15,""
"TX-2025-000774","FV-2025-000774","ORD-2025-000774","2025-10-10T11:00:00","2025-10-13T04:38:00","2025-10-13","C003","KAUFLAND Mock CR v.o.s.","retail_retezec","99910003","CZ99910003","Brno","Jihomoravsky kraj","62700",49.1678,16.6827,"EDI","platinum","P007","PEC-CRO-065","Croissant maslovy 65 g","jemne_pecivo","maslovy","ks",24,3,"LOT-20251013-S002-702","S002","Moravske pecivo a.s. (mock)","99820002","CZ","WH02","DC Brno-Slatina (mock)","C-JEMNE","BRN-C003-PON",648,648,0,1,1201,553,19.07,23.29,12,9479.33,10616.85,7794.27,1685.06,30,"uhrazeno","dodano",true,"Akce pecivo -15 %","pondeli",false,false,13.6,0,-11,""
"TX-2025-000775","FV-2025-000775","ORD-2025-000775","2025-10-11T10:57:00","2025-10-13T06:26:00","2025-10-13","C006","Rohlik.cz Mock a.s.","ecommerce","99910006","CZ99910006","Praha","Hlavni mesto Praha","18600",50.1008,14.4749,"API_B2B","platinum","P007","PEC-CRO-065","Croissant maslovy 65 g","jemne_pecivo","maslovy","ks",24,3,"LOT-20251013-S004-167","S004","Danube Bakery SK s.r.o. (mock)","99820004","SK","WH01","DC Praha-Jinonice (mock)","C-JEMNE","PRG-C006-PON",144,144,0,0,285,141,19.64,8.46,12,2588.9,2899.57,1771.98,816.92,14,"po_splatnosti","dodano",false,"","pondeli",false,false,14.5,5.5,-1,"prioritni vykladka"
"TX-2025-000776","FV-2025-000776","ORD-2025-000776","2025-10-10T14:30:00","2025-10-13T07:56:00","2025-10-13","C007","MAKRO Mock Cash & Carry CR s.r.o.","velkoobchod","99910007","CZ99910007","Praha","Hlavni mesto Praha","25242",49.9971,14.4291,"EDI","gold","P003","PEC-KAI-060","Kaiserka sezamova 60 g","bezne_pecivo","sezam","ks",35,2,"LOT-20251013-S003-590","S003","Slezska pekarna s.r.o. (mock)","99820003","CZ","WH01","DC Praha-Jinonice (mock)","B-BEZNE","PRG-C007-PON",595,595,3,0,1494,902,7.95,6.07,12,4420.72,4951.21,2652.22,1768.5,21,"uhrazeno","dodano",false,"","pondeli",false,false,10,11.6,-8,""
"TX-2025-000777","FV-2025-000777","ORD-2025-000777","2025-10-12T08:05:00","2025-10-14T07:24:00","2025-10-14","C002","ALBERT Mock Retail s.r.o.","retail_retezec","99910002","CZ99910002","Praha","Hlavni mesto Praha","10000",50.0724,14.4907,"EDI","platinum","P003","PEC-KAI-060","Kaiserka sezamova 60 g","bezne_pecivo","sezam","ks",35,2,"LOT-20251014-S003-589","S003","Slezska pekarna s.r.o. (mock)","99820003","CZ","WH01","DC Praha-Jinonice (mock)","B-BEZNE","PRG-C002-UTE",1225,1225,0,22,2946,1721,8.04,8.29,12,9032.52,10116.42,5522.95,3509.57,30,"uhrazeno","dodano",false,"","utery",false,false,10.1,0,-7,""
"TX-2025-000778","FV-2025-000778","ORD-2025-000778","2025-10-13T12:09:00","2025-10-14T06:34:00","2025-10-14","C009","Skolni jidelna Javor (mock)","verejny_sektor","99910009","CZ99910009","Olomouc","Olomoucky kraj","77900",49.5938,17.2509,"email","standard","P005","PEC-CHL-750-ZIT","Chleb zitny kvaskovy 750 g","chleb","kvaskovy","ks",10,5,"LOT-20251014-S004-211","S004","Danube Bakery SK s.r.o. (mock)","99820004","SK","WH02","DC Brno-Slatina (mock)","A-CHLEB","BRN-C009-UTE",40,40,0,0,62,22,56.67,2.05,12,2220.33,2486.77,1304.78,915.55,14,"uhrazeno","dodano",false,"","utery",false,false,7.2,0,3,"prioritni vykladka"
"TX-2025-000779","FV-2025-000779","ORD-2025-000779","2025-10-12T16:21:00","2025-10-15T06:28:00","2025-10-15","C001","LIDL Mock CR s.r.o.","retail_retezec","99910001","CZ99910001","Praha","Hlavni mesto Praha","15800",50.0525,14.3254,"EDI","platinum","P001","PEC-ROH-043","Rohlik tukovy 43 g","bezne_pecivo","klasicky","ks",50,1,"LOT-20251015-S001-420","S001","Pekarna Slunce s.r.o. (mock)","99820001","CZ","WH01","DC Praha-Jinonice (mock)","B-BEZNE","PRG-C001-STR",2850,2850,0,60,3793,943,3.22,9.14,12,8338.22,9338.81,5381.02,2957.2,30,"uhrazeno","dodano",false,"","streda",false,false,14.4,0,-2,""
"TX-2025-000780","FV-2025-000780","ORD-2025-000780","2025-10-13T15:00:00","2025-10-15T10:33:00","2025-10-15","C004","TESCO Mock Stores CR a.s.","retail_retezec","99910004","CZ99910004","Ostrava","Moravskoslezsky kraj","70030",49.7854,18.2741,"EDI","gold","P005","PEC-CHL-750-ZIT","Chleb zitny kvaskovy 750 g","chleb","kvaskovy","ks",10,5,"LOT-20251015-S004-281","S004","Danube Bakery SK s.r.o. (mock)","99820004","SK","WH03","DC Ostrava-Hrabova (mock)","A-CHLEB","OVA-C004-STR",230,230,0,0,560,330,56.66,13.53,12,11268.6,12620.83,7704.82,3563.78,30,"uhrazeno","dodano",true,"Vikendova akce","streda",false,false,7.3,0,5,""
"TX-2025-000781","FV-2025-000781","ORD-2025-000781","2025-10-12T10:36:00","2025-10-15T05:39:00","2025-10-15","C006","Rohlik.cz Mock a.s.","ecommerce","99910006","CZ99910006","Praha","Hlavni mesto Praha","18600",50.1008,14.4749,"API_B2B","platinum","P005","PEC-CHL-750-ZIT","Chleb zitny kvaskovy 750 g","chleb","kvaskovy","ks",10,5,"LOT-20251015-S004-426","S004","Danube Bakery SK s.r.o. (mock)","99820004","SK","WH01","DC Praha-Jinonice (mock)","A-CHLEB","PRG-C006-STR",80,80,0,0,107,27,56.76,8.95,12,4134.4,4630.53,2645.82,1488.58,14,"uhrazeno","dodano",false,"","streda",false,false,15.5,0,13,""
"TX-2025-000782","FV-2025-000782","ORD-2025-000782","2025-10-13T10:21:00","2025-10-15T06:57:00","2025-10-15","C011","Fakultni nemocnice Demo (mock)","verejny_sektor","99910011","CZ99910011","Hradec Kralove","Kralovehradecky kraj","50005",50.1956,15.8328,"email","silver","P009","PEC-VEC-360","Veka tukova 360 g","chleb","klasicka","ks",14,3,"LOT-20251015-S001-355","S001","Pekarna Slunce s.r.o. (mock)","99820001","CZ","WH01","DC Praha-Jinonice (mock)","A-CHLEB","PRG-C011-STR",84,84,0,1,179,95,30.99,4.14,12,2495.39,2794.84,1453.2,1042.19,30,"uhrazeno","dodano",false,"","streda",false,false,12.1,0,15,""
"TX-2025-000783","FV-2025-000783","ORD-2025-000783","2025-10-13T15:50:00","2025-10-16T04:22:00","2025-10-16","C002","ALBERT Mock Retail s.r.o.","retail_retezec","99910002","CZ99910002","Praha","Hlavni mesto Praha","10000",50.0724,14.4907,"EDI","platinum","P004","PEC-CHL-500","Chleb konzumentni 500 g","chleb","psenicno-zitny","ks",12,4,"LOT-20251016-S003-390","S003","Slezska pekarna s.r.o. (mock)","99820003","CZ","WH01","DC Praha-Jinonice (mock)","A-CHLEB","PRG-C002-CTV",408,408,0,7,1048,640,32.26,9.02,12,11974.86,13411.84,8230.16,3744.7,30,"uhrazeno","dodano",false,"","ctvrtek",false,false,9.1,0,14,""
"TX-2025-000784","FV-2025-000784","ORD-2025-000784","2025-10-14T12:41:00","2025-10-16T09:18:00","2025-10-16","C003","KAUFLAND Mock CR v.o.s.","retail_retezec","99910003","CZ99910003","Brno","Jihomoravsky kraj","62700",49.1678,16.6827,"EDI","platinum","P006","PEC-BAG-110","Bageta bila 110 g","bezne_pecivo","bila","ks",25,2,"LOT-20251016-S001-613","S001","Pekarna Slunce s.r.o. (mock)","99820001","CZ","WH02","DC Brno-Slatina (mock)","B-BEZNE","BRN-C003-CTV",750,750,0,15,1453,703,13.13,8.25,12,9035.08,10119.29,5418.68,3616.4,30,"uhrazeno","dodano",false,"","ctvrtek",false,false,9.4,0,6,""
"TX-2025-000785","FV-2025-000785","ORD-2025-000785","2025-10-15T17:15:00","2025-10-17T06:46:00","2025-10-17","C001","LIDL Mock CR s.r.o.","retail_retezec","99910001","CZ99910001","Praha","Hlavni mesto Praha","15800",50.0525,14.3254,"EDI","platinum","P004","PEC-CHL-500","Chleb konzumentni 500 g","chleb","psenicno-zitny","ks",12,4,"LOT-20251017-S002-863","S002","Moravske pecivo a.s. (mock)","99820002","CZ","WH01","DC Praha-Jinonice (mock)","A-CHLEB","PRG-C001-PAT",480,480,0,0,1242,762,32.12,8.55,12,14099.4,15791.33,9167.34,4932.06,30,"uhrazeno","dodano",false,"","patek",false,false,12.2,0,6,""
"TX-2025-000786","FV-2025-000786","ORD-2025-000786","2025-10-15T16:49:00","2025-10-17T05:38:00","2025-10-17","C005","PENNY Mock Market s.r.o.","retail_retezec","99910005","CZ99910005","Radonice","Stredocesky kraj","25073",50.1437,14.6077,"EDI","gold","P004","PEC-CHL-500","Chleb konzumentni 500 g","chleb","psenicno-zitny","ks",12,4,"LOT-20251017-S003-117","S003","Slezska pekarna s.r.o. (mock)","99820003","CZ","WH01","DC Praha-Jinonice (mock)","A-CHLEB","PRG-C005-PAT",276,276,0,0,759,483,32.78,6.3,12,8477.3,9494.58,5652.89,2824.41,21,"uhrazeno","dodano",false,"","patek",false,false,14.9,0,10,""
"TX-2025-000787","FV-2025-000787","ORD-2025-000787","2025-10-15T10:24:00","2025-10-17T07:35:00","2025-10-17","C006","Rohlik.cz Mock a.s.","ecommerce","99910006","CZ99910006","Praha","Hlavni mesto Praha","18600",50.1008,14.4749,"API_B2B","platinum","P003","PEC-KAI-060","Kaiserka sezamova 60 g","bezne_pecivo","sezam","ks",35,2,"LOT-20251017-S003-988","S003","Slezska pekarna s.r.o. (mock)","99820003","CZ","WH01","DC Praha-Jinonice (mock)","B-BEZNE","PRG-C006-PAT",280,280,0,0,762,482,8.13,8.5,12,2082.91,2332.86,1303.69,779.22,14,"uhrazeno","dodano",false,"","patek",false,false,5.4,0,-15,""
"TX-2025-000788","FV-2025-000788","ORD-2025-000788","2025-10-14T11:26:00","2025-10-17T04:24:00","2025-10-17","C010","Kavarny KafeKruh s.r.o. (mock)","horeca","99910010","CZ99910010","Plzen","Plzensky kraj","30100",49.7384,13.3736,"B2B_eshop","silver","P005","PEC-CHL-750-ZIT","Chleb zitny kvaskovy 750 g","chleb","kvaskovy","ks",10,5,"LOT-20251017-S004-178","S004","Danube Bakery SK s.r.o. (mock)","99820004","SK","WH01","DC Praha-Jinonice (mock)","A-CHLEB","PRG-C010-PAT",30,30,1,0,55,26,55.9,3.51,12,1564.2,1751.9,976.82,587.38,14,"uhrazeno","dodano",false,"","patek",false,false,10.8,0,15,""
"TX-2025-000789","FV-2025-000789","ORD-2025-000789","2025-10-15T15:53:00","2025-10-18T04:23:00","2025-10-18","C001","LIDL Mock CR s.r.o.","retail_retezec","99910001","CZ99910001","Praha","Hlavni mesto Praha","15800",50.0525,14.3254,"EDI","platinum","P001","PEC-ROH-043","Rohlik tukovy 43 g","bezne_pecivo","klasicky","ks",50,1,"LOT-20251018-S001-266","S001","Pekarna Slunce s.r.o. (mock)","99820001","CZ","WH01","DC Praha-Jinonice (mock)","B-BEZNE","PRG-C001-SOB",2850,2850,0,21,5097,2247,3.31,8.94,12,8590.15,9620.97,5614.77,2975.38,30,"uhrazeno","dodano",false,"","sobota",true,false,10.7,9.1,2,"prioritni vykladka"
"TX-2025-000790","FV-2025-000790","ORD-2025-000790","2025-10-16T14:43:00","2025-10-18T05:40:00","2025-10-18","C004","TESCO Mock Stores CR a.s.","retail_retezec","99910004","CZ99910004","Ostrava","Moravskoslezsky kraj","70030",49.7854,18.2741,"EDI","gold","P001","PEC-ROH-043","Rohlik tukovy 43 g","bezne_pecivo","klasicky","ks",50,1,"LOT-20251018-S003-501","S003","Slezska pekarna s.r.o. (mock)","99820003","CZ","WH03","DC Ostrava-Hrabova (mock)","B-BEZNE","OVA-C004-SOB",1500,1500,0,0,2339,839,3.28,6.64,12,4593.31,5144.51,2809.66,1783.65,30,"uhrazeno","dodano",false,"","sobota",true,false,5.1,0,12,""
"TX-2025-000791","FV-2025-000791","ORD-2025-000791","2025-10-16T10:09:00","2025-10-18T06:44:00","2025-10-18","C012","Restaurace U Tri pecnu s.r.o. (mock)","horeca","99910012","CZ99910012","Ceske Budejovice","Jihocesky kraj","37001",48.9745,14.4743,"obchodni_zastupce","standard","P002","PEC-ROH-055-CZ","Rohlik celozrnny 55 g","bezne_pecivo","celozrnny","ks",40,2,"LOT-20251018-S002-222","S002","Moravske pecivo a.s. (mock)","99820002","CZ","WH01","DC Praha-Jinonice (mock)","B-BEZNE","PRG-C012-SOB",120,120,0,2,301,181,6.56,2,12,771.46,864.04,429.56,341.9,14,"uhrazeno","dodano",false,"","sobota",true,false,4.7,0,-2,""
"TX-2025-000792","FV-2025-000792","ORD-2025-000792","2025-10-17T13:51:00","2025-10-20T10:14:00","2025-10-20","C001","LIDL Mock CR s.r.o.","retail_retezec","99910001","CZ99910001","Praha","Hlavni mesto Praha","15800",50.0525,14.3254,"EDI","platinum","P003","PEC-KAI-060","Kaiserka sezamova 60 g","bezne_pecivo","sezam","ks",35,2,"LOT-20251020-S001-541","S001","Pekarna Slunce s.r.o. (mock)","99820001","CZ","WH01","DC Praha-Jinonice (mock)","B-BEZNE","PRG-C001-PON",1400,1400,1,1,3723,2324,7.94,16.04,12,9326.33,10445.49,6258.84,3067.49,30,"uhrazeno","dodano",true,"Vikendova akce","pondeli",false,false,11.6,3.4,10,"prioritni vykladka"
"TX-2025-000793","FV-2025-000793","ORD-2025-000793","2025-10-18T10:28:00","2025-10-20T07:40:00","2025-10-20","C003","KAUFLAND Mock CR v.o.s.","retail_retezec","99910003","CZ99910003","Brno","Jihomoravsky kraj","62700",49.1678,16.6827,"EDI","platinum","P002","PEC-ROH-055-CZ","Rohlik celozrnny 55 g","bezne_pecivo","celozrnny","ks",40,2,"LOT-20251020-S002-286","S002","Moravske pecivo a.s. (mock)","99820002","CZ","WH02","DC Brno-Slatina (mock)","B-BEZNE","BRN-C003-PON",1160,1160,0,0,1552,392,6.71,8,12,7160.91,8020.22,4412.27,2748.64,30,"uhrazeno","dodano",false,"","pondeli",false,false,12.5,0,-2,"prioritni vykladka"
"TX-2025-000794","FV-2025-000794","ORD-2025-000794","2025-10-17T17:17:00","2025-10-20T09:32:00","2025-10-20","C006","Rohlik.cz Mock a.s.","ecommerce","99910006","CZ99910006","Praha","Hlavni mesto Praha","18600",50.1008,14.4749,"API_B2B","platinum","P002","PEC-ROH-055-CZ","Rohlik celozrnny 55 g","bezne_pecivo","celozrnny","ks",40,2,"LOT-20251020-S001-754","S001","Pekarna Slunce s.r.o. (mock)","99820001","CZ","WH01","DC Praha-Jinonice (mock)","B-BEZNE","PRG-C006-PON",360,360,0,0,893,533,6.68,8.87,12,2191.49,2454.47,1380.65,810.84,14,"uhrazeno","dodano",false,"","pondeli",false,false,13.9,0,-11,""
"TX-2025-000795","FV-2025-000795","ORD-2025-000795","2025-10-18T09:36:00","2025-10-20T08:33:00","2025-10-20","C007","MAKRO Mock Cash & Carry CR s.r.o.","velkoobchod","99910007","CZ99910007","Praha","Hlavni mesto Praha","25242",49.9971,14.4291,"EDI","gold","P011","PEC-HOU-060","Houska psenicna 60 g","bezne_pecivo","klasicka","ks",40,2,"LOT-20251020-S002-325","S002","Moravske pecivo a.s. (mock)","99820002","CZ","WH01","DC Praha-Jinonice (mock)","B-BEZNE","PRG-C007-PON",640,0,0,0,1340,1340,5.55,6.07,12,0,0,0,0,21,"stornovano","zruseno",false,"","pondeli",false,false,7.9,0,0,""
"TX-2025-000796","FV-2025-000796","ORD-2025-000796","2025-10-19T11:29:00","2025-10-21T10:50:00","2025-10-21","C002","ALBERT Mock Retail s.r.o.","retail_retezec","99910002","CZ99910002","Praha","Hlavni mesto Praha","10000",50.0724,14.4907,"EDI","platinum","P003","PEC-KAI-060","Kaiserka sezamova 60 g","bezne_pecivo","sezam","ks",35,2,"LOT-20251021-S001-991","S001","Pekarna Slunce s.r.o. (mock)","99820001","CZ","WH01","DC Praha-Jinonice (mock)","B-BEZNE","PRG-C002-UTE",910,910,0,0,1587,677,8.14,8.31,12,6791.85,7606.87,4334.04,2457.81,30,"uhrazeno","dodano",false,"","utery",false,false,9.2,0,15,""
"TX-2025-000797","FV-2025-000797","ORD-2025-000797","2025-10-18T12:35:00","2025-10-21T08:52:00","2025-10-21","C005","PENNY Mock Market s.r.o.","retail_retezec","99910005","CZ99910005","Radonice","Stredocesky kraj","25073",50.1437,14.6077,"EDI","gold","P001","PEC-ROH-043","Rohlik tukovy 43 g","bezne_pecivo","klasicky","ks",50,1,"LOT-20251021-S002-327","S002","Moravske pecivo a.s. (mock)","99820002","CZ","WH01","DC Praha-Jinonice (mock)","B-BEZNE","PRG-C005-UTE",1600,1600,0,10,2829,1229,3.28,6.07,12,4929.45,5520.98,3013.25,1916.2,21,"uhrazeno","dodano",false,"","utery",false,false,9.1,0,7,""
"TX-2025-000798","FV-2025-000798","ORD-2025-000798","2025-10-20T11:47:00","2025-10-21T06:58:00","2025-10-21","C009","Skolni jidelna Javor (mock)","verejny_sektor","99910009","CZ99910009","Olomouc","Olomoucky kraj","77900",49.5938,17.2509,"email","standard","P005","PEC-CHL-750-ZIT","Chleb zitny kvaskovy 750 g","chleb","kvaskovy","ks",10,5,"LOT-20251021-S004-280","S004","Danube Bakery SK s.r.o. (mock)","99820004","SK","WH02","DC Brno-Slatina (mock)","A-CHLEB","BRN-C009-UTE",40,40,0,0,119,79,56.11,2.63,12,2185.37,2447.61,1330.65,854.72,14,"uhrazeno","dodano",false,"","utery",false,false,4.9,4.1,-15,""
"TX-2025-000799","FV-2025-000799","ORD-2025-000799","2025-10-19T09:33:00","2025-10-22T05:45:00","2025-10-22","C001","LIDL Mock CR s.r.o.","retail_retezec","99910001","CZ99910001","Praha","Hlavni mesto Praha","15800",50.0525,14.3254,"EDI","platinum","P002","PEC-ROH-055-CZ","Rohlik celozrnny 55 g","bezne_pecivo","celozrnny","ks",40,2,"LOT-20251022-S002-513","S002","Moravske pecivo a.s. (mock)","99820002","CZ","WH01","DC Praha-Jinonice (mock)","B-BEZNE","PRG-C001-STR",1880,1880,0,0,2473,593,6.75,8.57,12,11602.47,12994.77,6913.81,4688.66,30,"uhrazeno","dodano",false,"","streda",false,false,10.3,0,1,""
"TX-2025-000800","FV-2025-000800","ORD-2025-000800","2025-10-20T11:49:00","2025-10-22T05:14:00","2025-10-22","C004","TESCO Mock Stores CR a.s.","retail_retezec","99910004","CZ99910004","Ostrava","Moravskoslezsky kraj","70030",49.7854,18.2741,"EDI","gold","P001","PEC-ROH-043","Rohlik tukovy 43 g","bezne_pecivo","klasicky","ks",50,1,"LOT-20251022-S003-567","S003","Slezska pekarna s.r.o. (mock)","99820003","CZ","WH03","DC Ostrava-Hrabova (mock)","B-BEZNE","OVA-C004-STR",1750,1750,0,1,3707,1957,3.3,6.56,12,5396.16,6043.7,3274.73,2121.43,30,"uhrazeno","dodano",false,"","streda",false,false,8.6,0,-13,""
"TX-2025-000801","FV-2025-000801","ORD-2025-000801","2025-10-21T11:33:00","2025-10-22T09:22:00","2025-10-22","C006","Rohlik.cz Mock a.s.","ecommerce","99910006","CZ99910006","Praha","Hlavni mesto Praha","18600",50.1008,14.4749,"API_B2B","platinum","P007","PEC-CRO-065","Croissant maslovy 65 g","jemne_pecivo","maslovy","ks",24,3,"LOT-20251022-S004-524","S004","Danube Bakery SK s.r.o. (mock)","99820004","SK","WH01","DC Praha-Jinonice (mock)","C-JEMNE","PRG-C006-STR",120,120,0,0,318,198,19.47,9.14,12,2122.85,2377.59,1465.13,657.72,14,"uhrazeno","dodano",false,"","streda",false,false,7.9,0,15,"vratne prepravky"
"TX-2025-000802","FV-2025-000802","ORD-2025-000802","2025-10-19T08:57:00","2025-10-22T10:09:00","2025-10-22","C011","Fakultni nemocnice Demo (mock)","verejny_sektor","99910011","CZ99910011","Hradec Kralove","Kralovehradecky kraj","50005",50.1956,15.8328,"email","silver","P011","PEC-HOU-060","Houska psenicna 60 g","bezne_pecivo","klasicka","ks",40,2,"LOT-20251022-S003-967","S003","Slezska pekarna s.r.o. (mock)","99820003","CZ","WH01","DC Praha-Jinonice (mock)","B-BEZNE","PRG-C011-STR",360,360,0,5,871,511,5.53,4.01,12,1910.97,2140.29,1108.36,802.61,30,"uhrazeno","dodano",false,"","streda",false,false,13.1,0,4,"vratne prepravky"
"TX-2025-000803","FV-2025-000803","ORD-2025-000803","2025-10-20T13:23:00","2025-10-23T07:38:00","2025-10-23","C002","ALBERT Mock Retail s.r.o.","retail_retezec","99910002","CZ99910002","Praha","Hlavni mesto Praha","10000",50.0724,14.4907,"EDI","platinum","P002","PEC-ROH-055-CZ","Rohlik celozrnny 55 g","bezne_pecivo","celozrnny","ks",40,2,"LOT-20251023-S001-430","S001","Pekarna Slunce s.r.o. (mock)","99820001","CZ","WH01","DC Praha-Jinonice (mock)","B-BEZNE","PRG-C002-CTV",1120,1120,0,0,1983,863,6.52,8.03,12,6716.02,7521.94,4113.75,2602.27,30,"uhrazeno","dodano",false,"","ctvrtek",false,false,9.2,2.7,-3,""
"TX-2025-000804","FV-2025-000804","ORD-2025-000804","2025-10-21T13:21:00","2025-10-23T10:39:00","2025-10-23","C003","KAUFLAND Mock CR v.o.s.","retail_retezec","99910003","CZ99910003","Brno","Jihomoravsky kraj","62700",49.1678,16.6827,"EDI","platinum","P007","PEC-CRO-065","Croissant maslovy 65 g","jemne_pecivo","maslovy","ks",24,3,"LOT-20251023-S002-460","S002","Moravske pecivo a.s. (mock)","99820002","CZ","WH02","DC Brno-Slatina (mock)","C-JEMNE","BRN-C003-CTV",480,480,0,2,952,472,19.1,8.46,12,8392.39,9399.48,5668.92,2723.47,30,"uhrazeno","dodano",false,"","ctvrtek",false,false,11.7,0,7,""
"TX-2025-000805","FV-2025-000805","ORD-2025-000805","2025-10-20T14:18:00","2025-10-23T10:56:00","2025-10-23","C008","BILLA Mock, spol. s r.o.","retail_retezec","99910008","CZ99910008","Modletice","Stredocesky kraj","25101",49.9708,14.5852,"EDI","gold","P004","PEC-CHL-500","Chleb konzumentni 500 g","chleb","psenicno-zitny","ks",12,4,"LOT-20251023-S003-454","S003","Slezska pekarna s.r.o. (mock)","99820003","CZ","WH01","DC Praha-Jinonice (mock)","A-CHLEB","PRG-C008-CTV",228,196,0,0,300,104,32.48,21.4,12,5003.74,5604.19,3809.08,1194.66,30,"uhrazeno","castecne_dodano",true,"Akce pecivo -15 %","ctvrtek",false,false,15.1,0.7,3,""
"TX-2025-000806","FV-2025-000806","ORD-2025-000806","2025-10-21T10:32:00","2025-10-24T08:38:00","2025-10-24","C001","LIDL Mock CR s.r.o.","retail_retezec","99910001","CZ99910001","Praha","Hlavni mesto Praha","15800",50.0525,14.3254,"EDI","platinum","P001","PEC-ROH-043","Rohlik tukovy 43 g","bezne_pecivo","klasicky","ks",50,1,"LOT-20251024-S002-462","S002","Moravske pecivo a.s. (mock)","99820002","CZ","WH01","DC Praha-Jinonice (mock)","B-BEZNE","PRG-C001-PAT",2850,2850,22,0,6213,3385,3.31,8.3,12,8583.74,9613.79,5314.39,3269.35,30,"po_splatnosti","dodano",false,"","patek",false,false,6.1,8.5,13,""
"TX-2025-000807","FV-2025-000807","ORD-2025-000807","2025-10-21T16:59:00","2025-10-24T09:44:00","2025-10-24","C005","PENNY Mock Market s.r.o.","retail_retezec","99910005","CZ99910005","Radonice","Stredocesky kraj","25073",50.1437,14.6077,"EDI","gold","P001","PEC-ROH-043","Rohlik tukovy 43 g","bezne_pecivo","klasicky","ks",50,1,"LOT-20251024-S003-964","S003","Slezska pekarna s.r.o. (mock)","99820003","CZ","WH01","DC Praha-Jinonice (mock)","B-BEZNE","PRG-C005-PAT",1750,1750,0,42,2676,926,3.31,5.57,12,5469.86,6126.24,3325.04,2144.82,21,"uhrazeno","dodano",false,"","patek",false,false,15.4,1.5,-13,"kontrola mnozstvi pri prevzeti"
"TX-2025-000808","FV-2025-000808","ORD-2025-000808","2025-10-22T15:29:00","2025-10-24T04:47:00","2025-10-24","C006","Rohlik.cz Mock a.s.","ecommerce","99910006","CZ99910006","Praha","Hlavni mesto Praha","18600",50.1008,14.4749,"API_B2B","platinum","P003","PEC-KAI-060","Kaiserka sezamova 60 g","bezne_pecivo","sezam","ks",35,2,"LOT-20251024-S003-365","S003","Slezska pekarna s.r.o. (mock)","99820003","CZ","WH01","DC Praha-Jinonice (mock)","B-BEZNE","PRG-C006-PAT",385,385,1,0,485,101,8.1,8.95,12,2832.02,3171.86,1729.94,1102.08,14,"uhrazeno","dodano",false,"","patek",false,false,8.3,14.8,29,"vratne prepravky"
"TX-2025-000809","FV-2025-000809","ORD-2025-000809","2025-10-22T10:56:00","2025-10-25T07:47:00","2025-10-25","C001","LIDL Mock CR s.r.o.","retail_retezec","99910001","CZ99910001","Praha","Hlavni mesto Praha","15800",50.0525,14.3254,"EDI","platinum","P001","PEC-ROH-043","Rohlik tukovy 43 g","bezne_pecivo","klasicky","ks",50,1,"LOT-20251025-S003-294","S003","Slezska pekarna s.r.o. (mock)","99820003","CZ","WH01","DC Praha-Jinonice (mock)","B-BEZNE","PRG-C001-SOB",3050,3050,0,0,6972,3922,3.31,8.97,12,9189.93,10292.72,5843.39,3346.54,30,"uhrazeno","dodano",false,"","sobota",true,false,14.9,0,3,""
"TX-2025-000810","FV-2025-000810","ORD-2025-000810","2025-10-23T10:00:00","2025-10-25T08:36:00","2025-10-25","C012","Restaurace U Tri pecnu s.r.o. (mock)","horeca","99910012","CZ99910012","Ceske Budejovice","Jihocesky kraj","37001",48.9745,14.4743,"obchodni_zastupce","standard","P009","PEC-VEC-360","Veka tukova 360 g","chleb","klasicka","ks",14,3,"LOT-20251025-S002-269","S002","Moravske pecivo a.s. (mock)","99820002","CZ","WH01","DC Praha-Jinonice (mock)","A-CHLEB","PRG-C012-SOB",42,42,0,0,73,31,30.96,2.01,12,1274.18,1427.08,722.1,552.08,14,"uhrazeno","dodano",false,"","sobota",true,false,11.4,0,8,""
"TX-2025-000811","FV-2025-000811","ORD-2025-000811","2025-10-24T12:48:00","2025-10-27T08:07:00","2025-10-27","C001","LIDL Mock CR s.r.o.","retail_retezec","99910001","CZ99910001","Praha","Hlavni mesto Praha","15800",50.0525,14.3254,"EDI","platinum","P004","PEC-CHL-500","Chleb konzumentni 500 g","chleb","psenicno-zitny","ks",12,4,"LOT-20251027-S001-610","S001","Pekarna Slunce s.r.o. (mock)","99820001","CZ","WH01","DC Praha-Jinonice (mock)","A-CHLEB","PRG-C001-PON",420,420,0,2,947,527,32.93,8.58,12,12643.93,14161.2,8504.73,4139.2,30,"uhrazeno","dodano",false,"","pondeli",false,false,7.9,0,-12,""
"TX-2025-000812","FV-2025-000812","ORD-2025-000812","2025-10-24T12:31:00","2025-10-27T06:13:00","2025-10-27","C003","KAUFLAND Mock CR v.o.s.","retail_retezec","99910003","CZ99910003","Brno","Jihomoravsky kraj","62700",49.1678,16.6827,"EDI","platinum","P003","PEC-KAI-060","Kaiserka sezamova 60 g","bezne_pecivo","sezam","ks",35,2,"LOT-20251027-S003-267","S003","Slezska pekarna s.r.o. (mock)","99820003","CZ","WH02","DC Brno-Slatina (mock)","B-BEZNE","BRN-C003-PON",770,770,0,9,2441,1671,8.12,8.79,12,5702.81,6387.15,3555.32,2147.49,30,"uhrazeno","dodano",false,"","pondeli",false,false,9.2,12.1,18,"prioritni vykladka"
"TX-2025-000813","FV-2025-000813","ORD-2025-000813","2025-10-24T11:25:00","2025-10-27T08:52:00","2025-10-27","C006","Rohlik.cz Mock a.s.","ecommerce","99910006","CZ99910006","Praha","Hlavni mesto Praha","18600",50.1008,14.4749,"API_B2B","platinum","P002","PEC-ROH-055-CZ","Rohlik celozrnny 55 g","bezne_pecivo","celozrnny","ks",40,2,"LOT-20251027-S001-682","S001","Pekarna Slunce s.r.o. (mock)","99820001","CZ","WH01","DC Praha-Jinonice (mock)","B-BEZNE","PRG-C006-PON",400,400,0,7,595,195,6.53,23.77,12,1991.13,2230.07,1430.31,560.82,14,"uhrazeno","dodano",true,"Akce pecivo -15 %","pondeli",false,false,6.3,0,-2,""
"TX-2025-000814","FV-2025-000814","ORD-2025-000814","2025-10-25T08:46:00","2025-10-27T04:15:00","2025-10-27","C007","MAKRO Mock Cash & Carry CR s.r.o.","velkoobchod","99910007","CZ99910007","Praha","Hlavni mesto Praha","25242",49.9971,14.4291,"EDI","gold","P006","PEC-BAG-110","Bageta bila 110 g","bezne_pecivo","bila","ks",25,2,"LOT-20251027-S003-591","S003","Slezska pekarna s.r.o. (mock)","99820003","CZ","WH01","DC Praha-Jinonice (mock)","B-BEZNE","PRG-C007-PON",400,400,6,6,937,543,13.06,6.33,12,4819.92,5398.31,2905.55,1914.37,21,"uhrazeno","dodano",false,"","pondeli",false,false,5.1,0,-15,""
"TX-2025-000815","FV-2025-000815","ORD-2025-000815","2025-10-26T08:46:00","2025-10-28T06:19:00","2025-10-28","C002","ALBERT Mock Retail s.r.o.","retail_retezec","99910002","CZ99910002","Praha","Hlavni mesto Praha","10000",50.0724,14.4907,"EDI","platinum","P008","PEC-KOB-060","Kobliha s marmeladou 60 g","jemne_pecivo","merunkova","ks",30,2,"LOT-20251028-S003-898","S003","Slezska pekarna s.r.o. (mock)","99820003","CZ","WH01","DC Praha-Jinonice (mock)","C-JEMNE","PRG-C002-UTE",720,720,9,9,1179,468,15.93,8.72,12,10338.58,11579.21,6459.91,3878.67,30,"uhrazeno","dodano",false,"","utery",false,true,5,0,-1,""
"TX-2025-000816","FV-2025-000816","ORD-2025-000816","2025-10-26T14:49:00","2025-10-28T07:13:00","2025-10-28","C005","PENNY Mock Market s.r.o.","retail_retezec","99910005","CZ99910005","Radonice","Stredocesky kraj","25073",50.1437,14.6077,"EDI","gold","P001","PEC-ROH-043","Rohlik tukovy 43 g","bezne_pecivo","klasicky","ks",50,1,"LOT-20251028-S003-977","S003","Slezska pekarna s.r.o. (mock)","99820003","CZ","WH01","DC Praha-Jinonice (mock)","B-BEZNE","PRG-C005-UTE",2050,2050,0,0,4120,2070,3.26,6.19,12,6269.32,7021.64,3811.7,2457.62,21,"uhrazeno","dodano",false,"","utery",false,true,4.7,3.5,-7,""
"TX-2025-000817","FV-2025-000817","ORD-2025-000817","2025-10-27T08:02:00","2025-10-28T08:58:00","2025-10-28","C009","Skolni jidelna Javor (mock)","verejny_sektor","99910009","CZ99910009","Olomouc","Olomoucky kraj","77900",49.5938,17.2509,"email","standard","P012","PEC-DAL-070","Dalamanek grahamovy 70 g","bezne_pecivo","grahamovy","ks",32,2,"LOT-20251028-S003-958","S003","Slezska pekarna s.r.o. (mock)","99820003","CZ","WH02","DC Brno-Slatina (mock)","B-BEZNE","BRN-C009-UTE",32,32,0,0,138,106,10.2,1.55,12,321.34,359.9,175.01,146.33,14,"uhrazeno","dodano",false,"","utery",false,true,8.6,0,-15,""
"TX-2025-000818","FV-2025-000818","ORD-2025-000818","2025-10-27T13:02:00","2025-10-29T07:12:00","2025-10-29","C001","LIDL Mock CR s.r.o.","retail_retezec","99910001","CZ99910001","Praha","Hlavni mesto Praha","15800",50.0525,14.3254,"EDI","platinum","P001","PEC-ROH-043","Rohlik tukovy 43 g","bezne_pecivo","klasicky","ks",50,1,"LOT-20251029-S001-844","S001","Pekarna Slunce s.r.o. (mock)","99820001","CZ","WH01","DC Praha-Jinonice (mock)","B-BEZNE","PRG-C001-STR",2650,2650,0,26,5845,3195,3.26,8.39,12,7914.19,8863.89,4937.01,2977.18,30,"uhrazeno","dodano",false,"","streda",false,false,11.2,2.3,1,""
"TX-2025-000819","FV-2025-000819","ORD-2025-000819","2025-10-26T11:55:00","2025-10-29T04:47:00","2025-10-29","C004","TESCO Mock Stores CR a.s.","retail_retezec","99910004","CZ99910004","Ostrava","Moravskoslezsky kraj","70030",49.7854,18.2741,"EDI","gold","P011","PEC-HOU-060","Houska psenicna 60 g","bezne_pecivo","klasicka","ks",40,2,"LOT-20251029-S001-953","S001","Pekarna Slunce s.r.o. (mock)","99820001","CZ","WH03","DC Ostrava-Hrabova (mock)","B-BEZNE","OVA-C004-STR",920,920,0,0,2499,1579,5.47,6.23,12,4718.88,5285.15,2829.72,1889.16,30,"uhrazeno","dodano",false,"","streda",false,false,15,0,-9,"kontrola mnozstvi pri prevzeti"
"TX-2025-000820","FV-2025-000820","ORD-2025-000820","2025-10-26T11:40:00","2025-10-29T10:05:00","2025-10-29","C006","Rohlik.cz Mock a.s.","ecommerce","99910006","CZ99910006","Praha","Hlavni mesto Praha","18600",50.1008,14.4749,"API_B2B","platinum","P007","PEC-CRO-065","Croissant maslovy 65 g","jemne_pecivo","maslovy","ks",24,3,"LOT-20251029-S002-776","S002","Moravske pecivo a.s. (mock)","99820002","CZ","WH01","DC Praha-Jinonice (mock)","C-JEMNE","PRG-C006-STR",192,161,4,0,406,249,18.95,8.19,12,2731.49,3059.27,1819.54,911.95,14,"uhrazeno","castecne_dodano",false,"","streda",false,false,14.3,1.2,-5,"kontrola mnozstvi pri prevzeti"
"TX-2025-000821","FV-2025-000821","ORD-2025-000821","2025-10-26T16:47:00","2025-10-29T09:05:00","2025-10-29","C011","Fakultni nemocnice Demo (mock)","verejny_sektor","99910011","CZ99910011","Hradec Kralove","Kralovehradecky kraj","50005",50.1956,15.8328,"email","silver","P012","PEC-DAL-070","Dalamanek grahamovy 70 g","bezne_pecivo","grahamovy","ks",32,2,"LOT-20251029-S003-299","S003","Slezska pekarna s.r.o. (mock)","99820003","CZ","WH01","DC Praha-Jinonice (mock)","B-BEZNE","PRG-C011-STR",192,192,0,0,484,292,10.2,3.46,12,1890.64,2117.52,1090.53,800.11,30,"uhrazeno","dodano",false,"","streda",false,false,11,3.4,-13,"kontrola mnozstvi pri prevzeti"
"TX-2025-000822","FV-2025-000822","ORD-2025-000822","2025-10-27T17:49:00","2025-10-30T10:17:00","2025-10-30","C002","ALBERT Mock Retail s.r.o.","retail_retezec","99910002","CZ99910002","Praha","Hlavni mesto Praha","10000",50.0724,14.4907,"EDI","platinum","P004","PEC-CHL-500","Chleb konzumentni 500 g","chleb","psenicno-zitny","ks",12,4,"LOT-20251030-S003-322","S003","Slezska pekarna s.r.o. (mock)","99820003","CZ","WH01","DC Praha-Jinonice (mock)","A-CHLEB","PRG-C002-CTV",336,302,0,6,919,617,32.84,8.46,12,9078.64,10168.08,5873.63,3205.01,30,"uhrazeno","castecne_dodano",false,"","ctvrtek",false,false,11.3,0.3,-13,""
"TX-2025-000823","FV-2025-000823","ORD-2025-000823","2025-10-28T13:19:00","2025-10-30T07:45:00","2025-10-30","C003","KAUFLAND Mock CR v.o.s.","retail_retezec","99910003","CZ99910003","Brno","Jihomoravsky kraj","62700",49.1678,16.6827,"EDI","platinum","P006","PEC-BAG-110","Bageta bila 110 g","bezne_pecivo","bila","ks",25,2,"LOT-20251030-S003-267","S003","Slezska pekarna s.r.o. (mock)","99820003","CZ","WH02","DC Brno-Slatina (mock)","B-BEZNE","BRN-C003-CTV",850,850,0,8,1179,329,13.29,16.15,12,9472.12,10608.77,6321.89,3150.23,30,"uhrazeno","dodano",true,"Vikendova akce","ctvrtek",false,false,8.8,0.2,-7,"vratne prepravky"
"TX-2025-000824","FV-2025-000824","ORD-2025-000824","2025-10-27T08:27:00","2025-10-30T04:13:00","2025-10-30","C008","BILLA Mock, spol. s r.o.","retail_retezec","99910008","CZ99910008","Modletice","Stredocesky kraj","25101",49.9708,14.5852,"EDI","gold","P011","PEC-HOU-060","Houska psenicna 60 g","bezne_pecivo","klasicka","ks",40,2,"LOT-20251030-S002-944","S002","Moravske pecivo a.s. (mock)","99820002","CZ","WH01","DC Praha-Jinonice (mock)","B-BEZNE","PRG-C008-CTV",680,680,0,1,1377,697,5.57,5.54,12,3577.77,4007.1,2090.81,1486.96,30,"uhrazeno","dodano",false,"","ctvrtek",false,false,13.6,0,-15,""
"TX-2025-000825","FV-2025-000825","ORD-2025-000825","2025-10-29T08:03:00","2025-10-31T05:57:00","2025-10-31","C001","LIDL Mock CR s.r.o.","retail_retezec","99910001","CZ99910001","Praha","Hlavni mesto Praha","15800",50.0525,14.3254,"EDI","platinum","P002","PEC-ROH-055-CZ","Rohlik celozrnny 55 g","bezne_pecivo","celozrnny","ks",40,2,"LOT-20251031-S001-542","S001","Pekarna Slunce s.r.o. (mock)","99820001","CZ","WH01","DC Praha-Jinonice (mock)","B-BEZNE","PRG-C001-PAT",1640,1640,9,0,3881,2250,6.67,8.2,12,9986.71,11185.12,6003.26,3983.45,30,"uhrazeno","dodano",false,"","patek",false,false,7.5,0,-15,""
"TX-2025-000826","FV-2025-000826","ORD-2025-000826","2025-10-29T08:18:00","2025-10-31T05:20:00","2025-10-31","C006","Rohlik.cz Mock a.s.","ecommerce","99910006","CZ99910006","Praha","Hlavni mesto Praha","18600",50.1008,14.4749,"API_B2B","platinum","P010","PEC-SNE-090","Snek skorice 90 g","jemne_pecivo","skoricovy","ks",20,3,"LOT-20251031-S002-896","S002","Moravske pecivo a.s. (mock)","99820002","CZ","WH01","DC Praha-Jinonice (mock)","C-JEMNE","PRG-C006-PAT",160,160,0,4,325,165,23.29,8.7,12,3402.2,3810.46,2276.19,1126.01,14,"uhrazeno","dodano",false,"","patek",false,false,9,0.9,10,"vratne prepravky"
"TX-2025-000827","FV-2025-000827","ORD-2025-000827","2025-10-29T16:19:00","2025-10-31T07:00:00","2025-10-31","C010","Kavarny KafeKruh s.r.o. (mock)","horeca","99910010","CZ99910010","Plzen","Plzensky kraj","30100",49.7384,13.3736,"B2B_eshop","silver","P008","PEC-KOB-060","Kobliha s marmeladou 60 g","jemne_pecivo","merunkova","ks",30,2,"LOT-20251031-S003-638","S003","Slezska pekarna s.r.o. (mock)","99820003","CZ","WH01","DC Praha-Jinonice (mock)","C-JEMNE","PRG-C010-PAT",60,60,0,0,131,71,16.03,3.5,12,928.14,1039.52,549.88,378.26,14,"uhrazeno","dodano",false,"","patek",false,false,12.1,0,-14,""
"TX-2025-000828","FV-2025-000828","ORD-2025-000828","2025-10-29T14:41:00","2025-11-01T07:52:00","2025-11-01","C001","LIDL Mock CR s.r.o.","retail_retezec","99910001","CZ99910001","Praha","Hlavni mesto Praha","15800",50.0525,14.3254,"EDI","platinum","P002","PEC-ROH-055-CZ","Rohlik celozrnny 55 g","bezne_pecivo","celozrnny","ks",40,2,"LOT-20251101-S001-905","S001","Pekarna Slunce s.r.o. (mock)","99820001","CZ","WH01","DC Praha-Jinonice (mock)","B-BEZNE","PRG-C001-SOB",1400,1400,0,19,2305,905,6.75,8.89,12,8609.9,9643.09,5325.09,3284.81,30,"uhrazeno","dodano",false,"","sobota",true,false,8.7,1.5,-15,""
"TX-2025-000829","FV-2025-000829","ORD-2025-000829","2025-10-29T09:13:00","2025-11-01T09:21:00","2025-11-01","C004","TESCO Mock Stores CR a.s.","retail_retezec","99910004","CZ99910004","Ostrava","Moravskoslezsky kraj","70030",49.7854,18.2741,"EDI","gold","P005","PEC-CHL-750-ZIT","Chleb zitny kvaskovy 750 g","chleb","kvaskovy","ks",10,5,"LOT-20251101-S004-257","S004","Danube Bakery SK s.r.o. (mock)","99820004","SK","WH03","DC Ostrava-Hrabova (mock)","A-CHLEB","OVA-C004-SOB",180,180,0,0,498,318,56.51,6.49,12,9511.65,10653.05,6041.73,3469.92,30,"uhrazeno","dodano",false,"","sobota",true,false,-0.2,0,-10,""
"TX-2025-000830","FV-2025-000830","ORD-2025-000830","2025-10-30T16:25:00","2025-11-01T08:15:00","2025-11-01","C012","Restaurace U Tri pecnu s.r.o. (mock)","horeca","99910012","CZ99910012","Ceske Budejovice","Jihocesky kraj","37001",48.9745,14.4743,"obchodni_zastupce","standard","P001","PEC-ROH-043","Rohlik tukovy 43 g","bezne_pecivo","klasicky","ks",50,1,"LOT-20251101-S001-385","S001","Pekarna Slunce s.r.o. (mock)","99820001","CZ","WH01","DC Praha-Jinonice (mock)","B-BEZNE","PRG-C012-SOB",200,200,0,0,376,176,3.21,2.25,12,627.56,702.87,370.07,257.49,14,"uhrazeno","dodano",false,"","sobota",true,false,9.8,0,10,""
"TX-2025-000831","FV-2025-000831","ORD-2025-000831","2025-10-31T11:15:00","2025-11-03T06:40:00","2025-11-03","C001","LIDL Mock CR s.r.o.","retail_retezec","99910001","CZ99910001","Praha","Hlavni mesto Praha","15800",50.0525,14.3254,"EDI","platinum","P004","PEC-CHL-500","Chleb konzumentni 500 g","chleb","psenicno-zitny","ks",12,4,"LOT-20251103-S002-122","S002","Moravske pecivo a.s. (mock)","99820002","CZ","WH01","DC Praha-Jinonice (mock)","A-CHLEB","PRG-C001-PON",564,416,0,8,1240,824,32.67,8.55,12,12428.71,13920.16,8316.31,4112.4,30,"uhrazeno","castecne_dodano",false,"","pondeli",false,false,4.8,0,-14,""
"TX-2025-000832","FV-2025-000832","ORD-2025-000832","2025-10-31T16:35:00","2025-11-03T05:42:00","2025-11-03","C003","KAUFLAND Mock CR v.o.s.","retail_retezec","99910003","CZ99910003","Brno","Jihomoravsky kraj","62700",49.1678,16.6827,"EDI","platinum","P004","PEC-CHL-500","Chleb konzumentni 500 g","chleb","psenicno-zitny","ks",12,4,"LOT-20251103-S002-935","S002","Moravske pecivo a.s. (mock)","99820002","CZ","WH02","DC Brno-Slatina (mock)","A-CHLEB","BRN-C003-PON",564,564,0,0,883,319,32.78,23.7,12,14106.28,15799.03,11578.08,2528.2,30,"uhrazeno","dodano",true,"Akce pecivo -15 %","pondeli",false,false,0.7,1.3,-6,""
"TX-2025-000833","FV-2025-000833","ORD-2025-000833","2025-11-01T14:58:00","2025-11-03T04:45:00","2025-11-03","C006","Rohlik.cz Mock a.s.","ecommerce","99910006","CZ99910006","Praha","Hlavni mesto Praha","18600",50.1008,14.4749,"API_B2B","platinum","P005","PEC-CHL-750-ZIT","Chleb zitny kvaskovy 750 g","chleb","kvaskovy","ks",10,5,"LOT-20251103-S004-463","S004","Danube Bakery SK s.r.o. (mock)","99820004","SK","WH01","DC Praha-Jinonice (mock)","A-CHLEB","PRG-C006-PON",80,80,0,0,151,71,56.63,8.21,12,4158.45,4657.46,2618.07,1540.38,14,"uhrazeno","dodano",false,"","pondeli",false,false,8.1,0,-11,""
"TX-2025-000834","FV-2025-000834","ORD-2025-000834","2025-11-01T15:40:00","2025-11-03T04:19:00","2025-11-03","C007","MAKRO Mock Cash & Carry CR s.r.o.","velkoobchod","99910007","CZ99910007","Praha","Hlavni mesto Praha","25242",49.9971,14.4291,"EDI","gold","P002","PEC-ROH-055-CZ","Rohlik celozrnny 55 g","bezne_pecivo","celozrnny","ks",40,2,"LOT-20251103-S002-589","S002","Moravske pecivo a.s. (mock)","99820002","CZ","WH01","DC Praha-Jinonice (mock)","B-BEZNE","PRG-C007-PON",640,640,0,12,1310,670,6.61,6.15,12,3970.23,4446.66,2418.36,1551.87,21,"uhrazeno","dodano",false,"","pondeli",false,false,2.3,0,-7,""
"TX-2025-000835","FV-2025-000835","ORD-2025-000835","2025-11-02T17:38:00","2025-11-04T07:46:00","2025-11-04","C002","ALBERT Mock Retail s.r.o.","retail_retezec","99910002","CZ99910002","Praha","Hlavni mesto Praha","10000",50.0724,14.4907,"EDI","platinum","P007","PEC-CRO-065","Croissant maslovy 65 g","jemne_pecivo","maslovy","ks",24,3,"LOT-20251104-S002-335","S002","Moravske pecivo a.s. (mock)","99820002","CZ","WH01","DC Praha-Jinonice (mock)","C-JEMNE","PRG-C002-UTE",576,576,0,10,1064,488,19.37,8.95,12,10158.56,11377.59,7054.04,3104.52,30,"uhrazeno","dodano",false,"","utery",false,false,9.1,0,6,""
"TX-2025-000836","FV-2025-000836","ORD-2025-000836","2025-11-02T12:57:00","2025-11-04T05:06:00","2025-11-04","C005","PENNY Mock Market s.r.o.","retail_retezec","99910005","CZ99910005","Radonice","Stredocesky kraj","25073",50.1437,14.6077,"EDI","gold","P002","PEC-ROH-055-CZ","Rohlik celozrnny 55 g","bezne_pecivo","celozrnny","ks",40,2,"LOT-20251104-S001-312","S001","Pekarna Slunce s.r.o. (mock)","99820001","CZ","WH01","DC Praha-Jinonice (mock)","B-BEZNE","PRG-C005-UTE",720,638,0,10,1515,877,6.55,6.7,12,3898.91,4366.78,2273.54,1625.37,21,"uhrazeno","castecne_dodano",false,"","utery",false,false,6.9,0,-7,""
"TX-2025-000837","FV-2025-000837","ORD-2025-000837","2025-11-03T09:30:00","2025-11-04T04:50:00","2025-11-04","C009","Skolni jidelna Javor (mock)","verejny_sektor","99910009","CZ99910009","Olomouc","Olomoucky kraj","77900",49.5938,17.2509,"email","standard","P001","PEC-ROH-043","Rohlik tukovy 43 g","bezne_pecivo","klasicky","ks",50,1,"LOT-20251104-S002-997","S002","Moravske pecivo a.s. (mock)","99820002","CZ","WH02","DC Brno-Slatina (mock)","B-BEZNE","BRN-C009-UTE",350,350,0,0,793,443,3.26,1.83,12,1120.12,1254.53,651.56,468.56,14,"uhrazeno","dodano",false,"","utery",false,false,8.2,0,10,""
"TX-2025-000838","FV-2025-000838","ORD-2025-000838","2025-11-02T12:47:00","2025-11-05T07:41:00","2025-11-05","C001","LIDL Mock CR s.r.o.","retail_retezec","99910001","CZ99910001","Praha","Hlavni mesto Praha","15800",50.0525,14.3254,"EDI","platinum","P001","PEC-ROH-043","Rohlik tukovy 43 g","bezne_pecivo","klasicky","ks",50,1,"LOT-20251105-S001-178","S001","Pekarna Slunce s.r.o. (mock)","99820001","CZ","WH01","DC Praha-Jinonice (mock)","B-BEZNE","PRG-C001-STR",2150,2150,2,0,6270,4122,3.27,8.91,12,6398.13,7165.91,3963.74,2434.39,30,"uhrazeno","dodano",false,"","streda",false,false,8.6,1.7,-13,"synteticky testovaci zaznam"
"TX-2025-000839","FV-2025-000839","ORD-2025-000839","2025-11-03T14:10:00","2025-11-05T08:02:00","2025-11-05","C004","TESCO Mock Stores CR a.s.","retail_retezec","99910004","CZ99910004","Ostrava","Moravskoslezsky kraj","70030",49.7854,18.2741,"EDI","gold","P005","PEC-CHL-750-ZIT","Chleb zitny kvaskovy 750 g","chleb","kvaskovy","ks",10,5,"LOT-20251105-S004-315","S004","Danube Bakery SK s.r.o. (mock)","99820004","SK","WH03","DC Ostrava-Hrabova (mock)","A-CHLEB","OVA-C004-STR",220,220,3,0,353,136,56.26,6.13,12,11460.04,12835.24,7032.78,4427.26,30,"uhrazeno","dodano",false,"","streda",false,false,0.4,0,-13,""
"TX-2025-000840","FV-2025-000840","ORD-2025-000840","2025-11-02T16:00:00","2025-11-05T10:04:00","2025-11-05","C011","Fakultni nemocnice Demo (mock)","verejny_sektor","99910011","CZ99910011","Hradec Kralove","Kralovehradecky kraj","50005",50.1956,15.8328,"email","silver","P004","PEC-CHL-500","Chleb konzumentni 500 g","chleb","psenicno-zitny","ks",12,4,"LOT-20251105-S001-186","S001","Pekarna Slunce s.r.o. (mock)","99820001","CZ","WH01","DC Praha-Jinonice (mock)","A-CHLEB","PRG-C011-STR",96,96,0,2,245,149,32.78,3.46,12,3038,3402.56,1954.34,1083.66,30,"uhrazeno","dodano",false,"","streda",false,false,9.6,0,7,""
"TX-2025-000841","FV-2025-000841","ORD-2025-000841","2025-11-04T17:06:00","2025-11-06T07:56:00","2025-11-06","C008","BILLA Mock, spol. s r.o.","retail_retezec","99910008","CZ99910008","Modletice","Stredocesky kraj","25101",49.9708,14.5852,"EDI","gold","P001","PEC-ROH-043","Rohlik tukovy 43 g","bezne_pecivo","klasicky","ks",50,1,"LOT-20251106-S001-661","S001","Pekarna Slunce s.r.o. (mock)","99820001","CZ","WH01","DC Praha-Jinonice (mock)","B-BEZNE","PRG-C008-CTV",1250,1250,0,26,2922,1672,3.21,5.55,12,3789.81,4244.59,2387.47,1402.34,30,"uhrazeno","dodano",false,"","ctvrtek",false,false,1.3,13.6,49,""
"TX-2025-000842","FV-2025-000842","ORD-2025-000842","2025-11-05T09:33:00","2025-11-07T05:09:00","2025-11-07","C001","LIDL Mock CR s.r.o.","retail_retezec","99910001","CZ99910001","Praha","Hlavni mesto Praha","15800",50.0525,14.3254,"EDI","platinum","P007","PEC-CRO-065","Croissant maslovy 65 g","jemne_pecivo","maslovy","ks",24,3,"LOT-20251107-S004-886","S004","Danube Bakery SK s.r.o. (mock)","99820004","SK","WH01","DC Praha-Jinonice (mock)","C-JEMNE","PRG-C001-PAT",864,864,0,23,1532,668,19.22,9.11,12,15093.27,16904.46,10541.42,4551.85,30,"uhrazeno","dodano",false,"","patek",false,false,6.7,1.1,-15,""
"TX-2025-000843","FV-2025-000843","ORD-2025-000843","2025-11-06T12:35:00","2025-11-07T09:22:00","2025-11-07","C006","Rohlik.cz Mock a.s.","ecommerce","99910006","CZ99910006","Praha","Hlavni mesto Praha","18600",50.1008,14.4749,"API_B2B","platinum","P005","PEC-CHL-750-ZIT","Chleb zitny kvaskovy 750 g","chleb","kvaskovy","ks",10,5,"LOT-20251107-S002-101","S002","Moravske pecivo a.s. (mock)","99820002","CZ","WH01","DC Praha-Jinonice (mock)","A-CHLEB","PRG-C006-PAT",70,70,0,0,145,75,55.36,8.97,12,3527.59,3950.9,2354.02,1173.57,14,"uhrazeno","dodano",false,"","patek",false,false,1,0,3,"synteticky testovaci zaznam"
"TX-2025-000844","FV-2025-000844","ORD-2025-000844","2025-11-04T14:37:00","2025-11-07T08:11:00","2025-11-07","C010","Kavarny KafeKruh s.r.o. (mock)","horeca","99910010","CZ99910010","Plzen","Plzensky kraj","30100",49.7384,13.3736,"B2B_eshop","silver","P007","PEC-CRO-065","Croissant maslovy 65 g","jemne_pecivo","maslovy","ks",24,3,"LOT-20251107-S004-604","S004","Danube Bakery SK s.r.o. (mock)","99820004","SK","WH01","DC Praha-Jinonice (mock)","C-JEMNE","PRG-C010-PAT",48,48,0,0,92,44,19.34,3.55,12,895.36,1002.8,580.37,314.99,14,"uhrazeno","dodano",false,"","patek",false,false,2.9,0,-3,""
"TX-2025-000845","FV-2025-000845","ORD-2025-000845","2025-11-05T08:14:00","2025-11-08T09:02:00","2025-11-08","C001","LIDL Mock CR s.r.o.","retail_retezec","99910001","CZ99910001","Praha","Hlavni mesto Praha","15800",50.0525,14.3254,"EDI","platinum","P001","PEC-ROH-043","Rohlik tukovy 43 g","bezne_pecivo","klasicky","ks",50,1,"LOT-20251108-S002-549","S002","Moravske pecivo a.s. (mock)","99820002","CZ","WH01","DC Praha-Jinonice (mock)","B-BEZNE","PRG-C001-SOB",2550,2550,0,51,5783,3233,3.24,23.38,12,6330.34,7089.98,4871.92,1458.42,30,"uhrazeno","dodano",true,"Akce pecivo -15 %","sobota",true,false,-0.4,1.1,-13,""
"TX-2025-000846","FV-2025-000846","ORD-2025-000846","2025-11-06T14:41:00","2025-11-08T09:09:00","2025-11-08","C004","TESCO Mock Stores CR a.s.","retail_retezec","99910004","CZ99910004","Ostrava","Moravskoslezsky kraj","70030",49.7854,18.2741,"EDI","gold","P005","PEC-CHL-750-ZIT","Chleb zitny kvaskovy 750 g","chleb","kvaskovy","ks",10,5,"LOT-20251108-S002-476","S002","Moravske pecivo a.s. (mock)","99820002","CZ","WH03","DC Ostrava-Hrabova (mock)","A-CHLEB","OVA-C004-SOB",190,190,0,0,438,248,56.22,6.29,12,10009.91,11211.1,6149.65,3860.26,30,"uhrazeno","dodano",false,"","sobota",true,false,0.3,0,3,""
"TX-2025-000847","FV-2025-000847","ORD-2025-000847","2025-11-05T15:51:00","2025-11-08T06:21:00","2025-11-08","C012","Restaurace U Tri pecnu s.r.o. (mock)","horeca","99910012","CZ99910012","Ceske Budejovice","Jihocesky kraj","37001",48.9745,14.4743,"obchodni_zastupce","standard","P003","PEC-KAI-060","Kaiserka sezamova 60 g","bezne_pecivo","sezam","ks",35,2,"LOT-20251108-S003-133","S003","Slezska pekarna s.r.o. (mock)","99820003","CZ","WH01","DC Praha-Jinonice (mock)","B-BEZNE","PRG-C012-SOB",140,118,0,0,284,166,7.94,2.24,12,915.93,1025.84,538.84,377.09,14,"uhrazeno","castecne_dodano",false,"","sobota",true,false,5.1,0.6,-11,""
"TX-2025-000848","FV-2025-000848","ORD-2025-000848","2025-11-07T17:53:00","2025-11-10T05:46:00","2025-11-10","C001","LIDL Mock CR s.r.o.","retail_retezec","99910001","CZ99910001","Praha","Hlavni mesto Praha","15800",50.0525,14.3254,"EDI","platinum","P006","PEC-BAG-110","Bageta bila 110 g","bezne_pecivo","bila","ks",25,2,"LOT-20251110-S001-621","S001","Pekarna Slunce s.r.o. (mock)","99820001","CZ","WH01","DC Praha-Jinonice (mock)","B-BEZNE","PRG-C001-PON",950,950,21,0,2029,1100,13.18,8.64,12,11186.32,12528.68,6893.27,4293.05,30,"uhrazeno","dodano",false,"","pondeli",false,false,3.5,2.2,5,"kontrola mnozstvi pri prevzeti"
"TX-2025-000849","FV-2025-000849","ORD-2025-000849","2025-11-08T15:52:00","2025-11-10T07:39:00","2025-11-10","C003","KAUFLAND Mock CR v.o.s.","retail_retezec","99910003","CZ99910003","Brno","Jihomoravsky kraj","62700",49.1678,16.6827,"EDI","platinum","P007","PEC-CRO-065","Croissant maslovy 65 g","jemne_pecivo","maslovy","ks",24,3,"LOT-20251110-S004-477","S004","Danube Bakery SK s.r.o. (mock)","99820004","SK","WH02","DC Brno-Slatina (mock)","C-JEMNE","BRN-C003-PON",768,768,11,20,1398,641,19.07,8.85,12,13158.4,14737.41,8968.83,4189.57,30,"uhrazeno","dodano",false,"","pondeli",false,false,2.7,4.9,-8,"prioritni vykladka"
"TX-2025-000850","FV-2025-000850","ORD-2025-000850","2025-11-09T15:21:00","2025-11-10T04:53:00","2025-11-10","C006","Rohlik.cz Mock a.s.","ecommerce","99910006","CZ99910006","Praha","Hlavni mesto Praha","18600",50.1008,14.4749,"API_B2B","platinum","P009","PEC-VEC-360","Veka tukova 360 g","chleb","klasicka","ks",14,3,"LOT-20251110-S002-946","S002","Moravske pecivo a.s. (mock)","99820002","CZ","WH01","DC Praha-Jinonice (mock)","A-CHLEB","PRG-C006-PON",98,98,2,1,178,82,30.58,8.36,12,2690.26,3013.09,1711.13,979.13,14,"uhrazeno","dodano",false,"","pondeli",false,false,7.1,0,-1,"kontrola mnozstvi pri prevzeti"
"TX-2025-000851","FV-2025-000851","ORD-2025-000851","2025-11-08T09:42:00","2025-11-10T05:47:00","2025-11-10","C007","MAKRO Mock Cash & Carry CR s.r.o.","velkoobchod","99910007","CZ99910007","Praha","Hlavni mesto Praha","25242",49.9971,14.4291,"EDI","gold","P009","PEC-VEC-360","Veka tukova 360 g","chleb","klasicka","ks",14,3,"LOT-20251110-S002-718","S002","Moravske pecivo a.s. (mock)","99820002","CZ","WH01","DC Praha-Jinonice (mock)","A-CHLEB","PRG-C007-PON",224,224,4,0,535,315,30.95,5.52,12,6433.14,7205.12,3982.68,2450.46,21,"uhrazeno","dodano",false,"","pondeli",false,false,5,5,-6,""
"TX-2025-000852","FV-2025-000852","ORD-2025-000852","2025-11-08T09:26:00","2025-11-11T10:59:00","2025-11-11","C002","ALBERT Mock Retail s.r.o.","retail_retezec","99910002","CZ99910002","Praha","Hlavni mesto Praha","10000",50.0724,14.4907,"EDI","platinum","P008","PEC-KOB-060","Kobliha s marmeladou 60 g","jemne_pecivo","merunkova","ks",30,2,"LOT-20251111-S003-416","S003","Slezska pekarna s.r.o. (mock)","99820003","CZ","WH01","DC Praha-Jinonice (mock)","C-JEMNE","PRG-C002-UTE",750,750,0,0,1032,282,15.99,16.05,12,10067.7,11275.82,7132.17,2935.53,30,"uhrazeno","dodano",true,"Vikendova akce","utery",false,false,8.4,0,-15,""
"TX-2025-000853","FV-2025-000853","ORD-2025-000853","2025-11-08T12:38:00","2025-11-11T06:15:00","2025-11-11","C005","PENNY Mock Market s.r.o.","retail_retezec","99910005","CZ99910005","Radonice","Stredocesky kraj","25073",50.1437,14.6077,"EDI","gold","P008","PEC-KOB-060","Kobliha s marmeladou 60 g","jemne_pecivo","merunkova","ks",30,2,"LOT-20251111-S003-304","S003","Slezska pekarna s.r.o. (mock)","99820003","CZ","WH01","DC Praha-Jinonice (mock)","C-JEMNE","PRG-C005-UTE",630,630,6,5,952,328,15.99,20.86,12,7896.4,8843.97,5804.47,2091.93,21,"uhrazeno","dodano",true,"Akce pecivo -15 %","utery",false,false,7.4,0,2,""
"TX-2025-000854","FV-2025-000854","ORD-2025-000854","2025-11-10T08:24:00","2025-11-11T04:53:00","2025-11-11","C009","Skolni jidelna Javor (mock)","verejny_sektor","99910009","CZ99910009","Olomouc","Olomoucky kraj","77900",49.5938,17.2509,"email","standard","P002","PEC-ROH-055-CZ","Rohlik celozrnny 55 g","bezne_pecivo","celozrnny","ks",40,2,"LOT-20251111-S001-205","S001","Pekarna Slunce s.r.o. (mock)","99820001","CZ","WH02","DC Brno-Slatina (mock)","B-BEZNE","BRN-C009-UTE",240,240,6,0,609,375,6.6,2.42,12,1507.03,1687.87,858.49,648.54,14,"uhrazeno","dodano",false,"","utery",false,false,7.7,0,1,""
"TX-2025-000855","FV-2025-000855","ORD-2025-000855","2025-11-10T15:44:00","2025-11-12T06:53:00","2025-11-12","C001","LIDL Mock CR s.r.o.","retail_retezec","99910001","CZ99910001","Praha","Hlavni mesto Praha","15800",50.0525,14.3254,"EDI","platinum","P007","PEC-CRO-065","Croissant maslovy 65 g","jemne_pecivo","maslovy","ks",24,3,"LOT-20251112-S004-811","S004","Danube Bakery SK s.r.o. (mock)","99820004","SK","WH01","DC Praha-Jinonice (mock)","C-JEMNE","PRG-C001-STR",720,720,7,0,1423,710,19.47,8.87,12,12650.77,14168.86,8687.23,3963.54,30,"uhrazeno","dodano",false,"","streda",false,false,3,1.8,-1,""
"TX-2025-000856","FV-2025-000856","ORD-2025-000856","2025-11-10T13:51:00","2025-11-12T04:36:00","2025-11-12","C004","TESCO Mock Stores CR a.s.","retail_retezec","99910004","CZ99910004","Ostrava","Moravskoslezsky kraj","70030",49.7854,18.2741,"EDI","gold","P005","PEC-CHL-750-ZIT","Chleb zitny kvaskovy 750 g","chleb","kvaskovy","ks",10,5,"LOT-20251112-S004-708","S004","Danube Bakery SK s.r.o. (mock)","99820004","SK","WH03","DC Ostrava-Hrabova (mock)","A-CHLEB","OVA-C004-STR",240,240,0,0,504,264,55.72,5.53,12,12633.28,14149.27,7877.38,4755.9,30,"uhrazeno","dodano",false,"","streda",false,false,1.1,0,-14,""
"TX-2025-000857","FV-2025-000857","ORD-2025-000857","2025-11-10T10:29:00","2025-11-12T05:29:00","2025-11-12","C006","Rohlik.cz Mock a.s.","ecommerce","99910006","CZ99910006","Praha","Hlavni mesto Praha","18600",50.1008,14.4749,"API_B2B","platinum","P007","PEC-CRO-065","Croissant maslovy 65 g","jemne_pecivo","maslovy","ks",24,3,"LOT-20251112-S002-396","S002","Moravske pecivo a.s. (mock)","99820002","CZ","WH01","DC Praha-Jinonice (mock)","C-JEMNE","PRG-C006-STR",192,192,0,1,351,159,19.18,8.43,12,3372.12,3776.77,2279.1,1093.02,14,"uhrazeno","dodano",false,"","streda",false,false,7.5,0,0,""
"TX-2025-000858","FV-2025-000858","ORD-2025-000858","2025-11-10T14:19:00","2025-11-12T04:52:00","2025-11-12","C011","Fakultni nemocnice Demo (mock)","verejny_sektor","99910011","CZ99910011","Hradec Kralove","Kralovehradecky kraj","50005",50.1956,15.8328,"email","silver","P011","PEC-HOU-060","Houska psenicna 60 g","bezne_pecivo","klasicka","ks",40,2,"LOT-20251112-S001-595","S001","Pekarna Slunce s.r.o. (mock)","99820001","CZ","WH01","DC Praha-Jinonice (mock)","B-BEZNE","PRG-C011-STR",360,360,0,5,831,471,5.48,3.96,12,1894.68,2122.04,1100.16,794.52,30,"uhrazeno","dodano",false,"","streda",false,false,5.5,0,-1,""
"TX-2025-000859","FV-2025-000859","ORD-2025-000859","2025-11-10T13:55:00","2025-11-13T10:29:00","2025-11-13","C002","ALBERT Mock Retail s.r.o.","retail_retezec","99910002","CZ99910002","Praha","Hlavni mesto Praha","10000",50.0724,14.4907,"EDI","platinum","P008","PEC-KOB-060","Kobliha s marmeladou 60 g","jemne_pecivo","merunkova","ks",30,2,"LOT-20251113-S001-724","S001","Pekarna Slunce s.r.o. (mock)","99820001","CZ","WH01","DC Praha-Jinonice (mock)","C-JEMNE","PRG-C002-CTV",870,720,10,0,1207,497,15.62,8.05,12,10197.44,11421.13,6344.7,3852.74,30,"uhrazeno","castecne_dodano",false,"","ctvrtek",false,false,0.1,5.4,-15,""
"TX-2025-000860","FV-2025-000860","ORD-2025-000860","2025-11-11T16:11:00","2025-11-13T09:22:00","2025-11-13","C003","KAUFLAND Mock CR v.o.s.","retail_retezec","99910003","CZ99910003","Brno","Jihomoravsky kraj","62700",49.1678,16.6827,"EDI","platinum","P006","PEC-BAG-110","Bageta bila 110 g","bezne_pecivo","bila","ks",25,2,"LOT-20251113-S003-650","S003","Slezska pekarna s.r.o. (mock)","99820003","CZ","WH02","DC Brno-Slatina (mock)","B-BEZNE","BRN-C003-CTV",825,825,9,17,1152,336,13.06,23.83,12,8117.41,9091.5,5760.73,2356.68,30,"uhrazeno","dodano",true,"Akce pecivo -15 %","ctvrtek",false,false,9.7,0,-15,""
"TX-2025-000861","FV-2025-000861","ORD-2025-000861","2025-11-10T15:53:00","2025-11-13T06:17:00","2025-11-13","C008","BILLA Mock, spol. s r.o.","retail_retezec","99910008","CZ99910008","Modletice","Stredocesky kraj","25101",49.9708,14.5852,"EDI","gold","P001","PEC-ROH-043","Rohlik tukovy 43 g","bezne_pecivo","klasicky","ks",50,1,"LOT-20251113-S003-196","S003","Slezska pekarna s.r.o. (mock)","99820003","CZ","WH01","DC Praha-Jinonice (mock)","B-BEZNE","PRG-C008-CTV",1500,1500,0,0,3032,1532,3.29,21.56,12,3871.01,4335.53,2857.06,1013.95,30,"uhrazeno","dodano",true,"Akce pecivo -15 %","ctvrtek",false,false,7.6,3.2,-15,""
"TX-2025-000862","FV-2025-000862","ORD-2025-000862","2025-11-12T12:43:00","2025-11-14T06:28:00","2025-11-14","C001","LIDL Mock CR s.r.o.","retail_retezec","99910001","CZ99910001","Praha","Hlavni mesto Praha","15800",50.0525,14.3254,"EDI","platinum","P001","PEC-ROH-043","Rohlik tukovy 43 g","bezne_pecivo","klasicky","ks",50,1,"LOT-20251114-S001-100","S001","Pekarna Slunce s.r.o. (mock)","99820001","CZ","WH01","DC Praha-Jinonice (mock)","B-BEZNE","PRG-C001-PAT",2750,2750,0,77,5679,2929,3.21,9.13,12,8021.55,8984.14,5186.97,2834.58,30,"uhrazeno","dodano",false,"","patek",false,false,7.7,0,-10,""
"TX-2025-000863","FV-2025-000863","ORD-2025-000863","2025-11-12T12:39:00","2025-11-14T05:50:00","2025-11-14","C005","PENNY Mock Market s.r.o.","retail_retezec","99910005","CZ99910005","Radonice","Stredocesky kraj","25073",50.1437,14.6077,"EDI","gold","P001","PEC-ROH-043","Rohlik tukovy 43 g","bezne_pecivo","klasicky","ks",50,1,"LOT-20251114-S002-440","S002","Moravske pecivo a.s. (mock)","99820002","CZ","WH01","DC Praha-Jinonice (mock)","B-BEZNE","PRG-C005-PAT",1650,1650,0,0,2968,1318,3.26,6.18,12,5046.58,5652.17,3051.97,1994.61,21,"uhrazeno","dodano",false,"","patek",false,false,9.5,1.5,-15,""
"TX-2025-000864","FV-2025-000864","ORD-2025-000864","2025-11-11T13:41:00","2025-11-14T09:25:00","2025-11-14","C006","Rohlik.cz Mock a.s.","ecommerce","99910006","CZ99910006","Praha","Hlavni mesto Praha","18600",50.1008,14.4749,"API_B2B","platinum","P002","PEC-ROH-055-CZ","Rohlik celozrnny 55 g","bezne_pecivo","celozrnny","ks",40,2,"LOT-20251114-S002-121","S002","Moravske pecivo a.s. (mock)","99820002","CZ","WH01","DC Praha-Jinonice (mock)","B-BEZNE","PRG-C006-PAT",360,360,3,0,833,476,6.63,8.38,12,2168.56,2428.79,1296.89,871.67,14,"uhrazeno","dodano",false,"","patek",false,false,8.2,0,1,"synteticky testovaci zaznam"
"TX-2025-000865","FV-2025-000865","ORD-2025-000865","2025-11-12T17:47:00","2025-11-14T07:37:00","2025-11-14","C010","Kavarny KafeKruh s.r.o. (mock)","horeca","99910010","CZ99910010","Plzen","Plzensky kraj","30100",49.7384,13.3736,"B2B_eshop","silver","P008","PEC-KOB-060","Kobliha s marmeladou 60 g","jemne_pecivo","merunkova","ks",30,2,"LOT-20251114-S003-408","S003","Slezska pekarna s.r.o. (mock)","99820003","CZ","WH01","DC Praha-Jinonice (mock)","C-JEMNE","PRG-C010-PAT",60,60,0,0,138,78,15.55,3.05,12,904.54,1013.08,538.67,365.87,14,"uhrazeno","dodano",false,"","patek",false,false,0,0,-10,""
"TX-2025-000866","FV-2025-000866","ORD-2025-000866","2025-11-12T10:49:00","2025-11-15T10:57:00","2025-11-15","C001","LIDL Mock CR s.r.o.","retail_retezec","99910001","CZ99910001","Praha","Hlavni mesto Praha","15800",50.0525,14.3254,"EDI","platinum","P002","PEC-ROH-055-CZ","Rohlik celozrnny 55 g","bezne_pecivo","celozrnny","ks",40,2,"LOT-20251115-S001-986","S001","Pekarna Slunce s.r.o. (mock)","99820001","CZ","WH01","DC Praha-Jinonice (mock)","B-BEZNE","PRG-C001-SOB",1480,1480,0,5,4009,2529,6.77,8.83,12,9134.87,10231.05,5630.51,3504.36,30,"uhrazeno","dodano",false,"","sobota",true,false,1.5,5.8,-15,""
"TX-2025-000867","FV-2025-000867","ORD-2025-000867","2025-11-12T08:13:00","2025-11-15T04:14:00","2025-11-15","C004","TESCO Mock Stores CR a.s.","retail_retezec","99910004","CZ99910004","Ostrava","Moravskoslezsky kraj","70030",49.7854,18.2741,"EDI","gold","P002","PEC-ROH-055-CZ","Rohlik celozrnny 55 g","bezne_pecivo","celozrnny","ks",40,2,"LOT-20251115-S002-869","S002","Moravske pecivo a.s. (mock)","99820002","CZ","WH03","DC Ostrava-Hrabova (mock)","B-BEZNE","OVA-C004-SOB",880,880,20,0,2369,1509,6.77,6.11,12,5466.46,6122.44,3272.43,2194.03,30,"uhrazeno","dodano",false,"","sobota",true,false,0.9,4.8,10,""
"TX-2025-000868","FV-2025-000868","ORD-2025-000868","2025-11-13T08:40:00","2025-11-15T05:08:00","2025-11-15","C012","Restaurace U Tri pecnu s.r.o. (mock)","horeca","99910012","CZ99910012","Ceske Budejovice","Jihocesky kraj","37001",48.9745,14.4743,"obchodni_zastupce","standard","P007","PEC-CRO-065","Croissant maslovy 65 g","jemne_pecivo","maslovy","ks",24,3,"LOT-20251115-S004-134","S004","Danube Bakery SK s.r.o. (mock)","99820004","SK","WH01","DC Praha-Jinonice (mock)","C-JEMNE","PRG-C012-SOB",96,96,0,0,157,61,19.3,2.54,12,1805.74,2022.43,1137.17,668.57,14,"uhrazeno","dodano",false,"","sobota",true,false,2,4.8,-15,"prioritni vykladka"
"TX-2025-000869","FV-2025-000869","ORD-2025-000869","2025-11-15T15:24:00","2025-11-17T09:51:00","2025-11-17","C001","LIDL Mock CR s.r.o.","retail_retezec","99910001","CZ99910001","Praha","Hlavni mesto Praha","15800",50.0525,14.3254,"EDI","platinum","P001","PEC-ROH-043","Rohlik tukovy 43 g","bezne_pecivo","klasicky","ks",50,1,"LOT-20251117-S003-990","S003","Slezska pekarna s.r.o. (mock)","99820003","CZ","WH01","DC Praha-Jinonice (mock)","B-BEZNE","PRG-C001-PON",2550,2550,11,0,4241,1702,3.33,8.49,12,7737.05,8665.5,5040.12,2696.93,30,"uhrazeno","dodano",false,"","pondeli",false,true,3,5.7,-15,""
"TX-2025-000870","FV-2025-000870","ORD-2025-000870","2025-11-14T13:47:00","2025-11-17T09:53:00","2025-11-17","C003","KAUFLAND Mock CR v.o.s.","retail_retezec","99910003","CZ99910003","Brno","Jihomoravsky kraj","62700",49.1678,16.6827,"EDI","platinum","P003","PEC-KAI-060","Kaiserka sezamova 60 g","bezne_pecivo","sezam","ks",35,2,"LOT-20251117-S003-763","S003","Slezska pekarna s.r.o. (mock)","99820003","CZ","WH02","DC Brno-Slatina (mock)","B-BEZNE","BRN-C003-PON",1295,1295,0,24,2122,827,7.96,16.97,12,8558.9,9585.97,5765.99,2792.91,30,"uhrazeno","dodano",true,"Vikendova akce","pondeli",false,true,8.7,0,-2,""
"TX-2025-000871","FV-2025-000871","ORD-2025-000871","2025-11-15T17:03:00","2025-11-17T07:08:00","2025-11-17","C006","Rohlik.cz Mock a.s.","ecommerce","99910006","CZ99910006","Praha","Hlavni mesto Praha","18600",50.1008,14.4749,"API_B2B","platinum","P007","PEC-CRO-065","Croissant maslovy 65 g","jemne_pecivo","maslovy","ks",24,3,"LOT-20251117-S004-594","S004","Danube Bakery SK s.r.o. (mock)","99820004","SK","WH01","DC Praha-Jinonice (mock)","C-JEMNE","PRG-C006-PON",168,168,0,2,242,74,19.22,8.89,12,2941.91,3294.94,2046.43,895.48,14,"uhrazeno","dodano",false,"","pondeli",false,true,1.9,0,-1,""
"TX-2025-000872","FV-2025-000872","ORD-2025-000872","2025-11-15T10:31:00","2025-11-17T04:54:00","2025-11-17","C007","MAKRO Mock Cash & Carry CR s.r.o.","velkoobchod","99910007","CZ99910007","Praha","Hlavni mesto Praha","25242",49.9971,14.4291,"EDI","gold","P004","PEC-CHL-500","Chleb konzumentni 500 g","chleb","psenicno-zitny","ks",12,4,"LOT-20251117-S003-371","S003","Slezska pekarna s.r.o. (mock)","99820003","CZ","WH01","DC Praha-Jinonice (mock)","A-CHLEB","PRG-C007-PON",192,192,0,0,345,153,33.12,6.4,12,5952.06,6666.31,3869.51,2082.55,21,"uhrazeno","dodano",false,"","pondeli",false,true,8.9,1.4,5,"kontrola mnozstvi pri prevzeti"
"TX-2025-000873","FV-2025-000873","ORD-2025-000873","2025-11-15T08:22:00","2025-11-18T10:23:00","2025-11-18","C002","ALBERT Mock Retail s.r.o.","retail_retezec","99910002","CZ99910002","Praha","Hlavni mesto Praha","10000",50.0724,14.4907,"EDI","platinum","P002","PEC-ROH-055-CZ","Rohlik celozrnny 55 g","bezne_pecivo","celozrnny","ks",40,2,"LOT-20251118-S002-875","S002","Moravske pecivo a.s. (mock)","99820002","CZ","WH01","DC Praha-Jinonice (mock)","B-BEZNE","PRG-C002-UTE",1400,1400,0,0,2212,812,6.71,8.3,12,8614.3,9648.02,5293.76,3320.54,30,"uhrazeno","dodano",false,"","utery",false,false,0.5,2.9,-8,"vratne prepravky"
"TX-2025-000874","FV-2025-000874","ORD-2025-000874","2025-11-16T12:34:00","2025-11-18T04:09:00","2025-11-18","C005","PENNY Mock Market s.r.o.","retail_retezec","99910005","CZ99910005","Radonice","Stredocesky kraj","25073",50.1437,14.6077,"EDI","gold","P006","PEC-BAG-110","Bageta bila 110 g","bezne_pecivo","bila","ks",25,2,"LOT-20251118-S003-316","S003","Slezska pekarna s.r.o. (mock)","99820003","CZ","WH01","DC Praha-Jinonice (mock)","B-BEZNE","PRG-C005-UTE",550,550,0,0,1403,853,13.04,6.01,12,6740.96,7549.88,4055.51,2685.45,21,"uhrazeno","dodano",false,"","utery",false,false,9.7,0.7,-7,""
"TX-2025-000875","FV-2025-000875","ORD-2025-000875","2025-11-15T08:32:00","2025-11-18T07:10:00","2025-11-18","C009","Skolni jidelna Javor (mock)","verejny_sektor","99910009","CZ99910009","Olomouc","Olomoucky kraj","77900",49.5938,17.2509,"email","standard","P011","PEC-HOU-060","Houska psenicna 60 g","bezne_pecivo","klasicka","ks",40,2,"LOT-20251118-S002-866","S002","Moravske pecivo a.s. (mock)","99820002","CZ","WH02","DC Brno-Slatina (mock)","B-BEZNE","BRN-C009-UTE",200,200,2,1,309,111,5.45,2.22,12,1055.14,1181.76,616.54,438.6,14,"uhrazeno","dodano",false,"","utery",false,false,7.8,0.4,-15,""
"TX-2025-000876","FV-2025-000876","ORD-2025-000876","2025-11-16T11:23:00","2025-11-19T07:25:00","2025-11-19","C001","LIDL Mock CR s.r.o.","retail_retezec","99910001","CZ99910001","Praha","Hlavni mesto Praha","15800",50.0525,14.3254,"EDI","platinum","P006","PEC-BAG-110","Bageta bila 110 g","bezne_pecivo","bila","ks",25,2,"LOT-20251119-S003-475","S003","Slezska pekarna s.r.o. (mock)","99820003","CZ","WH01","DC Praha-Jinonice (mock)","B-BEZNE","PRG-C001-STR",1175,1175,13,12,1741,579,13.37,24.08,12,11794.89,13210.28,8775.12,3019.77,30,"uhrazeno","dodano",true,"Akce pecivo -15 %","streda",false,false,5.1,1.2,-13,""
"TX-2025-000877","FV-2025-000877","ORD-2025-000877","2025-11-16T15:22:00","2025-11-19T07:16:00","2025-11-19","C004","TESCO Mock Stores CR a.s.","retail_retezec","99910004","CZ99910004","Ostrava","Moravskoslezsky kraj","70030",49.7854,18.2741,"EDI","gold","P001","PEC-ROH-043","Rohlik tukovy 43 g","bezne_pecivo","klasicky","ks",50,1,"LOT-20251119-S002-755","S002","Moravske pecivo a.s. (mock)","99820002","CZ","WH03","DC Ostrava-Hrabova (mock)","B-BEZNE","OVA-C004-STR",1550,1550,0,36,2845,1295,3.33,6.51,12,4825.49,5404.55,3041.93,1783.56,30,"uhrazeno","dodano",false,"","streda",false,false,8.5,0.4,-9,""
"TX-2025-000878","FV-2025-000878","ORD-2025-000878","2025-11-18T17:27:00","2025-11-19T09:35:00","2025-11-19","C006","Rohlik.cz Mock a.s.","ecommerce","99910006","CZ99910006","Praha","Hlavni mesto Praha","18600",50.1008,14.4749,"API_B2B","platinum","P002","PEC-ROH-055-CZ","Rohlik celozrnny 55 g","bezne_pecivo","celozrnny","ks",40,2,"LOT-20251119-S001-116","S001","Pekarna Slunce s.r.o. (mock)","99820001","CZ","WH01","DC Praha-Jinonice (mock)","B-BEZNE","PRG-C006-STR",400,400,1,3,668,269,6.55,23.89,12,1989.1,2227.79,1499.88,489.22,14,"uhrazeno","dodano",true,"Akce pecivo -15 %","streda",false,false,9.7,0,9,"prioritni vykladka"
"TX-2025-000879","FV-2025-000879","ORD-2025-000879","2025-11-16T09:56:00","2025-11-19T10:31:00","2025-11-19","C011","Fakultni nemocnice Demo (mock)","verejny_sektor","99910011","CZ99910011","Hradec Kralove","Kralovehradecky kraj","50005",50.1956,15.8328,"email","silver","P005","PEC-CHL-750-ZIT","Chleb zitny kvaskovy 750 g","chleb","kvaskovy","ks",10,5,"LOT-20251119-S004-201","S004","Danube Bakery SK s.r.o. (mock)","99820004","SK","WH01","DC Praha-Jinonice (mock)","A-CHLEB","PRG-C011-STR",80,80,0,2,117,37,55.57,4.11,12,4262.89,4774.44,2613.7,1649.19,30,"uhrazeno","dodano",false,"","streda",false,false,0,1.2,-2,""
"TX-2025-000880","FV-2025-000880","ORD-2025-000880","2025-11-18T08:30:00","2025-11-20T04:41:00","2025-11-20","C002","ALBERT Mock Retail s.r.o.","retail_retezec","99910002","CZ99910002","Praha","Hlavni mesto Praha","10000",50.0724,14.4907,"EDI","platinum","P007","PEC-CRO-065","Croissant maslovy 65 g","jemne_pecivo","maslovy","ks",24,3,"LOT-20251120-S002-393","S002","Moravske pecivo a.s. (mock)","99820002","CZ","WH01","DC Praha-Jinonice (mock)","C-JEMNE","PRG-C002-CTV",624,560,0,6,800,240,19.18,9.09,12,9764.46,10936.2,6729.9,3034.56,30,"uhrazeno","castecne_dodano",false,"","ctvrtek",false,false,3.6,0,-15,""
"TX-2025-000881","FV-2025-000881","ORD-2025-000881","2025-11-18T14:31:00","2025-11-20T08:27:00","2025-11-20","C003","KAUFLAND Mock CR v.o.s.","retail_retezec","99910003","CZ99910003","Brno","Jihomoravsky kraj","62700",49.1678,16.6827,"EDI","platinum","P009","PEC-VEC-360","Veka tukova 360 g","chleb","klasicka","ks",14,3,"LOT-20251120-S002-746","S002","Moravske pecivo a.s. (mock)","99820002","CZ","WH02","DC Brno-Slatina (mock)","A-CHLEB","BRN-C003-CTV",378,378,0,0,699,321,30.48,9.09,12,10474.14,11731.04,6453.17,4020.97,30,"uhrazeno","dodano",false,"","ctvrtek",false,false,3.5,1,-15,""
"TX-2025-000882","FV-2025-000882","ORD-2025-000882","2025-11-18T08:00:00","2025-11-20T10:40:00","2025-11-20","C008","BILLA Mock, spol. s r.o.","retail_retezec","99910008","CZ99910008","Modletice","Stredocesky kraj","25101",49.9708,14.5852,"EDI","gold","P004","PEC-CHL-500","Chleb konzumentni 500 g","chleb","psenicno-zitny","ks",12,4,"LOT-20251120-S002-205","S002","Moravske pecivo a.s. (mock)","99820002","CZ","WH01","DC Praha-Jinonice (mock)","A-CHLEB","PRG-C008-CTV",204,204,0,0,307,103,33.24,6.33,12,6351.73,7113.94,4085.73,2266,30,"uhrazeno","dodano",false,"","ctvrtek",false,false,1.4,0,-14,"prioritni vykladka"
"TX-2025-000883","FV-2025-000883","ORD-2025-000883","2025-11-19T10:01:00","2025-11-21T08:14:00","2025-11-21","C001","LIDL Mock CR s.r.o.","retail_retezec","99910001","CZ99910001","Praha","Hlavni mesto Praha","15800",50.0525,14.3254,"EDI","platinum","P001","PEC-ROH-043","Rohlik tukovy 43 g","bezne_pecivo","klasicky","ks",50,1,"LOT-20251121-S001-908","S001","Pekarna Slunce s.r.o. (mock)","99820001","CZ","WH01","DC Praha-Jinonice (mock)","B-BEZNE","PRG-C001-PAT",2950,2148,0,0,6116,3968,3.34,8.39,12,6572.39,7361.08,4051.71,2520.68,30,"uhrazeno","castecne_dodano",false,"","patek",false,false,9.6,3,8,"kontrola mnozstvi pri prevzeti"
"TX-2025-000884","FV-2025-000884","ORD-2025-000884","2025-11-18T10:10:00","2025-11-21T08:13:00","2025-11-21","C006","Rohlik.cz Mock a.s.","ecommerce","99910006","CZ99910006","Praha","Hlavni mesto Praha","18600",50.1008,14.4749,"API_B2B","platinum","P012","PEC-DAL-070","Dalamanek grahamovy 70 g","bezne_pecivo","grahamovy","ks",32,2,"LOT-20251121-S002-211","S002","Moravske pecivo a.s. (mock)","99820002","CZ","WH01","DC Praha-Jinonice (mock)","B-BEZNE","PRG-C006-PAT",288,288,0,0,395,107,10.02,8.28,12,2646.82,2964.44,1609,1037.82,14,"uhrazeno","dodano",false,"","patek",false,false,0.9,6.7,-14,"kontrola mnozstvi pri prevzeti"
"TX-2025-000885","FV-2025-000885","ORD-2025-000885","2025-11-18T14:56:00","2025-11-21T05:57:00","2025-11-21","C010","Kavarny KafeKruh s.r.o. (mock)","horeca","99910010","CZ99910010","Plzen","Plzensky kraj","30100",49.7384,13.3736,"B2B_eshop","silver","P003","PEC-KAI-060","Kaiserka sezamova 60 g","bezne_pecivo","sezam","ks",35,2,"LOT-20251121-S003-714","S003","Slezska pekarna s.r.o. (mock)","99820003","CZ","WH01","DC Praha-Jinonice (mock)","B-BEZNE","PRG-C010-PAT",140,140,0,3,275,135,8.16,3.12,12,1106.76,1239.57,636.59,470.17,14,"uhrazeno","dodano",false,"","patek",false,false,3.9,0,-13,""
"TX-2025-000886","FV-2025-000886","ORD-2025-000886","2025-11-20T08:24:00","2025-11-22T08:58:00","2025-11-22","C001","LIDL Mock CR s.r.o.","retail_retezec","99910001","CZ99910001","Praha","Hlavni mesto Praha","15800",50.0525,14.3254,"EDI","platinum","P003","PEC-KAI-060","Kaiserka sezamova 60 g","bezne_pecivo","sezam","ks",35,2,"LOT-20251122-S003-973","S003","Slezska pekarna s.r.o. (mock)","99820003","CZ","WH01","DC Praha-Jinonice (mock)","B-BEZNE","PRG-C001-SOB",1470,1470,0,0,2858,1388,8.21,8.03,12,11099.58,12431.53,7051.05,4048.53,30,"uhrazeno","dodano",false,"","sobota",true,false,1.9,0,-14,""
"TX-2025-000887","FV-2025-000887","ORD-2025-000887","2025-11-20T13:07:00","2025-11-22T04:18:00","2025-11-22","C004","TESCO Mock Stores CR a.s.","retail_retezec","99910004","CZ99910004","Ostrava","Moravskoslezsky kraj","70030",49.7854,18.2741,"EDI","gold","P006","PEC-BAG-110","Bageta bila 110 g","bezne_pecivo","bila","ks",25,2,"LOT-20251122-S003-887","S003","Slezska pekarna s.r.o. (mock)","99820003","CZ","WH03","DC Ostrava-Hrabova (mock)","B-BEZNE","OVA-C004-SOB",625,625,0,0,1290,665,13.36,6.66,12,7793.89,8729.16,4640.25,3153.64,30,"uhrazeno","dodano",false,"","sobota",true,false,-0.8,7.1,-15,""
"TX-2025-000888","FV-2025-000888","ORD-2025-000888","2025-11-20T16:57:00","2025-11-22T09:42:00","2025-11-22","C012","Restaurace U Tri pecnu s.r.o. (mock)","horeca","99910012","CZ99910012","Ceske Budejovice","Jihocesky kraj","37001",48.9745,14.4743,"obchodni_zastupce","standard","P011","PEC-HOU-060","Houska psenicna 60 g","bezne_pecivo","klasicka","ks",40,2,"LOT-20251122-S001-384","S001","Pekarna Slunce s.r.o. (mock)","99820001","CZ","WH01","DC Praha-Jinonice (mock)","B-BEZNE","PRG-C012-SOB",160,160,0,0,397,237,5.53,1.56,12,871,975.52,482.16,388.84,14,"uhrazeno","dodano",false,"","sobota",true,false,6.8,1.1,9,""
"TX-2025-000889","FV-2025-000889","ORD-2025-000889","2025-11-21T14:30:00","2025-11-24T06:16:00","2025-11-24","C001","LIDL Mock CR s.r.o.","retail_retezec","99910001","CZ99910001","Praha","Hlavni mesto Praha","15800",50.0525,14.3254,"EDI","platinum","P006","PEC-BAG-110","Bageta bila 110 g","bezne_pecivo","bila","ks",25,2,"LOT-20251124-S001-323","S001","Pekarna Slunce s.r.o. (mock)","99820001","CZ","WH01","DC Praha-Jinonice (mock)","B-BEZNE","PRG-C001-PON",950,950,0,11,1610,660,13.31,8.54,12,11564.66,12952.42,6979.71,4584.95,30,"uhrazeno","dodano",false,"","pondeli",false,false,4.5,1.6,-15,""
"TX-2025-000890","FV-2025-000890","ORD-2025-000890","2025-11-21T10:15:00","2025-11-24T06:29:00","2025-11-24","C003","KAUFLAND Mock CR v.o.s.","retail_retezec","99910003","CZ99910003","Brno","Jihomoravsky kraj","62700",49.1678,16.6827,"EDI","platinum","P001","PEC-ROH-043","Rohlik tukovy 43 g","bezne_pecivo","klasicky","ks",50,1,"LOT-20251124-S003-807","S003","Slezska pekarna s.r.o. (mock)","99820003","CZ","WH02","DC Brno-Slatina (mock)","B-BEZNE","BRN-C003-PON",1450,1450,0,0,3784,2334,3.34,8.92,12,4411,4940.32,2753.71,1657.29,30,"uhrazeno","dodano",false,"","pondeli",false,false,7.4,0,-15,""
"TX-2025-000891","FV-2025-000891","ORD-2025-000891","2025-11-22T08:44:00","2025-11-24T06:07:00","2025-11-24","C006","Rohlik.cz Mock a.s.","ecommerce","99910006","CZ99910006","Praha","Hlavni mesto Praha","18600",50.1008,14.4749,"API_B2B","platinum","P011","PEC-HOU-060","Houska psenicna 60 g","bezne_pecivo","klasicka","ks",40,2,"LOT-20251124-S003-607","S003","Slezska pekarna s.r.o. (mock)","99820003","CZ","WH01","DC Praha-Jinonice (mock)","B-BEZNE","PRG-C006-PON",520,520,2,0,704,186,5.58,16.07,12,2425.95,2717.06,1570.15,855.8,14,"uhrazeno","dodano",true,"Vikendova akce","pondeli",false,false,1,0,0,""
"TX-2025-000892","FV-2025-000892","ORD-2025-000892","2025-11-22T11:43:00","2025-11-24T09:58:00","2025-11-24","C007","MAKRO Mock Cash & Carry CR s.r.o.","velkoobchod","99910007","CZ99910007","Praha","Hlavni mesto Praha","25242",49.9971,14.4291,"EDI","gold","P003","PEC-KAI-060","Kaiserka sezamova 60 g","bezne_pecivo","sezam","ks",35,2,"LOT-20251124-S003-733","S003","Slezska pekarna s.r.o. (mock)","99820003","CZ","WH01","DC Praha-Jinonice (mock)","B-BEZNE","PRG-C007-PON",560,560,0,0,1614,1054,8.18,6.13,12,4300,4816,2606.01,1693.99,21,"uhrazeno","dodano",false,"","pondeli",false,false,3.8,4.4,-11,""
"TX-2025-000893","FV-2025-000893","ORD-2025-000893","2025-11-23T16:29:00","2025-11-25T09:59:00","2025-11-25","C002","ALBERT Mock Retail s.r.o.","retail_retezec","99910002","CZ99910002","Praha","Hlavni mesto Praha","10000",50.0724,14.4907,"EDI","platinum","P004","PEC-CHL-500","Chleb konzumentni 500 g","chleb","psenicno-zitny","ks",12,4,"LOT-20251125-S002-767","S002","Moravske pecivo a.s. (mock)","99820002","CZ","WH01","DC Praha-Jinonice (mock)","A-CHLEB","PRG-C002-UTE",348,348,8,4,831,491,32.72,8.52,12,10176.97,11398.21,6955.43,3221.54,30,"uhrazeno","dodano",false,"","utery",false,false,9.9,0,-13,""
"TX-2025-000894","FV-2025-000894","ORD-2025-000894","2025-11-23T15:46:00","2025-11-25T04:41:00","2025-11-25","C005","PENNY Mock Market s.r.o.","retail_retezec","99910005","CZ99910005","Radonice","Stredocesky kraj","25073",50.1437,14.6077,"EDI","gold","P004","PEC-CHL-500","Chleb konzumentni 500 g","chleb","psenicno-zitny","ks",12,4,"LOT-20251125-S002-656","S002","Moravske pecivo a.s. (mock)","99820002","CZ","WH01","DC Praha-Jinonice (mock)","A-CHLEB","PRG-C005-UTE",360,360,7,0,713,360,32.68,5.64,12,10885.41,12191.66,6836.22,4049.19,21,"uhrazeno","dodano",false,"","utery",false,false,4.2,0,-15,""
"TX-2025-000895","FV-2025-000895","ORD-2025-000895","2025-11-24T08:47:00","2025-11-25T06:49:00","2025-11-25","C009","Skolni jidelna Javor (mock)","verejny_sektor","99910009","CZ99910009","Olomouc","Olomoucky kraj","77900",49.5938,17.2509,"email","standard","P012","PEC-DAL-070","Dalamanek grahamovy 70 g","bezne_pecivo","grahamovy","ks",32,2,"LOT-20251125-S002-851","S002","Moravske pecivo a.s. (mock)","99820002","CZ","WH02","DC Brno-Slatina (mock)","B-BEZNE","BRN-C009-UTE",160,160,0,1,372,212,9.96,2.51,12,1553.6,1740.03,883.16,670.44,14,"uhrazeno","dodano",false,"","utery",false,false,1,0,11,""
"TX-2025-000896","FV-2025-000896","ORD-2025-000896","2025-11-23T08:05:00","2025-11-26T07:00:00","2025-11-26","C001","LIDL Mock CR s.r.o.","retail_retezec","99910001","CZ99910001","Praha","Hlavni mesto Praha","15800",50.0525,14.3254,"EDI","platinum","P003","PEC-KAI-060","Kaiserka sezamova 60 g","bezne_pecivo","sezam","ks",35,2,"LOT-20251126-S001-499","S001","Pekarna Slunce s.r.o. (mock)","99820001","CZ","WH01","DC Praha-Jinonice (mock)","B-BEZNE","PRG-C001-STR",2135,2135,13,34,3853,1731,8.11,23.19,12,13218.56,14804.79,9899.97,3318.59,30,"uhrazeno","dodano",true,"Akce pecivo -15 %","streda",false,false,0.6,0,-12,""
"TX-2025-000897","FV-2025-000897","ORD-2025-000897","2025-11-23T14:03:00","2025-11-26T08:48:00","2025-11-26","C004","TESCO Mock Stores CR a.s.","retail_retezec","99910004","CZ99910004","Ostrava","Moravskoslezsky kraj","70030",49.7854,18.2741,"EDI","gold","P004","PEC-CHL-500","Chleb konzumentni 500 g","chleb","psenicno-zitny","ks",12,4,"LOT-20251126-S002-637","S002","Moravske pecivo a.s. (mock)","99820002","CZ","WH03","DC Ostrava-Hrabova (mock)","A-CHLEB","OVA-C004-STR",408,408,0,0,599,191,32.14,5.94,12,12334.2,13814.3,8081.67,4252.53,30,"uhrazeno","dodano",false,"","streda",false,false,7.7,0,-15,""
"TX-2025-000898","FV-2025-000898","ORD-2025-000898","2025-11-23T13:21:00","2025-11-26T04:37:00","2025-11-26","C006","Rohlik.cz Mock a.s.","ecommerce","99910006","CZ99910006","Praha","Hlavni mesto Praha","18600",50.1008,14.4749,"API_B2B","platinum","P009","PEC-VEC-360","Veka tukova 360 g","chleb","klasicka","ks",14,3,"LOT-20251126-S002-947","S002","Moravske pecivo a.s. (mock)","99820002","CZ","WH01","DC Praha-Jinonice (mock)","A-CHLEB","PRG-C006-STR",112,112,0,2,181,69,30.41,8.62,12,3112.33,3485.81,1902.05,1210.28,14,"uhrazeno","dodano",false,"","streda",false,false,8.9,0,-4,"prioritni vykladka"
"TX-2025-000899","FV-2025-000899","ORD-2025-000899","2025-11-25T15:16:00","2025-11-26T07:21:00","2025-11-26","C011","Fakultni nemocnice Demo (mock)","verejny_sektor","99910011","CZ99910011","Hradec Kralove","Kralovehradecky kraj","50005",50.1956,15.8328,"email","silver","P005","PEC-CHL-750-ZIT","Chleb zitny kvaskovy 750 g","chleb","kvaskovy","ks",10,5,"LOT-20251126-S004-190","S004","Danube Bakery SK s.r.o. (mock)","99820004","SK","WH01","DC Praha-Jinonice (mock)","A-CHLEB","PRG-C011-STR",50,50,0,0,128,78,56.63,3.88,12,2721.64,3048.24,1664.5,1057.14,30,"uhrazeno","dodano",false,"","streda",false,false,0.6,0,-5,""
"TX-2025-000900","FV-2025-000900","ORD-2025-000900","2025-11-24T16:45:00","2025-11-27T10:26:00","2025-11-27","C002","ALBERT Mock Retail s.r.o.","retail_retezec","99910002","CZ99910002","Praha","Hlavni mesto Praha","10000",50.0724,14.4907,"EDI","platinum","P001","PEC-ROH-043","Rohlik tukovy 43 g","bezne_pecivo","klasicky","ks",50,1,"LOT-20251127-S002-287","S002","Moravske pecivo a.s. (mock)","99820002","CZ","WH01","DC Praha-Jinonice (mock)","B-BEZNE","PRG-C002-CTV",1500,1500,0,2,3218,1718,3.3,8.13,12,4547.56,5093.27,2947.66,1599.9,30,"uhrazeno","dodano",false,"","ctvrtek",false,false,7,0,-9,""
"TX-2025-000901","FV-2025-000901","ORD-2025-000901","2025-11-25T10:32:00","2025-11-27T06:36:00","2025-11-27","C003","KAUFLAND Mock CR v.o.s.","retail_retezec","99910003","CZ99910003","Brno","Jihomoravsky kraj","62700",49.1678,16.6827,"EDI","platinum","P001","PEC-ROH-043","Rohlik tukovy 43 g","bezne_pecivo","klasicky","ks",50,1,"LOT-20251127-S003-488","S003","Slezska pekarna s.r.o. (mock)","99820003","CZ","WH02","DC Brno-Slatina (mock)","B-BEZNE","BRN-C003-CTV",2000,2000,18,47,3855,1873,3.3,23.46,12,5006.18,5606.92,3874.22,1131.96,30,"uhrazeno","dodano",true,"Akce pecivo -15 %","ctvrtek",false,false,1.2,4.7,-11,""
"TX-2025-000902","FV-2025-000902","ORD-2025-000902","2025-11-25T15:03:00","2025-11-27T06:11:00","2025-11-27","C008","BILLA Mock, spol. s r.o.","retail_retezec","99910008","CZ99910008","Modletice","Stredocesky kraj","25101",49.9708,14.5852,"EDI","gold","P008","PEC-KOB-060","Kobliha s marmeladou 60 g","jemne_pecivo","merunkova","ks",30,2,"LOT-20251127-S001-928","S001","Pekarna Slunce s.r.o. (mock)","99820001","CZ","WH01","DC Praha-Jinonice (mock)","C-JEMNE","PRG-C008-CTV",540,540,4,10,1070,534,15.58,14.11,12,7172.57,8033.28,4963.78,2208.79,30,"uhrazeno","dodano",true,"Vikendova akce","ctvrtek",false,false,3.3,0,2,""
"TX-2025-000903","FV-2025-000903","ORD-2025-000903","2025-11-26T09:32:00","2025-11-28T10:16:00","2025-11-28","C001","LIDL Mock CR s.r.o.","retail_retezec","99910001","CZ99910001","Praha","Hlavni mesto Praha","15800",50.0525,14.3254,"EDI","platinum","P007","PEC-CRO-065","Croissant maslovy 65 g","jemne_pecivo","maslovy","ks",24,3,"LOT-20251128-S002-616","S002","Moravske pecivo a.s. (mock)","99820002","CZ","WH01","DC Praha-Jinonice (mock)","C-JEMNE","PRG-C001-PAT",1008,1008,0,0,2062,1054,19.28,8.28,12,17825.08,19964.09,12128.69,5696.39,30,"uhrazeno","dodano",false,"","patek",false,false,1.4,0,-15,""
"TX-2025-000904","FV-2025-000904","ORD-2025-000904","2025-11-26T11:48:00","2025-11-28T05:51:00","2025-11-28","C005","PENNY Mock Market s.r.o.","retail_retezec","99910005","CZ99910005","Radonice","Stredocesky kraj","25073",50.1437,14.6077,"EDI","gold","P001","PEC-ROH-043","Rohlik tukovy 43 g","bezne_pecivo","klasicky","ks",50,1,"LOT-20251128-S002-321","S002","Moravske pecivo a.s. (mock)","99820002","CZ","WH01","DC Praha-Jinonice (mock)","B-BEZNE","PRG-C005-PAT",2000,1759,29,32,3706,1976,3.31,13.72,12,4940.65,5533.53,3383.11,1557.54,21,"uhrazeno","castecne_dodano",true,"Vikendova akce","patek",false,false,1.7,1.7,0,"prioritni vykladka"
"TX-2025-000905","FV-2025-000905","ORD-2025-000905","2025-11-25T16:20:00","2025-11-28T04:22:00","2025-11-28","C010","Kavarny KafeKruh s.r.o. (mock)","horeca","99910010","CZ99910010","Plzen","Plzensky kraj","30100",49.7384,13.3736,"B2B_eshop","silver","P005","PEC-CHL-750-ZIT","Chleb zitny kvaskovy 750 g","chleb","kvaskovy","ks",10,5,"LOT-20251128-S004-112","S004","Danube Bakery SK s.r.o. (mock)","99820004","SK","WH01","DC Praha-Jinonice (mock)","A-CHLEB","PRG-C010-PAT",30,30,0,0,69,39,55.78,3.58,12,1613.49,1807.11,1011.66,601.83,14,"uhrazeno","dodano",false,"","patek",false,false,7.9,0,-8,"vratne prepravky"
"TX-2025-000906","FV-2025-000906","ORD-2025-000906","2025-11-27T17:16:00","2025-11-29T04:27:00","2025-11-29","C001","LIDL Mock CR s.r.o.","retail_retezec","99910001","CZ99910001","Praha","Hlavni mesto Praha","15800",50.0525,14.3254,"EDI","platinum","P003","PEC-KAI-060","Kaiserka sezamova 60 g","bezne_pecivo","sezam","ks",35,2,"LOT-20251129-S003-324","S003","Slezska pekarna s.r.o. (mock)","99820003","CZ","WH01","DC Praha-Jinonice (mock)","B-BEZNE","PRG-C001-SOB",1365,0,0,0,1044,1044,8.16,8.29,12,0,0,0,0,30,"stornovano","zruseno",false,"","sobota",true,false,7.6,0,0,""
"TX-2025-000907","FV-2025-000907","ORD-2025-000907","2025-11-26T12:51:00","2025-11-29T08:27:00","2025-11-29","C004","TESCO Mock Stores CR a.s.","retail_retezec","99910004","CZ99910004","Ostrava","Moravskoslezsky kraj","70030",49.7854,18.2741,"EDI","gold","P004","PEC-CHL-500","Chleb konzumentni 500 g","chleb","psenicno-zitny","ks",12,4,"LOT-20251129-S001-145","S001","Pekarna Slunce s.r.o. (mock)","99820001","CZ","WH03","DC Ostrava-Hrabova (mock)","A-CHLEB","OVA-C004-SOB",336,336,0,0,466,130,32.57,6.28,12,10256.27,11487.02,6630.58,3625.69,30,"uhrazeno","dodano",false,"","sobota",true,false,-0.6,0,-1,""
"TX-2025-000908","FV-2025-000908","ORD-2025-000908","2025-11-27T11:28:00","2025-11-29T09:20:00","2025-11-29","C012","Restaurace U Tri pecnu s.r.o. (mock)","horeca","99910012","CZ99910012","Ceske Budejovice","Jihocesky kraj","37001",48.9745,14.4743,"obchodni_zastupce","standard","P006","PEC-BAG-110","Bageta bila 110 g","bezne_pecivo","bila","ks",25,2,"LOT-20251129-S001-765","S001","Pekarna Slunce s.r.o. (mock)","99820001","CZ","WH01","DC Praha-Jinonice (mock)","B-BEZNE","PRG-C012-SOB",100,100,2,0,175,77,13.36,2.66,12,1274.45,1427.38,726.09,548.36,14,"uhrazeno","dodano",false,"","sobota",true,false,0.8,2.8,13,""
"TX-2025-000909","FV-2025-000909","ORD-2025-000909","2025-11-29T11:28:00","2025-12-01T04:16:00","2025-12-01","C001","LIDL Mock CR s.r.o.","retail_retezec","99910001","CZ99910001","Praha","Hlavni mesto Praha","15800",50.0525,14.3254,"EDI","platinum","P007","PEC-CRO-065","Croissant maslovy 65 g","jemne_pecivo","maslovy","ks",24,3,"LOT-20251201-S002-422","S002","Moravske pecivo a.s. (mock)","99820002","CZ","WH01","DC Praha-Jinonice (mock)","C-JEMNE","PRG-C001-PON",912,912,0,0,1441,529,19.7,8.22,12,16489.56,18468.31,11366.78,5122.78,30,"uhrazeno","dodano",false,"","pondeli",false,false,2.1,0,14,""
"TX-2025-000910","FV-2025-000910","ORD-2025-000910","2025-11-29T15:18:00","2025-12-01T10:23:00","2025-12-01","C006","Rohlik.cz Mock a.s.","ecommerce","99910006","CZ99910006","Praha","Hlavni mesto Praha","18600",50.1008,14.4749,"API_B2B","platinum","P010","PEC-SNE-090","Snek skorice 90 g","jemne_pecivo","skoricovy","ks",20,3,"LOT-20251201-S002-679","S002","Moravske pecivo a.s. (mock)","99820002","CZ","WH01","DC Praha-Jinonice (mock)","C-JEMNE","PRG-C006-PON",180,180,0,0,325,145,23.19,8.95,12,3800.61,4256.68,2511.94,1288.67,14,"uhrazeno","dodano",false,"","pondeli",false,false,-3.3,0,-4,""
"TX-2025-000911","FV-2025-000911","ORD-2025-000911","2025-11-28T09:06:00","2025-12-01T10:37:00","2025-12-01","C007","MAKRO Mock Cash & Carry CR s.r.o.","velkoobchod","99910007","CZ99910007","Praha","Hlavni mesto Praha","25242",49.9971,14.4291,"EDI","gold","P006","PEC-BAG-110","Bageta bila 110 g","bezne_pecivo","bila","ks",25,2,"LOT-20251201-S001-684","S001","Pekarna Slunce s.r.o. (mock)","99820001","CZ","WH01","DC Praha-Jinonice (mock)","B-BEZNE","PRG-C007-PON",375,375,0,4,1057,682,13.15,6.13,12,4628.96,5184.44,2729.61,1899.35,21,"uhrazeno","dodano",false,"","pondeli",false,false,-4.7,8.8,14,""
"TX-2025-000912","FV-2025-000912","ORD-2025-000912","2025-11-30T09:47:00","2025-12-02T04:58:00","2025-12-02","C002","ALBERT Mock Retail s.r.o.","retail_retezec","99910002","CZ99910002","Praha","Hlavni mesto Praha","10000",50.0724,14.4907,"EDI","platinum","P001","PEC-ROH-043","Rohlik tukovy 43 g","bezne_pecivo","klasicky","ks",50,1,"LOT-20251202-S002-594","S002","Moravske pecivo a.s. (mock)","99820002","CZ","WH01","DC Praha-Jinonice (mock)","B-BEZNE","PRG-C002-UTE",1700,1700,0,0,3139,1439,3.25,8.1,12,5077.48,5686.78,3290.66,1786.82,30,"uhrazeno","dodano",false,"","utery",false,false,2.5,0,-15,""
"TX-2025-000913","FV-2025-000913","ORD-2025-000913","2025-11-30T12:56:00","2025-12-02T04:00:00","2025-12-02","C005","PENNY Mock Market s.r.o.","retail_retezec","99910005","CZ99910005","Radonice","Stredocesky kraj","25073",50.1437,14.6077,"EDI","gold","P001","PEC-ROH-043","Rohlik tukovy 43 g","bezne_pecivo","klasicky","ks",50,1,"LOT-20251202-S002-483","S002","Moravske pecivo a.s. (mock)","99820002","CZ","WH01","DC Praha-Jinonice (mock)","B-BEZNE","PRG-C005-UTE",1450,1450,0,0,2654,1204,3.22,6.64,12,4358.98,4882.06,2711.25,1647.73,21,"uhrazeno","dodano",false,"","utery",false,false,3.7,4.8,-3,""
"TX-2025-000914","FV-2025-000914","ORD-2025-000914","2025-11-30T13:20:00","2025-12-02T07:43:00","2025-12-02","C009","Skolni jidelna Javor (mock)","verejny_sektor","99910009","CZ99910009","Olomouc","Olomoucky kraj","77900",49.5938,17.2509,"email","standard","P004","PEC-CHL-500","Chleb konzumentni 500 g","chleb","psenicno-zitny","ks",12,4,"LOT-20251202-S003-548","S003","Slezska pekarna s.r.o. (mock)","99820003","CZ","WH02","DC Brno-Slatina (mock)","A-CHLEB","BRN-C009-UTE",84,84,0,0,194,110,32.38,1.93,12,2667.43,2987.52,1703.14,964.29,14,"uhrazeno","dodano",false,"","utery",false,false,0.1,0.7,-14,""
"TX-2025-000915","FV-2025-000915","ORD-2025-000915","2025-11-30T17:40:00","2025-12-03T09:49:00","2025-12-03","C001","LIDL Mock CR s.r.o.","retail_retezec","99910001","CZ99910001","Praha","Hlavni mesto Praha","15800",50.0525,14.3254,"EDI","platinum","P001","PEC-ROH-043","Rohlik tukovy 43 g","bezne_pecivo","klasicky","ks",50,1,"LOT-20251203-S003-202","S003","Slezska pekarna s.r.o. (mock)","99820003","CZ","WH01","DC Praha-Jinonice (mock)","B-BEZNE","PRG-C001-STR",3800,2790,0,0,6703,3913,3.25,20.7,12,7190.53,8053.39,5251.98,1938.55,30,"uhrazeno","castecne_dodano",true,"Vanocni peceni","streda",false,false,1.2,1.9,8,""
"TX-2025-000916","FV-2025-000916","ORD-2025-000916","2025-12-01T14:02:00","2025-12-03T07:55:00","2025-12-03","C004","TESCO Mock Stores CR a.s.","retail_retezec","99910004","CZ99910004","Ostrava","Moravskoslezsky kraj","70030",49.7854,18.2741,"EDI","gold","P011","PEC-HOU-060","Houska psenicna 60 g","bezne_pecivo","klasicka","ks",40,2,"LOT-20251203-S003-835","S003","Slezska pekarna s.r.o. (mock)","99820003","CZ","WH03","DC Ostrava-Hrabova (mock)","B-BEZNE","OVA-C004-STR",1520,1520,0,10,2886,1366,5.61,17.87,12,7003.39,7843.8,4647.94,2355.45,30,"uhrazeno","dodano",true,"Vanocni peceni","streda",false,false,1,3.9,1,""
"TX-2025-000917","FV-2025-000917","ORD-2025-000917","2025-12-01T16:33:00","2025-12-03T06:59:00","2025-12-03","C006","Rohlik.cz Mock a.s.","ecommerce","99910006","CZ99910006","Praha","Hlavni mesto Praha","18600",50.1008,14.4749,"API_B2B","platinum","P005","PEC-CHL-750-ZIT","Chleb zitny kvaskovy 750 g","chleb","kvaskovy","ks",10,5,"LOT-20251203-S002-270","S002","Moravske pecivo a.s. (mock)","99820002","CZ","WH01","DC Praha-Jinonice (mock)","A-CHLEB","PRG-C006-STR",70,70,0,1,129,59,55.3,8.7,12,3534.22,3958.33,2293.49,1240.73,14,"uhrazeno","dodano",false,"","streda",false,false,2.8,0,-12,""
"TX-2025-000918","FV-2025-000918","ORD-2025-000918","2025-11-30T12:38:00","2025-12-03T09:14:00","2025-12-03","C011","Fakultni nemocnice Demo (mock)","verejny_sektor","99910011","CZ99910011","Hradec Kralove","Kralovehradecky kraj","50005",50.1956,15.8328,"email","silver","P001","PEC-ROH-043","Rohlik tukovy 43 g","bezne_pecivo","klasicky","ks",50,1,"LOT-20251203-S001-124","S001","Pekarna Slunce s.r.o. (mock)","99820001","CZ","WH01","DC Praha-Jinonice (mock)","B-BEZNE","PRG-C011-STR",500,500,0,0,785,285,3.23,3.52,12,1558.15,1745.13,960.22,597.93,30,"uhrazeno","dodano",false,"","streda",false,false,5.7,0.1,-15,""
"TX-2025-000919","FV-2025-000919","ORD-2025-000919","2025-12-02T09:56:00","2025-12-04T04:10:00","2025-12-04","C002","ALBERT Mock Retail s.r.o.","retail_retezec","99910002","CZ99910002","Praha","Hlavni mesto Praha","10000",50.0724,14.4907,"EDI","platinum","P002","PEC-ROH-055-CZ","Rohlik celozrnny 55 g","bezne_pecivo","celozrnny","ks",40,2,"LOT-20251204-S002-178","S002","Moravske pecivo a.s. (mock)","99820002","CZ","WH01","DC Praha-Jinonice (mock)","B-BEZNE","PRG-C002-CTV",1440,1440,0,0,2357,917,6.59,8.46,12,8686.78,9729.19,5413.73,3273.05,30,"uhrazeno","dodano",false,"","ctvrtek",false,false,5.6,6.7,3,""
"TX-2025-000920","FV-2025-000920","ORD-2025-000920","2025-12-02T11:39:00","2025-12-04T07:24:00","2025-12-04","C003","KAUFLAND Mock CR v.o.s.","retail_retezec","99910003","CZ99910003","Brno","Jihomoravsky kraj","62700",49.1678,16.6827,"EDI","platinum","P002","PEC-ROH-055-CZ","Rohlik celozrnny 55 g","bezne_pecivo","celozrnny","ks",40,2,"LOT-20251204-S002-984","S002","Moravske pecivo a.s. (mock)","99820002","CZ","WH02","DC Brno-Slatina (mock)","B-BEZNE","BRN-C003-CTV",960,960,16,0,2353,1409,6.65,8.57,12,5739.61,6428.36,3580.29,2159.32,30,"uhrazeno","dodano",false,"","ctvrtek",false,false,-2.8,0,-8,""
"TX-2025-000921","FV-2025-000921","ORD-2025-000921","2025-12-02T12:31:00","2025-12-04T08:56:00","2025-12-04","C008","BILLA Mock, spol. s r.o.","retail_retezec","99910008","CZ99910008","Modletice","Stredocesky kraj","25101",49.9708,14.5852,"EDI","gold","P004","PEC-CHL-500","Chleb konzumentni 500 g","chleb","psenicno-zitny","ks",12,4,"LOT-20251204-S001-868","S001","Pekarna Slunce s.r.o. (mock)","99820001","CZ","WH01","DC Praha-Jinonice (mock)","A-CHLEB","PRG-C008-CTV",300,300,0,8,559,259,32.66,17.51,12,8082.37,9052.25,5853.06,2229.31,30,"uhrazeno","dodano",true,"Vanocni peceni","ctvrtek",false,false,-2.6,3.9,-12,""
"TX-2025-000922","FV-2025-000922","ORD-2025-000922","2025-12-02T10:28:00","2025-12-05T05:48:00","2025-12-05","C001","LIDL Mock CR s.r.o.","retail_retezec","99910001","CZ99910001","Praha","Hlavni mesto Praha","15800",50.0525,14.3254,"EDI","platinum","P001","PEC-ROH-043","Rohlik tukovy 43 g","bezne_pecivo","klasicky","ks",50,1,"LOT-20251205-S002-744","S002","Moravske pecivo a.s. (mock)","99820002","CZ","WH01","DC Praha-Jinonice (mock)","B-BEZNE","PRG-C001-PAT",2550,2550,11,46,4292,1753,3.31,8.83,12,7662.01,8581.45,4960.97,2701.04,30,"uhrazeno","dodano",false,"","patek",false,false,5.1,0,12,""
"TX-2025-000923","FV-2025-000923","ORD-2025-000923","2025-12-02T15:59:00","2025-12-05T06:43:00","2025-12-05","C005","PENNY Mock Market s.r.o.","retail_retezec","99910005","CZ99910005","Radonice","Stredocesky kraj","25073",50.1437,14.6077,"EDI","gold","P001","PEC-ROH-043","Rohlik tukovy 43 g","bezne_pecivo","klasicky","ks",50,1,"LOT-20251205-S001-140","S001","Pekarna Slunce s.r.o. (mock)","99820001","CZ","WH01","DC Praha-Jinonice (mock)","B-BEZNE","PRG-C005-PAT",1950,1950,0,0,2940,990,3.32,17.95,12,5311.92,5949.35,3863.71,1448.21,21,"uhrazeno","dodano",true,"Vanocni peceni","patek",false,false,6.1,0,-15,""
"TX-2025-000924","FV-2025-000924","ORD-2025-000924","2025-12-03T13:11:00","2025-12-05T06:32:00","2025-12-05","C006","Rohlik.cz Mock a.s.","ecommerce","99910006","CZ99910006","Praha","Hlavni mesto Praha","18600",50.1008,14.4749,"API_B2B","platinum","P002","PEC-ROH-055-CZ","Rohlik celozrnny 55 g","bezne_pecivo","celozrnny","ks",40,2,"LOT-20251205-S002-980","S002","Moravske pecivo a.s. (mock)","99820002","CZ","WH01","DC Praha-Jinonice (mock)","B-BEZNE","PRG-C006-PAT",360,360,0,0,835,475,6.74,9.1,12,2205.6,2470.27,1378.83,826.77,14,"uhrazeno","dodano",false,"","patek",false,false,-0.3,3.6,7,""
"TX-2025-000925","FV-2025-000925","ORD-2025-000925","2025-12-02T15:45:00","2025-12-05T06:03:00","2025-12-05","C010","Kavarny KafeKruh s.r.o. (mock)","horeca","99910010","CZ99910010","Plzen","Plzensky kraj","30100",49.7384,13.3736,"B2B_eshop","silver","P005","PEC-CHL-750-ZIT","Chleb zitny kvaskovy 750 g","chleb","kvaskovy","ks",10,5,"LOT-20251205-S002-396","S002","Moravske pecivo a.s. (mock)","99820002","CZ","WH01","DC Praha-Jinonice (mock)","A-CHLEB","PRG-C010-PAT",30,30,1,0,69,40,56.78,3.95,12,1581.58,1771.37,951.38,630.2,14,"uhrazeno","dodano",false,"","patek",false,false,-1.5,0,-1,""
"TX-2025-000926","FV-2025-000926","ORD-2025-000926","2025-12-04T12:06:00","2025-12-06T07:35:00","2025-12-06","C001","LIDL Mock CR s.r.o.","retail_retezec","99910001","CZ99910001","Praha","Hlavni mesto Praha","15800",50.0525,14.3254,"EDI","platinum","P007","PEC-CRO-065","Croissant maslovy 65 g","jemne_pecivo","maslovy","ks",24,3,"LOT-20251206-S002-992","S002","Moravske pecivo a.s. (mock)","99820002","CZ","WH01","DC Praha-Jinonice (mock)","C-JEMNE","PRG-C001-SOB",1056,1056,0,0,2075,1019,19.14,8.47,12,18499.9,20719.89,12986.23,5513.67,30,"uhrazeno","dodano",false,"","sobota",true,false,5.7,0,-2,"prioritni vykladka"
"TX-2025-000927","FV-2025-000927","ORD-2025-000927","2025-12-04T16:54:00","2025-12-06T06:52:00","2025-12-06","C004","TESCO Mock Stores CR a.s.","retail_retezec","99910004","CZ99910004","Ostrava","Moravskoslezsky kraj","70030",49.7854,18.2741,"EDI","gold","P005","PEC-CHL-750-ZIT","Chleb zitny kvaskovy 750 g","chleb","kvaskovy","ks",10,5,"LOT-20251206-S004-684","S004","Danube Bakery SK s.r.o. (mock)","99820004","SK","WH03","DC Ostrava-Hrabova (mock)","A-CHLEB","OVA-C004-SOB",320,320,0,0,620,300,57.21,18.31,12,14955.15,16749.77,10969.9,3985.25,30,"uhrazeno","dodano",true,"Vanocni peceni","sobota",true,false,-3.9,0,-12,"prioritni vykladka"
"TX-2025-000928","FV-2025-000928","ORD-2025-000928","2025-12-04T16:06:00","2025-12-06T09:16:00","2025-12-06","C012","Restaurace U Tri pecnu s.r.o. (mock)","horeca","99910012","CZ99910012","Ceske Budejovice","Jihocesky kraj","37001",48.9745,14.4743,"obchodni_zastupce","standard","P011","PEC-HOU-060","Houska psenicna 60 g","bezne_pecivo","klasicka","ks",40,2,"LOT-20251206-S002-335","S002","Moravske pecivo a.s. (mock)","99820002","CZ","WH01","DC Praha-Jinonice (mock)","B-BEZNE","PRG-C012-SOB",160,160,0,0,255,95,5.45,1.68,12,857.35,960.23,493.81,363.54,14,"uhrazeno","dodano",false,"","sobota",true,false,3.5,0,10,""
"TX-2025-000929","FV-2025-000929","ORD-2025-000929","2025-12-06T14:21:00","2025-12-08T05:55:00","2025-12-08","C001","LIDL Mock CR s.r.o.","retail_retezec","99910001","CZ99910001","Praha","Hlavni mesto Praha","15800",50.0525,14.3254,"EDI","platinum","P007","PEC-CRO-065","Croissant maslovy 65 g","jemne_pecivo","maslovy","ks",24,3,"LOT-20251208-S004-754","S004","Danube Bakery SK s.r.o. (mock)","99820004","SK","WH01","DC Praha-Jinonice (mock)","C-JEMNE","PRG-C001-PON",984,984,0,0,1601,617,18.99,9.02,12,17000.67,19040.75,11436.54,5564.13,30,"uhrazeno","dodano",false,"","pondeli",false,false,4.6,13.3,30,""
"TX-2025-000930","FV-2025-000930","ORD-2025-000930","2025-12-05T08:24:00","2025-12-08T06:47:00","2025-12-08","C003","KAUFLAND Mock CR v.o.s.","retail_retezec","99910003","CZ99910003","Brno","Jihomoravsky kraj","62700",49.1678,16.6827,"EDI","platinum","P001","PEC-ROH-043","Rohlik tukovy 43 g","bezne_pecivo","klasicky","ks",50,1,"LOT-20251208-S003-969","S003","Slezska pekarna s.r.o. (mock)","99820003","CZ","WH02","DC Brno-Slatina (mock)","B-BEZNE","BRN-C003-PON",1550,1550,0,0,2975,1425,3.31,8.47,12,4695.95,5259.46,2954.4,1741.55,30,"uhrazeno","dodano",false,"","pondeli",false,false,-3.4,0,-10,""
"TX-2025-000931","FV-2025-000931","ORD-2025-000931","2025-12-06T09:27:00","2025-12-08T09:54:00","2025-12-08","C006","Rohlik.cz Mock a.s.","ecommerce","99910006","CZ99910006","Praha","Hlavni mesto Praha","18600",50.1008,14.4749,"API_B2B","platinum","P001","PEC-ROH-043","Rohlik tukovy 43 g","bezne_pecivo","klasicky","ks",50,1,"LOT-20251208-S003-874","S003","Slezska pekarna s.r.o. (mock)","99820003","CZ","WH01","DC Praha-Jinonice (mock)","B-BEZNE","PRG-C006-PON",550,550,0,15,832,282,3.23,8.86,12,1619.1,1813.39,1000.38,618.72,14,"uhrazeno","dodano",false,"","pondeli",false,false,3.9,0,6,"kontrola mnozstvi pri prevzeti"
"TX-2025-000932","FV-2025-000932","ORD-2025-000932","2025-12-06T10:56:00","2025-12-08T06:16:00","2025-12-08","C007","MAKRO Mock Cash & Carry CR s.r.o.","velkoobchod","99910007","CZ99910007","Praha","Hlavni mesto Praha","25242",49.9971,14.4291,"EDI","gold","P004","PEC-CHL-500","Chleb konzumentni 500 g","chleb","psenicno-zitny","ks",12,4,"LOT-20251208-S003-807","S003","Slezska pekarna s.r.o. (mock)","99820003","CZ","WH01","DC Praha-Jinonice (mock)","A-CHLEB","PRG-C007-PON",360,0,0,0,319,319,33.05,18.26,12,0,0,0,0,21,"stornovano","zruseno",true,"Vanocni peceni","pondeli",false,false,-3.8,0,0,""
"TX-2025-000933","FV-2025-000933","ORD-2025-000933","2025-12-07T13:05:00","2025-12-09T10:09:00","2025-12-09","C002","ALBERT Mock Retail s.r.o.","retail_retezec","99910002","CZ99910002","Praha","Hlavni mesto Praha","10000",50.0724,14.4907,"EDI","platinum","P008","PEC-KOB-060","Kobliha s marmeladou 60 g","jemne_pecivo","merunkova","ks",30,2,"LOT-20251209-S001-678","S001","Pekarna Slunce s.r.o. (mock)","99820001","CZ","WH01","DC Praha-Jinonice (mock)","C-JEMNE","PRG-C002-UTE",780,780,0,7,1578,798,15.6,8.92,12,11082.61,12412.52,7067.34,4015.27,30,"uhrazeno","dodano",false,"","utery",false,false,-2.1,0,-13,""
"TX-2025-000934","FV-2025-000934","ORD-2025-000934","2025-12-07T08:03:00","2025-12-09T08:06:00","2025-12-09","C005","PENNY Mock Market s.r.o.","retail_retezec","99910005","CZ99910005","Radonice","Stredocesky kraj","25073",50.1437,14.6077,"EDI","gold","P001","PEC-ROH-043","Rohlik tukovy 43 g","bezne_pecivo","klasicky","ks",50,1,"LOT-20251209-S002-630","S002","Moravske pecivo a.s. (mock)","99820002","CZ","WH01","DC Praha-Jinonice (mock)","B-BEZNE","PRG-C005-UTE",1300,1300,0,0,2369,1069,3.25,5.85,12,3977.84,4455.18,2412.6,1565.24,21,"uhrazeno","dodano",false,"","utery",false,false,2.5,0,-4,""
"TX-2025-000935","FV-2025-000935","ORD-2025-000935","2025-12-07T16:42:00","2025-12-09T06:00:00","2025-12-09","C009","Skolni jidelna Javor (mock)","verejny_sektor","99910009","CZ99910009","Olomouc","Olomoucky kraj","77900",49.5938,17.2509,"email","standard","P002","PEC-ROH-055-CZ","Rohlik celozrnny 55 g","bezne_pecivo","celozrnny","ks",40,2,"LOT-20251209-S002-207","S002","Moravske pecivo a.s. (mock)","99820002","CZ","WH02","DC Brno-Slatina (mock)","B-BEZNE","BRN-C009-UTE",200,200,0,4,513,313,6.69,2.68,12,1302.14,1458.4,770.62,531.52,14,"uhrazeno","dodano",false,"","utery",false,false,4.1,0,4,""
"TX-2025-000936","FV-2025-000936","ORD-2025-000936","2025-12-07T09:44:00","2025-12-10T09:15:00","2025-12-10","C001","LIDL Mock CR s.r.o.","retail_retezec","99910001","CZ99910001","Praha","Hlavni mesto Praha","15800",50.0525,14.3254,"EDI","platinum","P008","PEC-KOB-060","Kobliha s marmeladou 60 g","jemne_pecivo","merunkova","ks",30,2,"LOT-20251210-S001-286","S001","Pekarna Slunce s.r.o. (mock)","99820001","CZ","WH01","DC Praha-Jinonice (mock)","C-JEMNE","PRG-C001-STR",780,780,5,4,1418,643,16.19,8.18,12,11520.88,12903.39,7150.87,4370.01,30,"uhrazeno","dodano",false,"","streda",false,false,-1.9,0,-10,""
"TX-2025-000937","FV-2025-000937","ORD-2025-000937","2025-12-07T17:41:00","2025-12-10T10:14:00","2025-12-10","C004","TESCO Mock Stores CR a.s.","retail_retezec","99910004","CZ99910004","Ostrava","Moravskoslezsky kraj","70030",49.7854,18.2741,"EDI","gold","P004","PEC-CHL-500","Chleb konzumentni 500 g","chleb","psenicno-zitny","ks",12,4,"LOT-20251210-S001-524","S001","Pekarna Slunce s.r.o. (mock)","99820001","CZ","WH03","DC Ostrava-Hrabova (mock)","A-CHLEB","OVA-C004-STR",264,264,5,0,421,162,32.6,6.53,12,7892.05,8839.1,5164.26,2727.79,30,"uhrazeno","dodano",false,"","streda",false,false,2.9,0,15,"synteticky testovaci zaznam"
"TX-2025-000938","FV-2025-000938","ORD-2025-000938","2025-12-07T08:01:00","2025-12-10T07:48:00","2025-12-10","C006","Rohlik.cz Mock a.s.","ecommerce","99910006","CZ99910006","Praha","Hlavni mesto Praha","18600",50.1008,14.4749,"API_B2B","platinum","P005","PEC-CHL-750-ZIT","Chleb zitny kvaskovy 750 g","chleb","kvaskovy","ks",10,5,"LOT-20251210-S002-334","S002","Moravske pecivo a.s. (mock)","99820002","CZ","WH01","DC Praha-Jinonice (mock)","A-CHLEB","PRG-C006-STR",70,70,1,1,169,100,56.44,9.16,12,3537.64,3962.16,2257.44,1280.2,14,"uhrazeno","dodano",false,"","streda",false,false,-4.4,0,9,""
"TX-2025-000939","FV-2025-000939","ORD-2025-000939","2025-12-08T17:48:00","2025-12-10T09:15:00","2025-12-10","C011","Fakultni nemocnice Demo (mock)","verejny_sektor","99910011","CZ99910011","Hradec Kralove","Kralovehradecky kraj","50005",50.1956,15.8328,"email","silver","P009","PEC-VEC-360","Veka tukova 360 g","chleb","klasicka","ks",14,3,"LOT-20251210-S002-730","S002","Moravske pecivo a.s. (mock)","99820002","CZ","WH01","DC Praha-Jinonice (mock)","A-CHLEB","PRG-C011-STR",126,98,0,0,150,52,30.16,15.75,12,2490.16,2788.98,1650.23,839.93,30,"uhrazeno","castecne_dodano",true,"Vanocni peceni","streda",false,false,-4.6,0,7,"synteticky testovaci zaznam"
"TX-2025-000940","FV-2025-000940","ORD-2025-000940","2025-12-08T09:57:00","2025-12-11T07:41:00","2025-12-11","C002","ALBERT Mock Retail s.r.o.","retail_retezec","99910002","CZ99910002","Praha","Hlavni mesto Praha","10000",50.0724,14.4907,"EDI","platinum","P005","PEC-CHL-750-ZIT","Chleb zitny kvaskovy 750 g","chleb","kvaskovy","ks",10,5,"LOT-20251211-S002-360","S002","Moravske pecivo a.s. (mock)","99820002","CZ","WH01","DC Praha-Jinonice (mock)","A-CHLEB","PRG-C002-CTV",290,290,0,0,667,377,56.33,8.11,12,15010.87,16812.17,9715.12,5295.75,30,"uhrazeno","dodano",false,"","ctvrtek",false,false,-0.1,0.7,-15,""
"TX-2025-000941","FV-2025-000941","ORD-2025-000941","2025-12-09T14:03:00","2025-12-11T04:16:00","2025-12-11","C003","KAUFLAND Mock CR v.o.s.","retail_retezec","99910003","CZ99910003","Brno","Jihomoravsky kraj","62700",49.1678,16.6827,"EDI","platinum","P006","PEC-BAG-110","Bageta bila 110 g","bezne_pecivo","bila","ks",25,2,"LOT-20251211-S003-191","S003","Slezska pekarna s.r.o. (mock)","99820003","CZ","WH02","DC Brno-Slatina (mock)","B-BEZNE","BRN-C003-CTV",650,650,0,0,964,314,13.48,8.41,12,8025.12,8988.13,4737.5,3287.62,30,"po_splatnosti","dodano",false,"","ctvrtek",false,false,5.8,0,15,"synteticky testovaci zaznam"
"TX-2025-000942","FV-2025-000942","ORD-2025-000942","2025-12-09T11:31:00","2025-12-11T09:11:00","2025-12-11","C008","BILLA Mock, spol. s r.o.","retail_retezec","99910008","CZ99910008","Modletice","Stredocesky kraj","25101",49.9708,14.5852,"EDI","gold","P002","PEC-ROH-055-CZ","Rohlik celozrnny 55 g","bezne_pecivo","celozrnny","ks",40,2,"LOT-20251211-S001-365","S001","Pekarna Slunce s.r.o. (mock)","99820001","CZ","WH01","DC Praha-Jinonice (mock)","B-BEZNE","PRG-C008-CTV",800,800,8,0,1279,487,6.58,6.62,12,4866.37,5450.33,2917.26,1949.11,30,"uhrazeno","dodano",false,"","ctvrtek",false,false,-2.7,1.1,4,""
"TX-2025-000943","FV-2025-000943","ORD-2025-000943","2025-12-09T08:10:00","2025-12-12T07:05:00","2025-12-12","C001","LIDL Mock CR s.r.o.","retail_retezec","99910001","CZ99910001","Praha","Hlavni mesto Praha","15800",50.0525,14.3254,"EDI","platinum","P001","PEC-ROH-043","Rohlik tukovy 43 g","bezne_pecivo","klasicky","ks",50,1,"LOT-20251212-S002-482","S002","Moravske pecivo a.s. (mock)","99820002","CZ","WH01","DC Praha-Jinonice (mock)","B-BEZNE","PRG-C001-PAT",3100,3100,0,0,5098,1998,3.22,9.19,12,9064.65,10152.41,5932.59,3132.06,30,"ceka_na_splatnost","dodano",false,"","patek",false,false,2.4,3.2,-10,""
"TX-2025-000944","FV-2025-000944","ORD-2025-000944","2025-12-10T16:31:00","2025-12-12T07:33:00","2025-12-12","C005","PENNY Mock Market s.r.o.","retail_retezec","99910005","CZ99910005","Radonice","Stredocesky kraj","25073",50.1437,14.6077,"EDI","gold","P004","PEC-CHL-500","Chleb konzumentni 500 g","chleb","psenicno-zitny","ks",12,4,"LOT-20251212-S003-706","S003","Slezska pekarna s.r.o. (mock)","99820003","CZ","WH01","DC Praha-Jinonice (mock)","A-CHLEB","PRG-C005-PAT",396,396,0,0,707,311,32.24,18.66,12,10384.71,11630.88,7992.5,2392.21,21,"ceka_na_splatnost","dodano",true,"Vanocni peceni","patek",false,false,-2.7,0,-10,""
"TX-2025-000945","FV-2025-000945","ORD-2025-000945","2025-12-10T15:25:00","2025-12-12T10:58:00","2025-12-12","C006","Rohlik.cz Mock a.s.","ecommerce","99910006","CZ99910006","Praha","Hlavni mesto Praha","18600",50.1008,14.4749,"API_B2B","platinum","P001","PEC-ROH-043","Rohlik tukovy 43 g","bezne_pecivo","klasicky","ks",50,1,"LOT-20251212-S002-142","S002","Moravske pecivo a.s. (mock)","99820002","CZ","WH01","DC Praha-Jinonice (mock)","B-BEZNE","PRG-C006-PAT",550,550,0,0,839,289,3.3,9.12,12,1649.47,1847.41,1047.86,601.61,14,"ceka_na_splatnost","dodano",false,"","patek",false,false,-2.3,0,0,""
"TX-2025-000946","FV-2025-000946","ORD-2025-000946","2025-12-09T17:47:00","2025-12-12T06:46:00","2025-12-12","C010","Kavarny KafeKruh s.r.o. (mock)","horeca","99910010","CZ99910010","Plzen","Plzensky kraj","30100",49.7384,13.3736,"B2B_eshop","silver","P010","PEC-SNE-090","Snek skorice 90 g","jemne_pecivo","skoricovy","ks",20,3,"LOT-20251212-S002-674","S002","Moravske pecivo a.s. (mock)","99820002","CZ","WH01","DC Praha-Jinonice (mock)","C-JEMNE","PRG-C010-PAT",80,80,0,0,114,34,23.51,15.7,12,1585.51,1775.77,1129.81,455.7,14,"uhrazeno","dodano",true,"Vanocni peceni","patek",false,false,-1.7,0,-15,""
"TX-2025-000947","FV-2025-000947","ORD-2025-000947","2025-12-11T12:09:00","2025-12-13T04:07:00","2025-12-13","C001","LIDL Mock CR s.r.o.","retail_retezec","99910001","CZ99910001","Praha","Hlavni mesto Praha","15800",50.0525,14.3254,"EDI","platinum","P001","PEC-ROH-043","Rohlik tukovy 43 g","bezne_pecivo","klasicky","ks",50,1,"LOT-20251213-S001-502","S001","Pekarna Slunce s.r.o. (mock)","99820001","CZ","WH01","DC Praha-Jinonice (mock)","B-BEZNE","PRG-C001-SOB",2800,2800,0,29,6153,3353,3.32,9.08,12,8451.92,9466.15,5264.12,3187.8,30,"uhrazeno","dodano",false,"","sobota",true,false,0.5,0,15,""
"TX-2025-000948","FV-2025-000948","ORD-2025-000948","2025-12-10T10:33:00","2025-12-13T09:21:00","2025-12-13","C004","TESCO Mock Stores CR a.s.","retail_retezec","99910004","CZ99910004","Ostrava","Moravskoslezsky kraj","70030",49.7854,18.2741,"EDI","gold","P004","PEC-CHL-500","Chleb konzumentni 500 g","chleb","psenicno-zitny","ks",12,4,"LOT-20251213-S003-850","S003","Slezska pekarna s.r.o. (mock)","99820003","CZ","WH03","DC Ostrava-Hrabova (mock)","A-CHLEB","OVA-C004-SOB",396,396,0,0,551,155,32.78,6.06,12,12194.24,13657.55,7920.81,4273.43,30,"ceka_na_splatnost","dodano",false,"","sobota",true,false,-3.8,4.8,11,"prioritni vykladka"
"TX-2025-000949","FV-2025-000949","ORD-2025-000949","2025-12-12T17:20:00","2025-12-13T05:58:00","2025-12-13","C012","Restaurace U Tri pecnu s.r.o. (mock)","horeca","99910012","CZ99910012","Ceske Budejovice","Jihocesky kraj","37001",48.9745,14.4743,"obchodni_zastupce","standard","P011","PEC-HOU-060","Houska psenicna 60 g","bezne_pecivo","klasicka","ks",40,2,"LOT-20251213-S003-819","S003","Slezska pekarna s.r.o. (mock)","99820003","CZ","WH01","DC Praha-Jinonice (mock)","B-BEZNE","PRG-C012-SOB",160,160,3,1,268,111,5.51,1.78,12,849.67,951.63,494.35,355.32,14,"ceka_na_splatnost","dodano",false,"","sobota",true,false,-2.9,0,12,""
"TX-2025-000950","FV-2025-000950","ORD-2025-000950","2025-12-13T09:14:00","2025-12-15T07:29:00","2025-12-15","C001","LIDL Mock CR s.r.o.","retail_retezec","99910001","CZ99910001","Praha","Hlavni mesto Praha","15800",50.0525,14.3254,"EDI","platinum","P008","PEC-KOB-060","Kobliha s marmeladou 60 g","jemne_pecivo","merunkova","ks",30,2,"LOT-20251215-S001-669","S001","Pekarna Slunce s.r.o. (mock)","99820001","CZ","WH01","DC Praha-Jinonice (mock)","C-JEMNE","PRG-C001-PON",1140,1140,0,29,1748,608,16.06,20.18,12,14613.76,16367.41,10491.18,4122.58,30,"uhrazeno","dodano",true,"Vanocni peceni","pondeli",false,false,5.9,8.9,-15,""
"TX-2025-000951","FV-2025-000951","ORD-2025-000951","2025-12-13T15:25:00","2025-12-15T07:13:00","2025-12-15","C003","KAUFLAND Mock CR v.o.s.","retail_retezec","99910003","CZ99910003","Brno","Jihomoravsky kraj","62700",49.1678,16.6827,"EDI","platinum","P001","PEC-ROH-043","Rohlik tukovy 43 g","bezne_pecivo","klasicky","ks",50,1,"LOT-20251215-S001-445","S001","Pekarna Slunce s.r.o. (mock)","99820001","CZ","WH02","DC Brno-Slatina (mock)","B-BEZNE","BRN-C003-PON",1550,1550,0,15,4242,2692,3.33,8.99,12,4697.48,5261.18,3033.92,1663.56,30,"ceka_na_splatnost","dodano",false,"","pondeli",false,false,-4.7,8.7,5,""
"TX-2025-000952","FV-2025-000952","ORD-2025-000952","2025-12-13T11:41:00","2025-12-15T05:21:00","2025-12-15","C006","Rohlik.cz Mock a.s.","ecommerce","99910006","CZ99910006","Praha","Hlavni mesto Praha","18600",50.1008,14.4749,"API_B2B","platinum","P010","PEC-SNE-090","Snek skorice 90 g","jemne_pecivo","skoricovy","ks",20,3,"LOT-20251215-S002-510","S002","Moravske pecivo a.s. (mock)","99820002","CZ","WH01","DC Praha-Jinonice (mock)","C-JEMNE","PRG-C006-PON",200,200,0,0,284,84,23.86,20.3,12,3803.28,4259.67,2915.45,887.83,14,"ceka_na_splatnost","dodano",true,"Vanocni peceni","pondeli",false,false,-1.2,3.6,11,""
"TX-2025-000953","FV-2025-000953","ORD-2025-000953","2025-12-13T08:44:00","2025-12-15T08:00:00","2025-12-15","C007","MAKRO Mock Cash & Carry CR s.r.o.","velkoobchod","99910007","CZ99910007","Praha","Hlavni mesto Praha","25242",49.9971,14.4291,"EDI","gold","P009","PEC-VEC-360","Veka tukova 360 g","chleb","klasicka","ks",14,3,"LOT-20251215-S002-640","S002","Moravske pecivo a.s. (mock)","99820002","CZ","WH01","DC Praha-Jinonice (mock)","A-CHLEB","PRG-C007-PON",196,196,0,0,497,301,30.23,6.03,12,5567.8,6235.94,3361.91,2205.89,21,"ceka_na_splatnost","dodano",false,"","pondeli",false,false,-2.4,0,3,""
"TX-2025-000954","FV-2025-000954","ORD-2025-000954","2025-12-14T15:39:00","2025-12-16T09:53:00","2025-12-16","C002","ALBERT Mock Retail s.r.o.","retail_retezec","99910002","CZ99910002","Praha","Hlavni mesto Praha","10000",50.0724,14.4907,"EDI","platinum","P004","PEC-CHL-500","Chleb konzumentni 500 g","chleb","psenicno-zitny","ks",12,4,"LOT-20251216-S001-405","S001","Pekarna Slunce s.r.o. (mock)","99820001","CZ","WH01","DC Praha-Jinonice (mock)","A-CHLEB","PRG-C002-UTE",336,336,0,0,962,626,33.2,9.05,12,10145.65,11363.13,6839.45,3306.2,30,"ceka_na_splatnost","dodano",false,"","utery",false,false,-2.4,0,-15,""
"TX-2025-000955","FV-2025-000955","ORD-2025-000955","2025-12-14T08:23:00","2025-12-16T06:47:00","2025-12-16","C009","Skolni jidelna Javor (mock)","verejny_sektor","99910009","CZ99910009","Olomouc","Olomoucky kraj","77900",49.5938,17.2509,"email","standard","P005","PEC-CHL-750-ZIT","Chleb zitny kvaskovy 750 g","chleb","kvaskovy","ks",10,5,"LOT-20251216-S002-256","S002","Moravske pecivo a.s. (mock)","99820002","CZ","WH02","DC Brno-Slatina (mock)","A-CHLEB","BRN-C009-UTE",50,50,0,0,125,75,55.97,1.92,12,2744.77,3074.14,1685.16,1059.61,14,"ceka_na_splatnost","dodano",false,"","utery",false,false,3.6,0,2,""
"TX-2025-000956","FV-2025-000956","ORD-2025-000956","2025-12-14T09:50:00","2025-12-17T09:47:00","2025-12-17","C001","LIDL Mock CR s.r.o.","retail_retezec","99910001","CZ99910001","Praha","Hlavni mesto Praha","15800",50.0525,14.3254,"EDI","platinum","P001","PEC-ROH-043","Rohlik tukovy 43 g","bezne_pecivo","klasicky","ks",50,1,"LOT-20251217-S003-423","S003","Slezska pekarna s.r.o. (mock)","99820003","CZ","WH01","DC Praha-Jinonice (mock)","B-BEZNE","PRG-C001-STR",2050,2050,0,42,4714,2664,3.23,8.9,12,6032.19,6756.05,3873.55,2158.64,30,"ceka_na_splatnost","dodano",false,"","streda",false,false,5.1,0,-12,""
"TX-2025-000957","FV-2025-000957","ORD-2025-000957","2025-12-14T13:34:00","2025-12-17T05:37:00","2025-12-17","C004","TESCO Mock Stores CR a.s.","retail_retezec","99910004","CZ99910004","Ostrava","Moravskoslezsky kraj","70030",49.7854,18.2741,"EDI","gold","P001","PEC-ROH-043","Rohlik tukovy 43 g","bezne_pecivo","klasicky","ks",50,1,"LOT-20251217-S003-906","S003","Slezska pekarna s.r.o. (mock)","99820003","CZ","WH03","DC Ostrava-Hrabova (mock)","B-BEZNE","OVA-C004-STR",1750,1750,0,0,2871,1121,3.29,6.48,12,5384.41,6030.54,3312.93,2071.48,30,"ceka_na_splatnost","dodano",false,"","streda",false,false,2.7,0.2,-2,""
"TX-2025-000958","FV-2025-000958","ORD-2025-000958","2025-12-14T16:56:00","2025-12-17T09:01:00","2025-12-17","C011","Fakultni nemocnice Demo (mock)","verejny_sektor","99910011","CZ99910011","Hradec Kralove","Kralovehradecky kraj","50005",50.1956,15.8328,"email","silver","P012","PEC-DAL-070","Dalamanek grahamovy 70 g","bezne_pecivo","grahamovy","ks",32,2,"LOT-20251217-S002-577","S002","Moravske pecivo a.s. (mock)","99820002","CZ","WH01","DC Praha-Jinonice (mock)","B-BEZNE","PRG-C011-STR",320,320,0,6,473,153,10.09,16,12,2712.19,3037.65,1794.99,917.2,30,"ceka_na_splatnost","dodano",true,"Vanocni peceni","streda",false,false,-2,0,12,""
"TX-2025-000959","FV-2025-000959","ORD-2025-000959","2025-12-16T13:10:00","2025-12-18T05:49:00","2025-12-18","C002","ALBERT Mock Retail s.r.o.","retail_retezec","99910002","CZ99910002","Praha","Hlavni mesto Praha","10000",50.0724,14.4907,"EDI","platinum","P001","PEC-ROH-043","Rohlik tukovy 43 g","bezne_pecivo","klasicky","ks",50,1,"LOT-20251218-S003-578","S003","Slezska pekarna s.r.o. (mock)","99820003","CZ","WH01","DC Praha-Jinonice (mock)","B-BEZNE","PRG-C002-CTV",1550,1550,0,28,2925,1375,3.24,9.09,12,4565.5,5113.36,2945.63,1619.87,30,"ceka_na_splatnost","dodano",false,"","ctvrtek",false,false,1.5,0,10,"kontrola mnozstvi pri prevzeti"
"TX-2025-000960","FV-2025-000960","ORD-2025-000960","2025-12-16T15:02:00","2025-12-18T08:47:00","2025-12-18","C003","KAUFLAND Mock CR v.o.s.","retail_retezec","99910003","CZ99910003","Brno","Jihomoravsky kraj","62700",49.1678,16.6827,"EDI","platinum","P004","PEC-CHL-500","Chleb konzumentni 500 g","chleb","psenicno-zitny","ks",12,4,"LOT-20251218-S003-195","S003","Slezska pekarna s.r.o. (mock)","99820003","CZ","WH02","DC Brno-Slatina (mock)","A-CHLEB","BRN-C003-CTV",360,360,0,0,912,552,32.11,8.02,12,10632.52,11908.42,7015.95,3616.57,30,"ceka_na_splatnost","dodano",false,"","ctvrtek",false,false,4.6,0,13,"synteticky testovaci zaznam"
"TX-2025-000961","FV-2025-000961","ORD-2025-000961","2025-12-15T14:38:00","2025-12-18T04:59:00","2025-12-18","C008","BILLA Mock, spol. s r.o.","retail_retezec","99910008","CZ99910008","Modletice","Stredocesky kraj","25101",49.9708,14.5852,"EDI","gold","P007","PEC-CRO-065","Croissant maslovy 65 g","jemne_pecivo","maslovy","ks",24,3,"LOT-20251218-S004-283","S004","Danube Bakery SK s.r.o. (mock)","99820004","SK","WH01","DC Praha-Jinonice (mock)","C-JEMNE","PRG-C008-CTV",384,384,0,0,741,357,19.61,6.47,12,7043.03,7888.19,4790.04,2252.99,30,"uhrazeno","dodano",false,"","ctvrtek",false,false,-3.9,3.6,2,""
"TX-2025-000962","FV-2025-000962","ORD-2025-000962","2025-12-16T10:35:00","2025-12-19T08:00:00","2025-12-19","C001","LIDL Mock CR s.r.o.","retail_retezec","99910001","CZ99910001","Praha","Hlavni mesto Praha","15800",50.0525,14.3254,"EDI","platinum","P003","PEC-KAI-060","Kaiserka sezamova 60 g","bezne_pecivo","sezam","ks",35,2,"LOT-20251219-S001-932","S001","Pekarna Slunce s.r.o. (mock)","99820001","CZ","WH01","DC Praha-Jinonice (mock)","B-BEZNE","PRG-C001-PAT",1960,1960,19,0,3948,2007,8.08,20.6,12,12452.52,13946.82,9153.92,3298.6,30,"uhrazeno","dodano",true,"Vanocni peceni","patek",false,false,3.7,0,-7,"synteticky testovaci zaznam"
"TX-2025-000963","FV-2025-000963","ORD-2025-000963","2025-12-16T14:05:00","2025-12-19T08:02:00","2025-12-19","C005","PENNY Mock Market s.r.o.","retail_retezec","99910005","CZ99910005","Radonice","Stredocesky kraj","25073",50.1437,14.6077,"EDI","gold","P001","PEC-ROH-043","Rohlik tukovy 43 g","bezne_pecivo","klasicky","ks",50,1,"LOT-20251219-S001-815","S001","Pekarna Slunce s.r.o. (mock)","99820001","CZ","WH01","DC Praha-Jinonice (mock)","B-BEZNE","PRG-C005-PAT",1400,1400,0,9,3018,1618,3.3,6.33,12,4327.55,4846.86,2685.54,1642.01,21,"ceka_na_splatnost","dodano",false,"","patek",false,false,2.9,3.6,-15,""
"TX-2025-000964","FV-2025-000964","ORD-2025-000964","2025-12-16T14:17:00","2025-12-19T07:34:00","2025-12-19","C006","Rohlik.cz Mock a.s.","ecommerce","99910006","CZ99910006","Praha","Hlavni mesto Praha","18600",50.1008,14.4749,"API_B2B","platinum","P012","PEC-DAL-070","Dalamanek grahamovy 70 g","bezne_pecivo","grahamovy","ks",32,2,"LOT-20251219-S002-860","S002","Moravske pecivo a.s. (mock)","99820002","CZ","WH01","DC Praha-Jinonice (mock)","B-BEZNE","PRG-C006-PAT",160,160,0,2,519,359,10.26,8.04,12,1509.62,1690.77,914.56,595.06,14,"ceka_na_splatnost","dodano",false,"","patek",false,false,4.8,0,-4,""
"TX-2025-000965","FV-2025-000965","ORD-2025-000965","2025-12-17T12:18:00","2025-12-19T07:15:00","2025-12-19","C010","Kavarny KafeKruh s.r.o. (mock)","horeca","99910010","CZ99910010","Plzen","Plzensky kraj","30100",49.7384,13.3736,"B2B_eshop","silver","P008","PEC-KOB-060","Kobliha s marmeladou 60 g","jemne_pecivo","merunkova","ks",30,2,"LOT-20251219-S001-690","S001","Pekarna Slunce s.r.o. (mock)","99820001","CZ","WH01","DC Praha-Jinonice (mock)","C-JEMNE","PRG-C010-PAT",90,90,1,0,155,66,15.6,15.13,12,1178.34,1319.74,812.6,365.74,14,"ceka_na_splatnost","dodano",true,"Vanocni peceni","patek",false,false,5.8,1.7,2,""
"TX-2025-000966","FV-2025-000966","ORD-2025-000966","2025-12-18T16:18:00","2025-12-20T10:55:00","2025-12-20","C001","LIDL Mock CR s.r.o.","retail_retezec","99910001","CZ99910001","Praha","Hlavni mesto Praha","15800",50.0525,14.3254,"EDI","platinum","P001","PEC-ROH-043","Rohlik tukovy 43 g","bezne_pecivo","klasicky","ks",50,1,"LOT-20251220-S003-252","S003","Slezska pekarna s.r.o. (mock)","99820003","CZ","WH01","DC Praha-Jinonice (mock)","B-BEZNE","PRG-C001-SOB",2800,2800,15,0,5534,2749,3.24,8.92,12,8218.51,9204.73,5269.05,2949.46,30,"ceka_na_splatnost","dodano",false,"","sobota",true,false,4.2,0,4,""
"TX-2025-000967","FV-2025-000967","ORD-2025-000967","2025-12-18T17:49:00","2025-12-20T04:20:00","2025-12-20","C004","TESCO Mock Stores CR a.s.","retail_retezec","99910004","CZ99910004","Ostrava","Moravskoslezsky kraj","70030",49.7854,18.2741,"EDI","gold","P006","PEC-BAG-110","Bageta bila 110 g","bezne_pecivo","bila","ks",25,2,"LOT-20251220-S001-841","S001","Pekarna Slunce s.r.o. (mock)","99820001","CZ","WH03","DC Ostrava-Hrabova (mock)","B-BEZNE","OVA-C004-SOB",725,725,0,0,1336,611,13.27,6.28,12,9016.57,10098.56,5407.13,3609.44,30,"ceka_na_splatnost","dodano",false,"","sobota",true,false,-1,2.6,-8,""
"TX-2025-000968","FV-2025-000968","ORD-2025-000968","2025-12-17T15:21:00","2025-12-20T07:35:00","2025-12-20","C012","Restaurace U Tri pecnu s.r.o. (mock)","horeca","99910012","CZ99910012","Ceske Budejovice","Jihocesky kraj","37001",48.9745,14.4743,"obchodni_zastupce","standard","P009","PEC-VEC-360","Veka tukova 360 g","chleb","klasicka","ks",14,3,"LOT-20251220-S002-657","S002","Moravske pecivo a.s. (mock)","99820002","CZ","WH01","DC Praha-Jinonice (mock)","A-CHLEB","PRG-C012-SOB",42,42,0,0,65,23,30.33,2.32,12,1244.31,1393.63,724.07,520.24,14,"ceka_na_splatnost","dodano",false,"","sobota",true,false,0.3,28,45,""
"TX-2025-000969","FV-2025-000969","ORD-2025-000969","2025-12-19T15:00:00","2025-12-22T04:01:00","2025-12-22","C001","LIDL Mock CR s.r.o.","retail_retezec","99910001","CZ99910001","Praha","Hlavni mesto Praha","15800",50.0525,14.3254,"EDI","platinum","P001","PEC-ROH-043","Rohlik tukovy 43 g","bezne_pecivo","klasicky","ks",50,1,"LOT-20251222-S002-306","S002","Moravske pecivo a.s. (mock)","99820002","CZ","WH01","DC Praha-Jinonice (mock)","B-BEZNE","PRG-C001-PON",2800,2800,0,68,6502,3702,3.26,8.19,12,8380.42,9386.07,5395.27,2985.15,30,"ceka_na_splatnost","dodano",false,"","pondeli",false,false,-4.3,0,-2,""
"TX-2025-000970","FV-2025-000970","ORD-2025-000970","2025-12-19T12:20:00","2025-12-22T05:52:00","2025-12-22","C003","KAUFLAND Mock CR v.o.s.","retail_retezec","99910003","CZ99910003","Brno","Jihomoravsky kraj","62700",49.1678,16.6827,"EDI","platinum","P001","PEC-ROH-043","Rohlik tukovy 43 g","bezne_pecivo","klasicky","ks",50,1,"LOT-20251222-S002-791","S002","Moravske pecivo a.s. (mock)","99820002","CZ","WH02","DC Brno-Slatina (mock)","B-BEZNE","BRN-C003-PON",1900,1900,20,14,3688,1808,3.25,8.71,12,5577.82,6247.16,3633.52,1944.3,30,"ceka_na_splatnost","dodano",false,"","pondeli",false,false,2.1,0,-4,""
"TX-2025-000971","FV-2025-000971","ORD-2025-000971","2025-12-19T09:08:00","2025-12-22T10:53:00","2025-12-22","C006","Rohlik.cz Mock a.s.","ecommerce","99910006","CZ99910006","Praha","Hlavni mesto Praha","18600",50.1008,14.4749,"API_B2B","platinum","P007","PEC-CRO-065","Croissant maslovy 65 g","jemne_pecivo","maslovy","ks",24,3,"LOT-20251222-S004-292","S004","Danube Bakery SK s.r.o. (mock)","99820004","SK","WH01","DC Praha-Jinonice (mock)","C-JEMNE","PRG-C006-PON",144,144,0,0,367,223,19.35,8.88,12,2538.97,2843.65,1713.32,825.65,14,"ceka_na_splatnost","dodano",false,"","pondeli",false,false,0.2,0,-11,"synteticky testovaci zaznam"
"TX-2025-000972","FV-2025-000972","ORD-2025-000972","2025-12-20T09:09:00","2025-12-22T05:02:00","2025-12-22","C007","MAKRO Mock Cash & Carry CR s.r.o.","velkoobchod","99910007","CZ99910007","Praha","Hlavni mesto Praha","25242",49.9971,14.4291,"EDI","gold","P003","PEC-KAI-060","Kaiserka sezamova 60 g","bezne_pecivo","sezam","ks",35,2,"LOT-20251222-S001-502","S001","Pekarna Slunce s.r.o. (mock)","99820001","CZ","WH01","DC Praha-Jinonice (mock)","B-BEZNE","PRG-C007-PON",560,560,0,11,1579,1019,7.96,6.65,12,4161.17,4660.51,2465.06,1696.11,21,"ceka_na_splatnost","dodano",false,"","pondeli",false,false,-1.3,0,1,""
"TX-2025-000973","FV-2025-000973","ORD-2025-000973","2025-12-21T12:30:00","2025-12-23T04:01:00","2025-12-23","C002","ALBERT Mock Retail s.r.o.","retail_retezec","99910002","CZ99910002","Praha","Hlavni mesto Praha","10000",50.0724,14.4907,"EDI","platinum","P001","PEC-ROH-043","Rohlik tukovy 43 g","bezne_pecivo","klasicky","ks",50,1,"LOT-20251223-S001-907","S001","Pekarna Slunce s.r.o. (mock)","99820001","CZ","WH01","DC Praha-Jinonice (mock)","B-BEZNE","PRG-C002-UTE",2650,2650,47,0,3987,1384,3.28,21.1,12,6736.36,7544.72,5057.95,1678.41,30,"ceka_na_splatnost","dodano",true,"Vanocni peceni","utery",false,false,5,10.7,14,""
"TX-2025-000974","FV-2025-000974","ORD-2025-000974","2025-12-21T16:32:00","2025-12-23T07:44:00","2025-12-23","C005","PENNY Mock Market s.r.o.","retail_retezec","99910005","CZ99910005","Radonice","Stredocesky kraj","25073",50.1437,14.6077,"EDI","gold","P002","PEC-ROH-055-CZ","Rohlik celozrnny 55 g","bezne_pecivo","celozrnny","ks",40,2,"LOT-20251223-S002-754","S002","Moravske pecivo a.s. (mock)","99820002","CZ","WH01","DC Praha-Jinonice (mock)","B-BEZNE","PRG-C005-UTE",760,760,0,14,2192,1432,6.54,5.58,12,4693.05,5256.22,2859.15,1833.9,21,"ceka_na_splatnost","dodano",false,"","utery",false,false,-0.3,3.8,-8,"vratne prepravky"
"TX-2025-000975","FV-2025-000975","ORD-2025-000975","2025-12-21T15:07:00","2025-12-23T07:22:00","2025-12-23","C009","Skolni jidelna Javor (mock)","verejny_sektor","99910009","CZ99910009","Olomouc","Olomoucky kraj","77900",49.5938,17.2509,"email","standard","P002","PEC-ROH-055-CZ","Rohlik celozrnny 55 g","bezne_pecivo","celozrnny","ks",40,2,"LOT-20251223-S002-304","S002","Moravske pecivo a.s. (mock)","99820002","CZ","WH02","DC Brno-Slatina (mock)","B-BEZNE","BRN-C009-UTE",280,280,0,1,573,293,6.78,1.69,12,1866.32,2090.28,1072.67,793.65,14,"uhrazeno","dodano",false,"","utery",false,false,4.2,1.1,-2,""
"TX-2025-000976","FV-2025-000976","ORD-2025-000976","2025-12-22T09:09:00","2025-12-24T08:55:00","2025-12-24","C001","LIDL Mock CR s.r.o.","retail_retezec","99910001","CZ99910001","Praha","Hlavni mesto Praha","15800",50.0525,14.3254,"EDI","platinum","P006","PEC-BAG-110","Bageta bila 110 g","bezne_pecivo","bila","ks",25,2,"LOT-20251224-S003-753","S003","Slezska pekarna s.r.o. (mock)","99820003","CZ","WH01","DC Praha-Jinonice (mock)","B-BEZNE","PRG-C001-STR",1125,1125,2,30,1537,414,13.44,20.42,12,12011.1,13452.43,8370.08,3641.02,30,"ceka_na_splatnost","dodano",true,"Vanocni peceni","streda",false,true,0.4,2.6,-1,"vratne prepravky"
"TX-2025-000977","FV-2025-000977","ORD-2025-000977","2025-12-22T17:53:00","2025-12-24T04:52:00","2025-12-24","C004","TESCO Mock Stores CR a.s.","retail_retezec","99910004","CZ99910004","Ostrava","Moravskoslezsky kraj","70030",49.7854,18.2741,"EDI","gold","P004","PEC-CHL-500","Chleb konzumentni 500 g","chleb","psenicno-zitny","ks",12,4,"LOT-20251224-S001-800","S001","Pekarna Slunce s.r.o. (mock)","99820001","CZ","WH03","DC Ostrava-Hrabova (mock)","A-CHLEB","OVA-C004-STR",408,408,0,0,610,202,33.01,5.73,12,12696.36,14219.92,8125.84,4570.52,30,"ceka_na_splatnost","dodano",false,"","streda",false,true,-4.6,3,-4,"kontrola mnozstvi pri prevzeti"
"TX-2025-000978","FV-2025-000978","ORD-2025-000978","2025-12-23T15:17:00","2025-12-24T05:56:00","2025-12-24","C006","Rohlik.cz Mock a.s.","ecommerce","99910006","CZ99910006","Praha","Hlavni mesto Praha","18600",50.1008,14.4749,"API_B2B","platinum","P001","PEC-ROH-043","Rohlik tukovy 43 g","bezne_pecivo","klasicky","ks",50,1,"LOT-20251224-S003-376","S003","Slezska pekarna s.r.o. (mock)","99820003","CZ","WH01","DC Praha-Jinonice (mock)","B-BEZNE","PRG-C006-STR",500,500,0,13,873,373,3.31,9.16,12,1503.4,1683.81,973.15,530.25,14,"ceka_na_splatnost","dodano",false,"","streda",false,true,4.2,8.2,-8,"prioritni vykladka"
"TX-2025-000979","FV-2025-000979","ORD-2025-000979","2025-12-22T17:52:00","2025-12-24T07:02:00","2025-12-24","C011","Fakultni nemocnice Demo (mock)","verejny_sektor","99910011","CZ99910011","Hradec Kralove","Kralovehradecky kraj","50005",50.1956,15.8328,"email","silver","P004","PEC-CHL-500","Chleb konzumentni 500 g","chleb","psenicno-zitny","ks",12,4,"LOT-20251224-S001-669","S001","Pekarna Slunce s.r.o. (mock)","99820001","CZ","WH01","DC Praha-Jinonice (mock)","A-CHLEB","PRG-C011-STR",36,36,0,0,141,105,32.14,15.19,12,981.29,1099.04,705.81,275.48,30,"ceka_na_splatnost","dodano",true,"Vanocni peceni","streda",false,true,-1.6,0,-9,""
"TX-2025-000980","FV-2025-000980","ORD-2025-000980","2025-12-22T12:58:00","2025-12-25T06:10:00","2025-12-25","C002","ALBERT Mock Retail s.r.o.","retail_retezec","99910002","CZ99910002","Praha","Hlavni mesto Praha","10000",50.0724,14.4907,"EDI","platinum","P011","PEC-HOU-060","Houska psenicna 60 g","bezne_pecivo","klasicka","ks",40,2,"LOT-20251225-S003-346","S003","Slezska pekarna s.r.o. (mock)","99820003","CZ","WH01","DC Praha-Jinonice (mock)","B-BEZNE","PRG-C002-CTV",1760,1760,0,23,2385,625,5.63,8.56,12,9060.61,10147.88,5591.27,3469.34,30,"ceka_na_splatnost","dodano",false,"","ctvrtek",false,true,-3.8,3,-12,""
"TX-2025-000981","FV-2025-000981","ORD-2025-000981","2025-12-23T13:23:00","2025-12-25T04:07:00","2025-12-25","C003","KAUFLAND Mock CR v.o.s.","retail_retezec","99910003","CZ99910003","Brno","Jihomoravsky kraj","62700",49.1678,16.6827,"EDI","platinum","P004","PEC-CHL-500","Chleb konzumentni 500 g","chleb","psenicno-zitny","ks",12,4,"LOT-20251225-S001-936","S001","Pekarna Slunce s.r.o. (mock)","99820001","CZ","WH02","DC Brno-Slatina (mock)","A-CHLEB","BRN-C003-CTV",456,456,4,0,771,319,32.92,21.01,12,11753.59,13164.02,9025.91,2727.68,30,"ceka_na_splatnost","dodano",true,"Vanocni peceni","ctvrtek",false,true,-1.2,0.1,-8,""
"TX-2025-000982","FV-2025-000982","ORD-2025-000982","2025-12-23T11:43:00","2025-12-25T06:31:00","2025-12-25","C008","BILLA Mock, spol. s r.o.","retail_retezec","99910008","CZ99910008","Modletice","Stredocesky kraj","25101",49.9708,14.5852,"EDI","gold","P011","PEC-HOU-060","Houska psenicna 60 g","bezne_pecivo","klasicka","ks",40,2,"LOT-20251225-S001-666","S001","Pekarna Slunce s.r.o. (mock)","99820001","CZ","WH01","DC Praha-Jinonice (mock)","B-BEZNE","PRG-C008-CTV",920,920,0,0,1303,383,5.44,18.15,12,4096.43,4588,2756.17,1340.26,30,"uhrazeno","dodano",true,"Vanocni peceni","ctvrtek",false,true,-2.7,0,-15,""
"TX-2025-000983","FV-2025-000983","ORD-2025-000983","2025-12-24T13:51:00","2025-12-26T05:25:00","2025-12-26","C001","LIDL Mock CR s.r.o.","retail_retezec","99910001","CZ99910001","Praha","Hlavni mesto Praha","15800",50.0525,14.3254,"EDI","platinum","P004","PEC-CHL-500","Chleb konzumentni 500 g","chleb","psenicno-zitny","ks",12,4,"LOT-20251226-S001-881","S001","Pekarna Slunce s.r.o. (mock)","99820001","CZ","WH01","DC Praha-Jinonice (mock)","A-CHLEB","PRG-C001-PAT",828,828,0,0,1505,677,32.98,21.05,12,21559.22,24146.33,17155.63,4403.59,30,"ceka_na_splatnost","dodano",true,"Vanocni peceni","patek",false,true,-2.6,5,11,""
"TX-2025-000984","FV-2025-000984","ORD-2025-000984","2025-12-24T16:13:00","2025-12-26T10:18:00","2025-12-26","C005","PENNY Mock Market s.r.o.","retail_retezec","99910005","CZ99910005","Radonice","Stredocesky kraj","25073",50.1437,14.6077,"EDI","gold","P004","PEC-CHL-500","Chleb konzumentni 500 g","chleb","psenicno-zitny","ks",12,4,"LOT-20251226-S001-355","S001","Pekarna Slunce s.r.o. (mock)","99820001","CZ","WH01","DC Praha-Jinonice (mock)","A-CHLEB","PRG-C005-PAT",300,300,1,7,522,223,32.92,6.43,12,9210.17,10315.39,5992.23,3217.94,21,"ceka_na_splatnost","dodano",false,"","patek",false,true,5.6,0,-5,""
"TX-2025-000985","FV-2025-000985","ORD-2025-000985","2025-12-25T14:09:00","2025-12-26T09:33:00","2025-12-26","C006","Rohlik.cz Mock a.s.","ecommerce","99910006","CZ99910006","Praha","Hlavni mesto Praha","18600",50.1008,14.4749,"API_B2B","platinum","P007","PEC-CRO-065","Croissant maslovy 65 g","jemne_pecivo","maslovy","ks",24,3,"LOT-20251226-S004-863","S004","Danube Bakery SK s.r.o. (mock)","99820004","SK","WH01","DC Praha-Jinonice (mock)","C-JEMNE","PRG-C006-PAT",240,240,5,0,307,72,19.54,21.08,12,3623.93,4058.8,2973.61,650.32,14,"ceka_na_splatnost","dodano",true,"Vanocni peceni","patek",false,true,1.1,4.2,-2,""
"TX-2025-000986","FV-2025-000986","ORD-2025-000986","2025-12-25T17:30:00","2025-12-26T08:56:00","2025-12-26","C010","Kavarny KafeKruh s.r.o. (mock)","horeca","99910010","CZ99910010","Plzen","Plzensky kraj","30100",49.7384,13.3736,"B2B_eshop","silver","P005","PEC-CHL-750-ZIT","Chleb zitny kvaskovy 750 g","chleb","kvaskovy","ks",10,5,"LOT-20251226-S002-113","S002","Moravske pecivo a.s. (mock)","99820002","CZ","WH01","DC Praha-Jinonice (mock)","A-CHLEB","PRG-C010-PAT",30,30,0,0,58,28,55.15,15.08,12,1405,1573.6,1000.2,404.8,14,"uhrazeno","dodano",true,"Vanocni peceni","patek",false,true,-0.4,0,3,""
"TX-2025-000987","FV-2025-000987","ORD-2025-000987","2025-12-24T10:59:00","2025-12-27T08:13:00","2025-12-27","C001","LIDL Mock CR s.r.o.","retail_retezec","99910001","CZ99910001","Praha","Hlavni mesto Praha","15800",50.0525,14.3254,"EDI","platinum","P003","PEC-KAI-060","Kaiserka sezamova 60 g","bezne_pecivo","sezam","ks",35,2,"LOT-20251227-S001-358","S001","Pekarna Slunce s.r.o. (mock)","99820001","CZ","WH01","DC Praha-Jinonice (mock)","B-BEZNE","PRG-C001-SOB",1785,1785,0,0,2434,649,8.16,21.04,12,11501,12881.12,8287.14,3213.86,30,"ceka_na_splatnost","dodano",true,"Vanocni peceni","sobota",true,false,1.6,0,-5,""
"TX-2025-000988","FV-2025-000988","ORD-2025-000988","2025-12-24T17:35:00","2025-12-27T09:17:00","2025-12-27","C004","TESCO Mock Stores CR a.s.","retail_retezec","99910004","CZ99910004","Ostrava","Moravskoslezsky kraj","70030",49.7854,18.2741,"EDI","gold","P001","PEC-ROH-043","Rohlik tukovy 43 g","bezne_pecivo","klasicky","ks",50,1,"LOT-20251227-S003-304","S003","Slezska pekarna s.r.o. (mock)","99820003","CZ","WH03","DC Ostrava-Hrabova (mock)","B-BEZNE","OVA-C004-SOB",2300,2300,0,0,3082,782,3.27,17.87,12,6177,6918.24,4486.69,1690.31,30,"uhrazeno","dodano",true,"Vanocni peceni","sobota",true,false,-1.3,0,-1,""
"TX-2025-000989","FV-2025-000989","ORD-2025-000989","2025-12-25T14:10:00","2025-12-27T08:02:00","2025-12-27","C012","Restaurace U Tri pecnu s.r.o. (mock)","horeca","99910012","CZ99910012","Ceske Budejovice","Jihocesky kraj","37001",48.9745,14.4743,"obchodni_zastupce","standard","P009","PEC-VEC-360","Veka tukova 360 g","chleb","klasicka","ks",14,3,"LOT-20251227-S002-109","S002","Moravske pecivo a.s. (mock)","99820002","CZ","WH01","DC Praha-Jinonice (mock)","A-CHLEB","PRG-C012-SOB",28,28,0,0,68,40,30.24,2.28,12,827.41,926.7,471.11,356.3,14,"ceka_na_splatnost","dodano",false,"","sobota",true,false,-4.2,1.2,13,""
"TX-2025-000990","FV-2025-000990","ORD-2025-000990","2025-12-27T17:44:00","2025-12-29T10:06:00","2025-12-29","C001","LIDL Mock CR s.r.o.","retail_retezec","99910001","CZ99910001","Praha","Hlavni mesto Praha","15800",50.0525,14.3254,"EDI","platinum","P006","PEC-BAG-110","Bageta bila 110 g","bezne_pecivo","bila","ks",25,2,"LOT-20251229-S001-395","S001","Pekarna Slunce s.r.o. (mock)","99820001","CZ","WH01","DC Praha-Jinonice (mock)","B-BEZNE","PRG-C001-PON",1125,1125,12,22,2521,1408,13.21,8.62,12,13435.35,15047.59,8115.81,5319.54,30,"ceka_na_splatnost","dodano",false,"","pondeli",false,false,0.6,3.9,15,""
"TX-2025-000991","FV-2025-000991","ORD-2025-000991","2025-12-26T12:22:00","2025-12-29T05:15:00","2025-12-29","C003","KAUFLAND Mock CR v.o.s.","retail_retezec","99910003","CZ99910003","Brno","Jihomoravsky kraj","62700",49.1678,16.6827,"EDI","platinum","P003","PEC-KAI-060","Kaiserka sezamova 60 g","bezne_pecivo","sezam","ks",35,2,"LOT-20251229-S003-580","S003","Slezska pekarna s.r.o. (mock)","99820003","CZ","WH02","DC Brno-Slatina (mock)","B-BEZNE","BRN-C003-PON",1505,1505,0,0,1866,361,8.18,20.36,12,9804.4,10980.93,6855.12,2949.28,30,"ceka_na_splatnost","dodano",true,"Vanocni peceni","pondeli",false,false,5.5,0,-5,""
"TX-2025-000992","FV-2025-000992","ORD-2025-000992","2025-12-27T13:15:00","2025-12-29T06:32:00","2025-12-29","C006","Rohlik.cz Mock a.s.","ecommerce","99910006","CZ99910006","Praha","Hlavni mesto Praha","18600",50.1008,14.4749,"API_B2B","platinum","P005","PEC-CHL-750-ZIT","Chleb zitny kvaskovy 750 g","chleb","kvaskovy","ks",10,5,"LOT-20251229-S004-590","S004","Danube Bakery SK s.r.o. (mock)","99820004","SK","WH01","DC Praha-Jinonice (mock)","A-CHLEB","PRG-C006-PON",70,70,0,1,135,65,56.9,8.25,12,3654.4,4092.93,2378.86,1275.54,14,"ceka_na_splatnost","dodano",false,"","pondeli",false,false,0.5,0,-15,"prioritni vykladka"
"TX-2025-000993","FV-2025-000993","ORD-2025-000993","2025-12-26T15:06:00","2025-12-29T10:13:00","2025-12-29","C007","MAKRO Mock Cash & Carry CR s.r.o.","velkoobchod","99910007","CZ99910007","Praha","Hlavni mesto Praha","25242",49.9971,14.4291,"EDI","gold","P004","PEC-CHL-500","Chleb konzumentni 500 g","chleb","psenicno-zitny","ks",12,4,"LOT-20251229-S003-443","S003","Slezska pekarna s.r.o. (mock)","99820003","CZ","WH01","DC Praha-Jinonice (mock)","A-CHLEB","PRG-C007-PON",216,216,0,5,312,96,32.51,5.62,12,6627.51,7422.81,4370.73,2256.78,21,"uhrazeno","dodano",false,"","pondeli",false,false,-4.2,0,0,"prioritni vykladka"
"TX-2025-000994","FV-2025-000994","ORD-2025-000994","2025-12-28T11:55:00","2025-12-30T04:07:00","2025-12-30","C002","ALBERT Mock Retail s.r.o.","retail_retezec","99910002","CZ99910002","Praha","Hlavni mesto Praha","10000",50.0724,14.4907,"EDI","platinum","P001","PEC-ROH-043","Rohlik tukovy 43 g","bezne_pecivo","klasicky","ks",50,1,"LOT-20251230-S003-763","S003","Slezska pekarna s.r.o. (mock)","99820003","CZ","WH01","DC Praha-Jinonice (mock)","B-BEZNE","PRG-C002-UTE",1900,1900,0,5,4682,2782,3.3,8.55,12,5733.92,6421.99,3613.52,2120.4,30,"uhrazeno","dodano",false,"","utery",false,false,0.3,0,-9,""
"TX-2025-000995","FV-2025-000995","ORD-2025-000995","2025-12-28T10:58:00","2025-12-30T07:45:00","2025-12-30","C005","PENNY Mock Market s.r.o.","retail_retezec","99910005","CZ99910005","Radonice","Stredocesky kraj","25073",50.1437,14.6077,"EDI","gold","P006","PEC-BAG-110","Bageta bila 110 g","bezne_pecivo","bila","ks",25,2,"LOT-20251230-S003-823","S003","Slezska pekarna s.r.o. (mock)","99820003","CZ","WH01","DC Praha-Jinonice (mock)","B-BEZNE","PRG-C005-UTE",725,725,0,11,1314,589,13.1,17.58,12,7827.84,8767.18,5237.13,2590.71,21,"uhrazeno","dodano",true,"Vanocni peceni","utery",false,false,-2.8,4.6,-10,""
"TX-2025-000996","FV-2025-000996","ORD-2025-000996","2025-12-27T15:40:00","2025-12-30T09:45:00","2025-12-30","C009","Skolni jidelna Javor (mock)","verejny_sektor","99910009","CZ99910009","Olomouc","Olomoucky kraj","77900",49.5938,17.2509,"email","standard","P005","PEC-CHL-750-ZIT","Chleb zitny kvaskovy 750 g","chleb","kvaskovy","ks",10,5,"LOT-20251230-S004-306","S004","Danube Bakery SK s.r.o. (mock)","99820004","SK","WH02","DC Brno-Slatina (mock)","A-CHLEB","BRN-C009-UTE",50,50,0,1,124,74,55.51,2.53,12,2705.28,3029.91,1682.87,1022.41,14,"uhrazeno","dodano",false,"","utery",false,false,5.2,0,-15,""
"TX-2025-000997","FV-2025-000997","ORD-2025-000997","2025-12-28T08:29:00","2025-12-31T09:05:00","2025-12-31","C001","LIDL Mock CR s.r.o.","retail_retezec","99910001","CZ99910001","Praha","Hlavni mesto Praha","15800",50.0525,14.3254,"EDI","platinum","P007","PEC-CRO-065","Croissant maslovy 65 g","jemne_pecivo","maslovy","ks",24,3,"LOT-20251231-S002-298","S002","Moravske pecivo a.s. (mock)","99820002","CZ","WH01","DC Praha-Jinonice (mock)","C-JEMNE","PRG-C001-STR",960,960,0,22,1585,625,19.54,8.05,12,17248.35,19318.15,12032.48,5215.87,30,"ceka_na_splatnost","dodano",false,"","streda",false,false,4.3,0.8,-12,""
"TX-2025-000998","FV-2025-000998","ORD-2025-000998","2025-12-29T10:53:00","2025-12-31T09:06:00","2025-12-31","C004","TESCO Mock Stores CR a.s.","retail_retezec","99910004","CZ99910004","Ostrava","Moravskoslezsky kraj","70030",49.7854,18.2741,"EDI","gold","P006","PEC-BAG-110","Bageta bila 110 g","bezne_pecivo","bila","ks",25,2,"LOT-20251231-S003-371","S003","Slezska pekarna s.r.o. (mock)","99820003","CZ","WH03","DC Ostrava-Hrabova (mock)","B-BEZNE","OVA-C004-STR",575,575,0,15,930,355,13.41,6.28,12,7226.51,8093.69,4163.76,3062.75,30,"ceka_na_splatnost","dodano",false,"","streda",false,false,0.4,0,-14,""
"TX-2025-000999","FV-2025-000999","ORD-2025-000999","2025-12-30T12:22:00","2025-12-31T06:52:00","2025-12-31","C006","Rohlik.cz Mock a.s.","ecommerce","99910006","CZ99910006","Praha","Hlavni mesto Praha","18600",50.1008,14.4749,"API_B2B","platinum","P007","PEC-CRO-065","Croissant maslovy 65 g","jemne_pecivo","maslovy","ks",24,3,"LOT-20251231-S002-518","S002","Moravske pecivo a.s. (mock)","99820002","CZ","WH01","DC Praha-Jinonice (mock)","C-JEMNE","PRG-C006-STR",168,168,1,0,439,272,19.46,8.39,12,2977.16,3334.42,2073.93,903.23,14,"ceka_na_splatnost","dodano",false,"","streda",false,false,2.7,0,-15,""
"TX-2025-001000","FV-2025-001000","ORD-2025-001000","2025-12-28T14:58:00","2025-12-31T05:23:00","2025-12-31","C011","Fakultni nemocnice Demo (mock)","verejny_sektor","99910011","CZ99910011","Hradec Kralove","Kralovehradecky kraj","50005",50.1956,15.8328,"email","silver","P005","PEC-CHL-750-ZIT","Chleb zitny kvaskovy 750 g","chleb","kvaskovy","ks",10,5,"LOT-20251231-S002-905","S002","Moravske pecivo a.s. (mock)","99820002","CZ","WH01","DC Praha-Jinonice (mock)","A-CHLEB","PRG-C011-STR",80,80,2,0,167,89,56.59,3.32,12,4267.47,4779.57,2568.26,1699.21,30,"uhrazeno","dodano",false,"","streda",false,false,1.8,0,12,"kontrola mnozstvi pri prevzeti"
